32349,101.288541,-16.713143,-1.44,0.009,-546.01,-1223.08
30438,95.987878,-52.695718,-0.62,0.164,19.99,23.67
69673,213.918114,19.187270,-0.05,1.239,-1093.45,-1999.40
71683,219.920410,-60.835147,-0.01,0.710,-3678.19,481.84
91262,279.234108,38.782993,0.03,-0.001,201.02,287.46
24608,79.172065,45.999029,0.08,0.795,75.52,-427.13
24436,78.634464,-8.201639,0.18,-0.030,1.87,-0.56
37279,114.827242,5.227508,0.40,0.432,-716.57,-1034.58
7588,24.428132,-57.236660,0.45,-0.158,88.02,-40.08
27989,88.792872,7.407036,0.45,1.500,27.33,10.86
68702,210.956019,-60.372978,0.61,-0.231,-33.96,-25.06
97649,297.694509,8.867385,0.76,0.221,536.82,385.54
60718,186.649756,-63.099056,0.77,-0.243,-35.37,-14.73
21421,68.980002,16.509762,0.87,1.538,62.78,-189.36
65474,201.298352,-11.161245,0.98,-0.235,-42.50,-31.73
80763,247.351948,-26.431946,1.06,1.865,-10.16,-23.21
37826,116.330683,28.026310,1.16,0.991,-625.69,-45.95
113368,344.411773,-29.621837,1.17,0.145,329.22,-164.22
62434,191.930495,-59.688732,1.25,-0.238,-48.24,-12.82
102098,310.357973,45.280334,1.25,0.092,1.56,1.55
71681,219.914128,-60.839471,1.35,0.900,-3600.35,952.11
49669,152.093581,11.967195,1.36,-0.087,-249.40,4.91
33579,104.656445,-28.972089,1.50,-0.211,2.63,2.29
36850,113.650019,31.888636,1.58,0.034,-206.33,-148.18
61084,187.791372,-57.112569,1.59,1.600,27.94,-264.33
85927,263.402194,-37.103748,1.62,-0.231,-8.90,-29.95
25336,81.282784,6.349735,1.64,-0.224,-8.75,-13.28
25428,81.572908,28.607873,1.65,-0.130,23.28,-174.22
45238,138.301003,-69.717472,1.67,0.070,-157.66,108.91
26311,84.053386,-1.201917,1.69,-0.184,1.49,-1.06
109268,332.057818,-46.960616,1.73,-0.070,127.60,-147.91
26727,85.189687,-1.942578,1.74,-0.199,3.99,2.54
39953,122.383147,-47.336612,1.75,-0.145,-5.93,9.90
62956,193.506804,55.959843,1.76,-0.022,111.74,-8.99
15863,51.080619,49.861243,1.79,0.481,24.11,-26.01
90185,276.043110,-34.384315,1.79,-0.031,-39.61,-124.05
54061,165.932654,61.751119,1.81,1.061,-136.46,-35.25
34444,107.097859,-26.393208,1.83,0.671,-2.75,3.33
67301,206.885609,49.313303,1.85,-0.099,-121.23,-15.56
41037,125.628603,-59.509538,1.86,1.196,-25.34,22.72
86228,264.329691,-42.997822,1.86,0.406,6.06,-0.95
28360,89.882373,44.947435,1.90,0.077,-56.41,-0.88
82273,252.166107,-69.027635,1.91,1.447,17.85,-32.92
31681,99.427926,16.399415,1.93,0.001,-2.04,-66.92
42913,131.175822,-54.708568,1.93,0.043,28.78,-104.14
100751,306.411873,-56.734881,1.94,-0.118,7.71,-86.15
11767,37.946147,89.264138,1.97,0.636,44.22,-11.74
30324,95.674948,-17.955917,1.98,-0.240,-3.45,-0.47
46390,141.896883,-8.658683,1.99,1.440,-14.49,33.25
9884,31.792858,23.462777,2.01,1.151,190.73,-145.77
50583,154.992341,19.841860,2.01,1.128,310.77,-152.88
3419,10.896785,-17.986684,2.04,1.019,232.79,32.71
92855,283.816320,-26.296594,2.05,-0.134,13.87,-52.65
68933,211.672186,-36.368696,2.06,1.011,-519.29,-517.87
677,2.096533,29.090828,2.07,-0.038,135.68,-162.95
5447,17.432490,35.620830,2.07,1.576,175.59,-112.23
27366,86.939116,-9.669602,2.07,-0.168,1.55,-1.20
72607,222.676648,74.155476,2.07,1.465,-32.29,11.91
112122,340.666395,-46.884566,2.07,1.610,135.68,-4.51
86032,263.733353,12.560576,2.08,0.155,110.08,-222.61
14576,47.042207,40.955651,2.09,-0.003,2.39,-1.44
9640,30.974663,42.329848,2.10,1.370,43.08,-50.85
57632,177.266160,14.572337,2.14,0.090,-499.02,-113.78
4427,14.177088,60.716750,2.15,-0.046,25.65,-3.82
61932,190.380021,-48.959886,2.20,-0.023,-187.28,-1.20
39429,120.896126,-40.003188,2.21,-0.269,-30.82,16.77
45556,139.272618,-59.275261,2.21,0.189,-19.03,13.11
76267,233.671623,26.714910,2.22,0.032,120.38,-89.44
44816,136.999071,-43.432624,2.23,1.665,-23.21,14.28
65378,200.980916,54.925415,2.23,0.057,121.23,-22.01
100453,305.557083,40.256681,2.23,0.673,2.43,-0.93
3179,10.126613,56.537409,2.24,1.170,50.36,-32.17
87833,269.151574,51.488951,2.24,1.521,-8.52,-23.05
25930,83.001666,-0.299093,2.25,-0.175,1.67,0.56
746,2.292040,59.150218,2.28,0.380,523.39,-180.42
66657,204.971970,-53.466363,2.29,-0.171,-14.60,-12.79
78401,240.083382,-22.621620,2.29,-0.117,-8.67,-36.90
82396,252.542687,-34.292610,2.29,1.144,-611.83,-255.87
71860,220.482391,-47.388141,2.30,-0.154,-21.15,-24.22
71352,218.876882,-42.157746,2.33,-0.157,-35.31,-32.44
53910,165.459961,56.382345,2.34,0.033,81.66,33.74
72105,221.246879,27.074174,2.35,0.966,-50.65,20.00
107315,326.046418,9.875008,2.38,1.520,30.02,1.38
86670,265.621999,-39.029921,2.39,-0.171,-6.49,-25.55
2081,6.570281,-42.305122,2.40,1.083,232.76,-353.64
58001,178.457255,53.694733,2.41,0.044,107.76,11.16
84012,257.594427,-15.725148,2.43,0.059,41.16,97.65
113881,345.943056,28.082455,2.44,1.655,187.76,137.61
35904,111.023771,-29.303120,2.45,-0.083,-3.76,6.66
105199,319.644090,62.585455,2.45,0.257,149.91,48.27
45941,140.528455,-55.010695,2.47,-0.141,-10.72,11.24
102488,311.551801,33.969453,2.48,1.021,356.16,330.28
113963,346.190070,15.205368,2.49,-0.002,61.10,-42.56
14135,45.569913,4.089925,2.54,1.630,-11.81,-78.76
81377,249.289708,-10.567152,2.54,0.038,13.07,25.44
68002,208.885145,-47.288266,2.55,-0.176,-57.14,-44.75
54872,168.526717,20.524034,2.56,0.128,143.31,-130.43
78820,241.359312,-19.805393,2.56,-0.065,-6.75,-24.89
25985,83.182558,-17.822292,2.58,0.211,3.27,1.54
59196,182.089765,-50.722410,2.58,-0.128,-47.53,-6.42
59803,183.951949,-17.541984,2.58,-0.107,-159.58,22.31
93506,285.653014,-29.880114,2.60,0.062,-14.10,3.66
74785,229.251966,-9.382867,2.61,-0.071,-96.39,-20.76
77070,236.066649,6.425520,2.63,1.167,134.66,44.14
8903,28.659788,20.808299,2.64,0.165,96.32,-108.80
26634,84.912250,-34.074049,2.65,-0.120,-0.10,-24.05
28380,89.930159,37.212764,2.65,-0.083,42.09,-73.61
61359,188.596809,-23.396623,2.65,0.893,0.86,-56.00
6686,21.452513,60.235403,2.66,0.160,297.24,-49.49
67927,208.671317,18.398587,2.68,0.580,-60.95,-358.10
73273,224.633142,-43.133867,2.68,-0.184,-34.06,-38.30
23015,74.248401,33.166135,2.69,1.490,3.63,-18.54
52727,161.692175,-49.420125,2.69,0.901,62.55,-53.57
61585,189.296182,-69.135534,2.69,-0.176,-39.87,-12.44
85696,262.690995,-37.295740,2.70,-0.179,-4.19,-29.14
35264,109.285684,-37.097487,2.71,1.616,-10.57,7.00
89931,275.248423,-29.828039,2.72,1.380,29.96,-26.38
97278,296.564876,10.613269,2.72,1.507,15.72,-3.08
79593,243.586526,-3.693976,2.73,1.584,-45.83,-142.91
80331,245.997945,61.514075,2.73,0.910,-16.98,56.68
52419,160.739278,-64.394479,2.74,-0.220,-18.87,12.06
61941,190.416676,-1.449522,2.74,0.368,-616.66,60.66
26241,83.858255,-5.909900,2.75,-0.210,2.27,-0.62
65109,200.150273,-36.712081,2.75,0.068,-340.76,-87.98
72622,222.719905,-16.041610,2.75,0.147,-105.69,-69.00
86742,265.868237,4.566917,2.76,1.168,-40.67,158.80
23875,76.962641,-5.086263,2.78,0.161,-83.39,-75.44
80816,247.555257,21.489649,2.78,0.947,-98.43,-14.49
84345,258.661927,14.390253,2.78,1.164,-6.71,32.78
59747,183.786487,-58.748902,2.79,-0.193,-36.68,-10.72
85670,262.608237,52.301359,2.79,0.954,-15.59,11.57
76297,233.785252,-41.166695,2.80,-0.216,-16.05,-25.52
25606,82.061360,-20.759232,2.81,0.807,-5.03,-85.92
81693,250.322821,31.601887,2.81,0.650,-462.58,345.05
2021,6.413342,-77.255035,2.82,0.618,2220.12,324.37
81266,248.970664,-28.215962,2.82,-0.206,-8.59,-22.50
90496,276.992790,-25.421247,2.82,1.025,-44.81,-186.29
1067,3.308958,15.183616,2.83,-0.190,4.70,-8.24
39757,121.886259,-24.304437,2.83,0.458,-83.29,46.38
77952,238.786700,-63.429750,2.83,0.315,-188.45,-401.92
18246,58.532994,31.883658,2.84,0.271,4.41,-9.15
85258,261.324988,-55.529824,2.84,1.479,-8.23,-24.71
85792,262.960507,-49.875982,2.84,-0.136,-31.27,-67.15
17702,56.871101,24.105242,2.85,-0.086,19.35,-43.11
63608,195.544836,10.959102,2.85,0.934,-275.05,19.96
107556,326.759522,-16.126566,2.85,0.180,263.26,-296.23
9236,29.691133,-61.569924,2.86,0.290,262.54,26.88
97165,296.243509,45.130692,2.86,-0.002,43.22,48.44
30343,95.739963,22.513850,2.87,1.621,56.84,-108.79
74946,229.727870,-68.679467,2.87,0.014,-66.48,-32.00
110130,334.625743,-60.259495,2.87,1.390,-71.48,-38.15
13847,44.565482,-40.304735,2.88,0.128,-53.53,25.71
94141,287.440974,-21.023525,2.88,0.377,-1.17,-36.83
36188,111.787801,8.289409,2.89,-0.097,-50.28,-38.45
63125,194.007671,38.318246,2.89,-0.115,-233.43,54.98
78265,239.713003,-26.114043,2.89,-0.180,-12.00,-25.71
18532,59.463421,40.010273,2.90,-0.199,12.61,-24.06
80112,245.297177,-25.592753,2.90,0.299,-10.03,-18.03
106278,322.889670,-5.571156,2.90,0.828,22.79,-6.70
14328,46.199126,53.506450,2.91,0.716,0.50,-4.19
48002,146.775573,-65.072019,2.92,0.273,-11.55,4.97
112158,340.750536,30.221309,2.93,0.852,13.11,-26.11
32768,102.483903,-50.614400,2.94,1.207,34.23,-65.85
60965,187.466597,-16.515094,2.94,-0.012,-209.97,-139.30
109074,331.445939,-0.319827,2.95,0.969,17.90,-9.93
18543,59.507209,-13.508245,2.97,1.588,60.51,-111.34
26451,84.411184,21.142593,2.97,-0.148,2.39,-18.04
47908,146.462927,23.774278,2.97,0.808,-46.09,-9.57
88635,271.452186,-30.423650,2.98,0.981,-55.75,-181.53
64962,199.730222,-23.171412,2.99,0.920,68.41,-41.09
87073,266.896171,-40.126982,2.99,0.509,0.44,-6.40
93747,286.352552,13.863710,2.99,0.014,-7.04,-95.31
10064,32.385504,34.987392,3.00,0.140,148.78,-39.13
54539,167.416081,44.498553,3.00,1.144,-62.35,-27.38
75097,230.182288,71.833973,3.00,0.058,-18.03,17.68
82514,252.967662,-38.047327,3.00,-0.200,-8.84,-21.60
108085,328.481892,-37.364823,3.00,-0.084,95.88,-12.10
17358,55.731175,47.787653,3.01,-0.125,23.83,-41.93
30122,95.078280,-30.063377,3.02,-0.160,8.00,3.81
33977,105.756140,-23.833301,3.02,-0.077,-1.56,4.28
59316,182.531358,-22.619792,3.02,1.326,-71.52,10.55
23416,75.492225,43.823314,3.03,0.537,0.18,-2.31
62322,191.570290,-68.108094,3.04,-0.178,-40.40,-10.32
71075,218.019824,38.307883,3.04,0.191,-115.55,151.87
95947,292.680355,27.959695,3.05,1.088,-7.09,-5.63
100345,305.252693,-14.781401,3.05,0.790,48.42,14.00
32246,100.983041,25.131155,3.06,1.377,-5.93,-12.81
50801,155.582514,41.499434,3.06,1.603,-80.47,34.10
94376,288.138146,67.661317,3.07,0.990,94.49,92.30
89642,274.407205,-36.761281,3.10,1.582,-129.27,-166.61
43813,133.848687,5.945528,3.11,0.978,-99.76,14.65
52943,162.405967,-16.194132,3.11,1.232,92.77,199.02
56561,173.945534,-63.019825,3.11,-0.044,-33.84,-6.87
101772,309.391624,-47.291662,3.11,0.998,49.20,66.07
27628,87.739803,-35.769292,3.12,1.146,55.74,404.68
44127,134.803495,48.042350,3.12,0.223,-441.12,-215.21
83081,254.655128,-55.990055,3.12,1.552,-18.31,-35.29
84379,258.758017,24.839587,3.12,0.080,-21.14,-157.68
73334,224.790413,-42.104142,3.13,-0.208,-17.76,-21.33
45860,140.264412,34.392526,3.14,1.550,-222.80,14.78
46701,142.805641,-57.034392,3.16,1.538,-32.58,6.08
84380,258.761893,36.809155,3.16,1.437,-27.35,2.70
31685,99.440299,-43.195924,3.17,-0.103,-0.43,-3.99
46853,143.218022,51.678602,3.17,0.475,-947.06,-535.60
83895,257.196771,65.714637,3.17,-0.120,-20.76,19.15
92041,281.413971,-26.990779,3.17,-0.107,51.15,0.45
23767,76.628621,41.234641,3.18,-0.148,30.60,-68.41
71908,220.627854,-64.974570,3.18,0.256,-192.64,-234.07
22449,72.458909,6.961247,3.19,0.484,463.44,11.62
23685,76.365217,-22.370857,3.19,1.460,19.27,-72.35
83000,254.417794,9.375056,3.19,1.160,-293.03,-9.70
87261,267.464380,-37.043371,3.19,1.192,42.09,27.77
104732,318.234090,30.227081,3.21,0.990,6.87,-68.12
116727,354.837425,77.631967,3.21,1.031,-48.85,127.18
75141,230.343068,-40.647459,3.22,-0.227,-19.11,-24.05
79882,244.580170,-4.692608,3.23,0.966,82.39,40.08
89962,275.328836,-2.897122,3.23,0.941,-547.57,-700.72
106032,322.164896,70.560695,3.23,-0.201,12.60,8.73
32607,102.048071,-61.941980,3.24,0.225,-68.39,242.03
99473,302.826103,-0.821476,3.24,-0.066,35.48,6.05
36377,112.307826,-43.301891,3.25,1.509,-59.86,188.73
68895,211.592787,-26.682019,3.25,1.091,43.05,-140.82
73714,226.017758,-25.281856,3.25,1.674,-71.85,-44.69
93194,284.735936,32.689553,3.25,-0.049,-2.76,1.77
17678,56.809298,-74.239243,3.26,1.590,51.07,115.27
3092,9.831656,30.861226,3.27,1.268,115.38,-83.05
84970,260.502434,-24.999488,3.27,-0.186,-8.84,-23.64
113136,343.662664,-15.820760,3.27,0.066,-44.08,-24.81
24305,78.232805,-16.205429,3.29,-0.110,45.66,-16.13
50099,153.434496,-70.037922,3.29,-0.074,-35.73,7.55
75458,231.232434,58.966024,3.29,1.166,-8.27,17.30
21281,68.498827,-55.045006,3.30,-0.079,58.06,12.73
51576,158.006182,-61.685360,3.30,-0.089,-16.59,11.42
29655,93.719570,22.506824,3.31,1.600,-62.53,-10.24
85267,261.348583,-56.377688,3.31,-0.150,-0.77,-15.85
5165,16.521277,-46.718490,3.32,0.885,-70.16,31.60
14354,46.293738,38.840533,3.32,1.528,128.69,-106.61
59774,183.856038,57.032598,3.32,0.077,103.56,7.81
84143,258.038233,-43.238490,3.32,0.441,22.01,-287.41
88048,269.756657,-9.773350,3.32,0.987,-10.31,-116.12
93864,286.735176,-27.669814,3.32,1.169,-50.79,-250.51
19780,63.605963,-62.473979,3.33,0.915,41.64,49.72
54879,168.560170,15.429763,3.33,-0.003,-59.01,-79.37
38170,117.323578,-24.859784,3.34,1.218,-5.56,-0.71
8886,28.598681,63.670147,3.35,-0.150,31.98,-18.66
25281,81.119238,-2.397138,3.35,-0.240,-0.54,-3.21
32362,101.322640,12.896055,3.35,0.443,-115.16,-190.91
41704,127.566792,60.718431,3.35,0.856,-134.31,-107.73
95501,291.373969,3.114579,3.36,0.319,253.06,80.67
75264,230.670365,-44.689573,3.37,-0.191,-20.25,-20.13
43109,131.694359,6.418907,3.38,0.685,-231.04,-40.17
66249,203.673978,-0.595938,3.38,0.114,-278.89,48.56
26207,83.784490,9.934163,3.39,-0.160,-1.03,-1.86
50371,154.270855,-61.332320,3.39,1.541,-24.25,6.38
63090,193.902014,3.397599,3.39,1.571,-471.44,-52.81
109492,332.713591,58.201250,3.39,1.558,13.35,4.49
20894,67.165312,15.870947,3.40,0.179,108.66,-26.39
6867,22.091424,-43.317729,3.41,1.542,-18.21,-207.71
18724,60.170086,12.490376,3.41,-0.099,-8.15,-11.98
67464,207.376239,-41.687660,3.41,-0.225,-26.01,-20.38
74395,228.071680,-52.099075,3.41,0.918,-113.94,-71.00
102422,311.321953,61.836794,3.41,0.912,86.08,817.89
112029,340.365312,10.831391,3.41,-0.086,77.38,-10.98
8796,28.270416,29.579397,3.42,0.488,12.02,-233.69
78384,240.030585,-38.396641,3.42,-0.206,-16.58,-27.06
86974,266.615496,27.722499,3.42,0.750,-291.42,-750.00
102395,311.239815,-66.203238,3.42,0.163,-42.40,10.57
45080,137.742105,-58.966930,3.43,-0.190,-17.67,14.14
50335,154.172518,23.417328,3.43,0.307,19.84,-7.30
93805,286.562291,-4.882335,3.43,-0.096,-19.68,-90.37
50372,154.274696,42.914469,3.45,0.029,-170.11,-42.64
3821,12.271253,57.816548,3.46,0.587,1087.11,-559.65
5364,17.146932,-10.181928,3.46,1.161,215.81,-138.33
38827,119.194757,-52.982401,3.46,-0.177,-28.38,16.76
74666,228.875432,33.315102,3.46,0.961,84.84,-110.57
12706,40.825519,3.236172,3.47,0.093,-146.43,-145.27
67472,207.404199,-42.473685,3.47,-0.170,-23.85,-19.22
49583,151.833139,16.762666,3.48,-0.031,-1.94,-0.53
81833,250.723911,38.922461,3.48,0.916,35.58,-84.98
8102,26.021364,-15.939556,3.49,0.727,-1721.82,854.07
33856,105.429799,-27.934842,3.49,1.729,-6.01,4.64
55219,169.619814,33.094239,3.49,1.400,-26.61,27.51
73555,225.486638,40.390637,3.49,0.956,-40.20,-29.22
90422,276.743459,-45.968329,3.49,-0.179,-16.68,-53.33
112623,342.138321,-51.316704,3.49,0.083,108.47,-65.93
32759,102.460273,-32.508488,3.50,-0.116,-9.18,4.04
35550,110.030789,21.982339,3.50,0.374,-18.72,-7.76
112724,342.420467,66.200711,3.50,1.053,-66.10,-124.74
98337,299.689115,19.492093,3.51,1.571,64.37,22.58
112748,342.500418,24.601685,3.51,0.933,144.11,-43.44
17378,55.812317,-9.765199,3.52,0.915,-91.71,742.23
47508,145.287991,9.892399,3.52,0.516,-143.67,-37.45
48774,149.215645,-54.567797,3.52,-0.067,-13.13,2.83
92420,282.519975,33.362678,3.52,0.003,1.10,-4.46
93085,284.432416,-21.106624,3.52,1.151,34.91,-12.33
109427,332.549249,6.197789,3.52,0.086,281.96,31.23
20889,67.153889,19.180521,3.53,1.014,107.23,-36.77
40526,124.128951,9.185663,3.53,1.481,-46.80,-48.65
56343,173.251079,-31.857524,3.54,0.947,-209.09,-41.60
77516,237.405274,-3.430141,3.54,-0.036,-98.07,-27.41
86263,264.396772,-15.398408,3.54,0.262,-39.30,-61.27
20042,64.473411,-33.798331,3.55,-0.108,62.31,-6.75
27288,86.738957,-14.821947,3.55,0.104,-14.84,-1.18
69996,214.850970,-46.058084,3.55,-0.184,-12.81,-3.79
89937,275.259746,72.733698,3.55,0.489,531.08,-351.59
99240,302.174417,-66.179321,3.55,0.751,1210.29,-1130.34
1562,4.857013,-8.823829,3.56,1.214,-14.37,-37.84
10602,34.127085,-51.512111,3.56,-0.120,90.75,-21.90
55282,169.835511,-14.779044,3.56,1.112,-124.47,206.61
82545,253.083973,-38.017478,3.56,-0.210,-12.92,-23.80
37740,116.111952,24.398129,3.57,0.932,-22.45,-56.24
44471,135.906495,47.156659,3.57,0.007,-37.37,-55.39
71053,217.957741,30.371145,3.57,1.298,-100.44,120.22
75177,230.451819,-36.261167,3.57,1.534,-91.85,-86.03
35350,109.523362,16.540475,3.58,0.106,-46.09,-37.90
100064,304.513410,-12.544859,3.58,0.883,61.78,2.85
7607,24.497927,48.628486,3.59,1.275,60.90,-112.42
24674,79.401662,-6.844386,3.59,-0.115,-15.31,-9.57
27072,86.116562,-22.447487,3.59,0.481,-292.42,-368.45
57757,177.672026,1.765377,3.59,0.518,740.96,-271.18
60260,185.340880,-60.401370,3.59,1.389,-171.06,91.82
6537,21.006047,-8.182754,3.60,1.065,-78.38,-206.88
33018,103.197250,33.961370,3.60,0.102,-2.66,-47.67
42536,130.073372,-52.921973,3.60,-0.168,-24.62,35.09
46651,142.675471,-40.466888,3.60,0.371,-147.14,48.65
76470,234.256077,-28.135071,3.60,1.361,-13.26,-3.48
85727,262.774904,-60.683607,3.60,-0.104,-53.65,-99.37
13209,42.495789,27.260790,3.61,-0.100,65.47,-116.59
15900,51.203490,9.029065,3.61,0.887,-74.25,-80.31
49841,152.647488,-12.353839,3.61,1.007,-200.33,-100.28
63613,195.565740,-71.548799,3.61,1.190,263.58,-23.28
86929,266.433343,-64.723735,3.61,1.161,-11.08,-56.37
7097,22.870808,15.345831,3.62,0.974,25.73,-3.29
17847,57.290547,24.053524,3.62,-0.070,17.77,-44.70
37819,116.313766,-37.968598,3.62,1.706,-10.77,5.97
82729,253.646272,-42.360759,3.62,1.393,-126.55,-227.77
113726,345.480194,42.325979,3.62,-0.099,22.47,0.24
57363,176.402364,-66.728843,3.63,0.160,-100.42,33.21
101769,309.386957,14.595203,3.64,0.425,118.28,-47.65
20205,64.948058,15.627700,3.65,0.981,115.29,-23.86
46733,142.881540,63.061795,3.65,0.360,107.55,26.86
77233,236.546729,15.421926,3.65,0.073,68.54,-41.31
88714,271.657828,-50.091455,3.65,-0.101,-8.43,-9.26
110960,337.207502,-0.020063,3.65,0.406,191.32,37.47
75695,231.957716,29.105492,3.66,0.319,-181.39,86.84
76600,234.664102,-29.777689,3.66,-0.177,-22.10,-26.54
68756,211.097608,64.375809,3.67,-0.049,-56.52,17.19
103227,313.702415,-58.454095,3.67,1.250,21.06,-24.75
22549,72.801525,5.605101,3.68,-0.157,-3.62,1.03
42828,130.898115,-33.186411,3.68,-0.180,-14.28,10.60
97365,296.846938,18.534259,3.68,1.313,-4.58,11.10
114341,347.361509,-21.172486,3.68,1.202,55.99,31.25
2920,9.242779,53.896932,3.69,-0.196,17.77,-9.15
9007,28.986802,-51.609587,3.69,0.844,681.24,284.23
23453,75.619500,41.075890,3.69,1.154,8.88,-21.43
47854,146.311781,-62.507923,3.69,1.010,-12.88,8.28
57399,176.513059,47.779337,3.69,1.181,-138.38,28.37
106985,325.022259,-16.662253,3.69,0.320,187.39,-22.33
15474,49.879040,-21.757942,3.70,1.614,51.35,32.20
87933,269.440961,29.247925,3.70,0.935,82.33,-18.73
114971,349.289557,3.282245,3.70,0.916,760.35,17.96
22797,73.562899,2.440671,3.71,-0.179,1.43,0.23
28103,89.101326,-14.168038,3.71,0.337,-42.23,139.02
38414,118.054356,-40.575799,3.71,1.012,-13.89,5.30
77622,237.703713,4.477580,3.71,0.147,127.98,61.87
88771,271.837586,9.563653,3.71,0.159,-61.60,79.71
98036,298.828192,6.407933,3.71,0.855,46.35,-481.32
16537,53.235090,-9.458306,3.72,0.881,-976.44,17.97
17499,56.218848,24.113448,3.72,-0.105,21.55,-44.92
28358,89.881460,54.284982,3.72,1.010,86.31,-134.05
104060,316.232733,43.927851,3.72,1.609,8.60,0.35
16083,51.792170,9.732772,3.73,-0.082,53.61,-38.12
72220,221.562466,1.892938,3.73,-0.005,-116.04,-21.75
87585,268.381790,56.872452,3.73,1.177,93.65,78.44
107089,325.368638,-77.389462,3.73,1.008,64.83,-240.38
112961,343.153602,-7.579679,3.73,1.626,19.51,32.71
8645,27.865044,-10.334945,3.74,1.136,38.78,-38.04
80170,245.480182,19.153022,3.74,0.299,-47.44,44.61
104887,318.697278,38.044320,3.74,0.393,195.74,410.02
44511,136.038836,-47.097714,3.75,1.174,-46.82,-9.57
87108,266.973225,2.707459,3.75,0.043,-23.15,-75.12
26069,83.406318,-62.489856,3.76,0.640,1.06,12.56
27654,87.829803,-20.877514,3.76,0.984,228.96,-647.96
30867,97.204475,-7.033050,3.76,-0.113,-7.00,-4.97
93683,286.170558,-21.741355,3.76,1.012,76.26,-58.08
95853,292.426414,51.729467,3.76,0.148,20.92,128.12
111169,337.822399,50.282450,3.76,0.031,137.22,17.15
13268,42.674137,55.895530,3.77,1.690,16.64,-13.76
17529,56.298514,42.578544,3.77,0.425,-14.59,1.75
20455,65.733447,17.542584,3.77,0.983,107.75,-28.84
26549,84.686522,-2.600068,3.77,-0.190,4.61,-0.40
41312,126.434359,-66.136520,3.77,1.132,-35.83,-152.15
42570,130.156564,-46.648755,3.77,0.670,-6.30,4.29
82363,252.446298,-59.041316,3.77,1.562,39.59,-25.28
101958,309.909394,15.912053,3.77,-0.057,54.14,7.91
105881,321.666782,-22.411378,3.77,1.002,-2.61,18.88
109176,331.751977,25.345046,3.77,0.435,296.73,26.93
34481,107.186769,-70.499194,3.78,1.006,23.71,108.06
36046,111.431984,27.798286,3.78,1.024,-121.28,-84.43
48319,147.748715,59.039104,3.78,0.291,-294.45,-151.75
53253,163.373193,-58.853265,3.78,0.945,79.75,38.65
71795,220.287168,13.728331,3.78,0.044,52.36,-12.71
102618,311.918886,-9.495690,3.78,0.000,31.89,-35.32
14668,47.373455,44.857889,3.79,0.980,173.01,-142.05
53229,163.327666,34.215566,3.79,1.040,92.47,-286.06
14879,48.017833,-28.989106,3.80,0.543,371.49,612.26
37229,114.707839,-26.803892,3.80,-0.159,-17.00,23.08
76276,233.700793,10.538859,3.80,0.268,-72.63,3.17
94779,289.275458,53.368161,3.80,0.950,60.22,122.93
99675,303.407928,46.741324,3.80,1.270,4.20,1.87
21393,68.887799,-30.562310,3.81,0.957,-48.92,-12.75
51232,156.969771,-58.739409,3.81,0.317,-13.25,2.21
76952,235.685993,26.295514,3.81,0.020,-112.52,50.70
116584,354.390449,46.459176,3.81,0.984,159.22,-421.46
9487,30.511669,2.763760,3.82,0.024,33.29,-0.42
45688,139.711114,36.802898,3.82,0.066,-32.61,-123.78
56211,172.851202,69.331122,3.82,1.613,-41.14,-18.79
80883,247.728505,1.984101,3.82,0.022,-31.37,-73.00
86414,264.866218,46.006322,3.82,-0.179,-7.17,3.97
51069,156.522938,-16.836096,3.83,1.456,-128.51,-80.06
68245,209.567853,-42.100705,3.83,-0.224,-23.68,-19.82
72370,221.965526,-79.044712,3.83,1.433,-5.67,-15.75
17440,56.048145,-64.807094,3.84,1.133,308.39,78.72
17448,56.079693,32.288273,3.84,0.022,8.11,-10.32
20885,67.143468,15.962217,3.84,0.952,104.76,-15.01
43783,133.761924,-60.644712,3.84,-0.104,-28.18,42.24
51624,158.202813,9.306594,3.84,-0.148,-5.57,-3.59
51986,159.326070,-48.225616,3.84,0.300,-131.48,-1.58
61199,188.117129,-72.132976,3.84,-0.157,-50.59,-5.16
88794,271.885628,28.762470,3.84,-0.018,-0.17,7.51
89341,273.440870,-21.058830,3.84,0.195,1.72,-1.39
97433,297.042557,70.267835,3.84,0.888,80.18,39.02
19747,63.500339,-42.293873,3.85,1.085,41.89,-203.65
27321,86.821181,-51.066713,3.85,0.171,4.65,81.96
30277,95.528521,-33.436273,3.85,0.858,-24.19,-52.48
50191,153.684474,-42.122063,3.85,0.051,-150.68,49.84
61281,188.371010,69.788210,3.85,-0.116,-58.14,11.42
61622,189.426366,-48.541288,3.85,0.049,-186.61,-6.45
78072,239.112476,15.664733,3.85,0.478,311.20,-1282.17
90139,275.924028,21.770342,3.85,1.168,195.54,-242.92
91117,278.801824,-8.243308,3.85,1.317,-18.98,-314.63
4436,14.187907,38.499255,3.86,0.130,152.78,36.82
21594,69.545296,-14.303587,3.86,1.082,-77.86,-178.06
25859,82.803065,-35.470436,3.86,1.130,28.36,-34.11
79664,243.859442,-63.685649,3.86,1.105,3.51,-13.49
81065,248.364434,-78.896959,3.86,0.923,-125.68,-77.59
87808,269.063244,37.250522,3.86,1.350,2.74,7.24
110395,335.413750,-1.387353,3.86,-0.057,129.24,8.90
17573,56.456638,24.367858,3.87,-0.063,21.09,-45.03
43023,131.506895,-46.041539,3.87,0.015,-12.23,4.82
68282,209.669881,-44.803531,3.87,-0.208,-27.97,-21.69
71957,220.764843,-5.657429,3.87,0.385,104.23,-319.90
78104,239.221194,-29.214012,3.87,-0.199,-15.20,-25.10
97804,298.118183,1.005678,3.87,0.630,6.94,-7.30
765,2.352249,-45.746988,3.88,1.013,122.15,-180.13
8832,28.382355,19.294093,3.88,-0.047,79.43,-99.10
48455,148.191490,26.007085,3.88,1.222,-216.29,-54.92
74376,227.984004,-48.737702,3.88,-0.029,-96.52,-47.97
114421,347.589283,-45.246647,3.88,0.998,132.42,-26.27
13701,44.106682,-8.897610,3.89,1.088,77.73,-219.99
33152,103.533145,-24.184223,3.89,1.740,-3.46,5.02
45336,138.590805,2.315024,3.89,-0.060,112.57,-306.07
60129,184.976631,-0.666747,3.89,0.026,-59.14,-23.13
98110,299.076651,35.083491,3.89,1.019,-34.00,-27.60
47431,144.963892,-1.142657,3.90,1.313,47.81,-62.92
55425,170.251843,-54.491014,3.90,-0.157,-35.32,-2.20
65936,202.761119,-39.407280,3.90,1.186,-15.65,-11.25
18907,60.789070,5.989309,3.91,0.032,5.52,-1.63
41307,126.415295,-3.906365,3.91,-0.012,-66.05,-24.20
60823,187.010048,-50.230605,3.91,-0.192,-32.49,-12.41
73807,226.279607,-47.051194,3.91,-0.144,-23.39,-21.11
76333,233.881414,-14.789554,3.91,1.007,65.67,6.93
79992,244.935200,46.313271,3.91,-0.151,-13.15,39.31
83207,255.072526,30.926339,3.92,-0.018,-47.68,26.89
95168,290.418230,-17.847252,3.92,0.228,-26.95,22.24
104987,318.955820,5.248074,3.92,0.549,59.63,-94.33
2072,6.550484,-43.679909,3.93,0.175,106.14,32.83
7083,22.812423,-49.073077,3.93,0.972,138.22,154.20
13531,43.564427,52.762490,3.93,0.758,-1.99,-4.53
21444,69.079752,-3.352448,3.93,-0.210,1.73,-4.54
37504,115.454983,-72.606135,3.93,1.033,33.38,15.29
54463,167.147482,-58.975042,3.93,1.225,-5.03,2.09
78933,241.701802,-20.669135,3.93,-0.046,-10.55,-23.73
88192,270.161315,2.931588,3.93,0.029,0.41,-8.22
5348,17.096084,-55.245832,3.94,-0.120,21.17,29.70
37447,115.311986,-9.551083,3.94,1.022,-74.80,-19.64
37677,115.951967,-28.954835,3.94,0.160,-4.57,3.88
42911,131.171292,18.154864,3.94,1.083,-17.10,-228.46
103413,314.293382,41.167194,3.94,0.027,8.51,-23.97
9598,30.859126,72.421240,3.95,-0.002,-44.00,22.51
31592,99.170829,-19.255709,3.95,1.037,62.32,-69.91
19343,62.165305,47.712594,3.96,-0.025,20.19,-33.26
28328,89.786627,-42.815108,3.96,1.146,18.53,-11.45
44248,135.161468,41.783444,3.96,0.463,-487.67,-219.29
45101,137.819866,-62.317016,3.96,-0.180,-38.04,15.93
95241,290.659527,-44.458910,3.96,-0.085,7.31,-22.43
95347,290.971464,-40.615646,3.96,-0.105,32.67,-120.81
99848,303.867993,47.714205,3.96,1.451,3.88,1.20
115438,350.742923,-20.100345,3.96,1.082,-120.27,-96.70
20535,66.009022,-34.016986,3.97,1.468,73.77,57.57
27673,87.872469,39.148479,3.97,1.132,8.48,0.39
35228,109.207628,-67.957172,3.97,0.760,-4.11,8.50
42515,130.025569,-35.308301,3.97,0.936,9.68,-21.18
59449,182.913131,-52.368416,3.97,-0.156,-42.17,-18.39
77634,237.739757,-33.627105,3.97,-0.045,-5.92,-24.91
98495,300.147472,-72.910184,3.97,-0.032,80.54,-131.34
110997,337.317309,-43.495554,3.97,1.022,25.62,-4.23
112440,341.632677,23.565679,3.97,1.070,56.99,-10.46
18614,59.741249,35.791027,3.98,0.016,1.92,2.30
106481,323.495304,45.592066,3.98,0.885,-24.48,-93.88
9347,30.000937,-21.077772,3.99,1.554,133.01,-24.53
29651,93.713902,-6.274727,3.99,1.319,-6.18,-20.06
50954,156.098919,-74.031545,3.99,0.369,-16.12,-27.63
65477,201.305898,54.987999,3.99,0.169,120.35,-16.94
114996,349.357550,-58.235928,3.99,0.410,-34.93,79.59
44382,135.611662,-66.395844,4.00,0.145,-2.01,-95.80
55642,170.980703,10.529698,4.00,0.423,140.75,-77.80
79374,242.998919,-19.460647,4.00,0.076,-9.70,-25.25
8068,25.915064,50.688766,4.01,-0.098,24.08,-13.59
22109,71.375588,-3.254625,4.01,-0.148,17.27,-13.51
34088,106.027231,20.570299,4.01,0.899,-5.72,-0.96
35037,108.702757,-26.772686,4.01,-0.150,-11.50,7.67
71865,220.490053,-37.793424,4.01,-0.157,-29.56,-30.68
78527,240.473766,58.564437,4.01,0.528,-320.07,334.96
80000,244.960698,-50.155379,4.01,1.080,-159.36,-52.84
91792,280.758891,-71.427729,4.01,1.134,1.25,-158.29
101076,307.348879,30.368557,4.01,0.404,6.87,-0.64
43409,132.633381,-27.710059,4.02,1.272,-133.49,88.16
59199,182.103136,-24.728780,4.02,0.334,100.18,-39.33
93244,284.905788,15.068478,4.02,1.082,-52.68,-73.81
93429,285.420172,-5.739018,4.02,1.079,-24.15,-39.73
10670,34.328482,33.847321,4.03,0.019,44.91,-52.42
23522,75.854572,60.442281,4.03,0.921,-6.11,-14.78
43103,131.674310,28.760005,4.03,1.007,-20.69,-43.95
63003,193.648573,-57.177891,4.03,-0.180,-30.45,-13.55
88601,271.363387,2.502439,4.03,0.860,124.56,-962.66
101421,308.303187,11.303332,4.03,-0.123,10.75,-28.54
118268,359.827510,6.863594,4.03,0.419,148.49,-112.16
19587,62.966388,-6.837779,4.04,0.327,11.92,81.28
57380,176.464877,6.529814,4.04,1.501,-19.65,-180.02
70497,216.300081,51.851714,4.04,0.497,-236.06,-399.07
111497,338.838871,-0.117361,4.04,-0.083,88.56,-56.10
14632,47.262014,49.613500,4.05,0.595,1262.29,-91.53
40702,124.630279,-76.919983,4.05,0.413,109.84,106.92
42884,131.099858,-42.649323,4.05,0.874,-23.88,19.46
55434,170.284367,6.029353,4.05,-0.058,-91.76,-12.83
67459,207.369574,15.797806,4.05,1.520,-93.64,40.76
70090,215.139497,-37.885267,4.05,-0.030,-64.50,-11.39
71536,219.471880,-49.425758,4.05,-0.152,-27.78,-29.05
112716,342.397958,-13.592538,4.05,1.570,-12.58,-38.80
22957,74.093004,13.514578,4.06,1.158,-77.77,-45.97
36962,113.980718,26.896003,4.06,1.540,-39.58,-108.08
55705,171.220763,-17.684017,4.06,0.216,-97.01,3.22
59929,184.394318,-67.960672,4.06,1.603,-231.26,-26.37
60009,184.609553,-64.003046,4.06,-0.168,-33.19,-10.38
72010,220.914515,-35.173225,4.06,1.356,-60.93,-176.82
83153,254.896028,-53.160490,4.06,1.452,1.12,21.53
69701,214.003687,-5.999526,4.07,0.511,-25.84,-419.84
74117,227.210957,-45.279794,4.07,-0.162,-17.32,-26.11
74824,229.379001,-58.800879,4.07,0.088,-98.39,-135.46
110991,337.292700,58.415190,4.07,0.778,16.47,3.55
3693,11.834959,24.267377,4.08,1.100,-101.23,-81.89
11001,35.437596,-68.659424,4.08,0.034,-50.07,2.38
12387,39.870618,0.328517,4.08,-0.212,14.44,-2.53
14146,45.598305,-23.624336,4.08,0.163,-145.96,-55.76
33160,103.547836,-12.038593,4.08,1.418,-139.04,-14.47
46974,143.611096,-59.229768,4.08,-0.013,-11.23,6.02
53740,164.944787,-18.299097,4.08,1.079,-462.39,129.11
92862,283.833688,43.945893,4.08,1.397,19.94,80.60
104139,316.486581,-17.232711,4.08,-0.010,79.64,-61.64
105502,320.521391,19.804356,4.08,1.108,105.94,62.61
26366,84.226378,9.291412,4.09,0.951,96.84,-304.18
77450,237.185036,18.141779,4.09,1.616,-51.78,-88.72
7513,24.199904,41.406385,4.10,0.536,-172.57,-381.01
12777,41.048700,49.228666,4.10,0.514,334.03,-89.96
38164,117.309579,-46.373227,4.10,-0.160,-4.62,9.04
90568,277.207233,-49.070031,4.10,0.995,137.90,-229.14
94160,287.507302,-39.340707,4.10,1.163,5.89,-36.78
12486,40.166382,-39.855309,4.11,1.006,135.17,-27.34
34045,105.939555,-15.633259,4.11,-0.112,-0.81,-11.20
42312,129.411006,-42.989104,4.11,0.109,-10.38,9.47
48356,147.869510,-14.846550,4.11,0.918,18.68,-21.88
51839,158.867577,-78.607814,4.11,1.580,-38.00,11.53
57439,176.628538,-61.178359,4.11,0.895,-21.85,-16.23
76440,234.179945,-66.316905,4.11,1.161,24.51,-54.66
94114,287.367826,-37.904240,4.11,0.042,85.73,-96.65
113638,345.220310,-52.754106,4.11,0.960,-65.09,-12.91
12394,39.896765,-68.266948,4.12,-0.061,87.40,0.56
19812,63.724407,48.409373,4.12,0.935,5.04,-17.35
28614,90.595793,9.647368,4.12,0.170,14.19,-37.44
58948,181.302790,8.732846,4.12,0.967,-220.32,57.52
98032,298.815330,-41.868414,4.12,1.063,23.37,51.60
102978,312.955401,-26.919126,4.12,1.633,-7.97,-2.54
111043,337.439356,-43.749228,4.12,1.570,-14.93,1.79
25247,80.986818,-7.807956,4.13,0.943,-13.91,-44.80
30883,97.240794,20.212167,4.13,-0.115,-5.98,-14.08
77853,238.456154,-16.729622,4.13,1.003,100.12,135.27
102485,311.524025,-25.270517,4.13,0.426,-51.38,-156.66
112405,341.515514,-81.381617,4.13,0.208,-55.35,0.88
116771,354.986751,5.627354,4.13,0.507,376.32,-437.00
16369,52.718196,12.936682,4.14,1.112,18.94,-1.55
17608,56.581501,23.948462,4.14,-0.051,21.17,-42.67
42313,129.414197,5.703799,4.14,0.003,-70.27,-6.99
59072,181.720220,-64.613639,4.14,0.353,34.27,-37.49
76127,233.232483,31.359155,4.14,-0.127,-19.62,-8.94
78159,239.397091,26.878026,4.14,1.231,-76.55,-60.24
107354,326.161268,25.645003,4.14,0.425,46.66,13.47
109937,333.992376,37.748735,4.14,1.447,8.74,0.76
34769,107.966085,-0.492781,4.15,-0.005,-0.22,6.68
85112,260.920720,37.145924,4.15,-0.011,-38.58,9.19
116805,355.101841,44.333978,4.15,-0.071,81.33,-18.96
28734,91.030069,23.263632,4.16,0.835,-2.60,-119.72
36366,112.277540,31.784079,4.16,0.320,159.33,193.82
85340,261.592572,-24.175023,4.16,0.283,-1.97,-117.69
2599,8.249944,62.931788,4.17,0.130,3.99,-2.10
17874,57.363670,-36.200113,4.17,0.927,-49.42,-56.63
110003,334.208193,-7.783237,4.17,0.979,118.95,-21.91
69427,213.223921,-10.274044,4.18,1.323,8.04,140.79
69732,214.096568,46.087919,4.18,0.087,-187.42,159.01
81304,249.093587,-35.255356,4.18,1.535,14.72,12.14
109857,333.756996,57.043465,4.18,0.278,476.45,50.00
111954,340.163857,-27.043615,4.18,-0.105,22.01,-0.88
67457,207.361464,-34.450630,4.19,1.520,-42.59,-59.87
92043,281.415547,20.547124,4.19,0.483,-9.25,-335.65
25813,82.696033,5.948218,4.20,-0.143,6.57,-32.45
38835,119.214826,-22.880148,4.20,0.718,-29.61,12.28
51233,156.971219,36.707478,4.20,0.908,-127.52,-109.62
81126,248.525789,42.436896,4.20,-0.013,-9.03,59.80
112447,341.672673,12.174084,4.20,0.502,233.06,-492.04
113246,343.987050,-32.539702,4.20,0.952,10.84,30.32
16228,52.267227,59.940335,4.21,0.419,-0.82,-1.85
20635,66.342078,22.293981,4.21,0.136,105.49,-44.14
82080,251.492340,82.037251,4.21,0.897,19.54,4.67
101093,307.395114,62.994137,4.21,0.199,45.00,-13.31
105858,321.610384,-65.368144,4.21,0.494,81.08,800.68
13254,42.645476,38.318908,4.22,0.343,195.68,-108.92
17651,56.712454,-23.248438,4.22,0.434,-159.86,-528.54
38518,118.325679,-48.102948,4.22,-0.130,-4.90,5.89
78918,241.648151,-36.802213,4.22,-0.184,-15.84,-31.06
80569,246.755993,-18.456197,4.22,0.217,-5.58,-22.22
89908,275.189338,71.337727,4.22,-0.093,-5.91,35.79
92175,281.793656,-4.747829,4.22,1.087,-7.71,-15.89
92609,283.054319,-62.187561,4.22,-0.150,-1.33,-13.53
92791,283.626203,36.898605,4.22,1.575,-6.73,3.26
102453,311.415663,30.719657,4.22,1.051,-8.01,24.04
105102,319.353969,39.394690,4.22,0.098,0.43,-3.61
114724,348.580552,-6.048527,4.22,1.545,46.22,-195.85
1599,5.007976,-64.877623,4.23,0.576,1707.56,1165.36
37629,115.827855,28.884072,4.23,1.118,61.84,-231.26
64394,197.970511,27.876038,4.23,0.572,-801.94,882.70
67153,206.423194,-33.043366,4.23,0.390,-461.85,-146.17
68520,210.411596,1.544583,4.23,0.121,17.41,-21.20
79101,242.192497,44.934819,4.23,-0.045,-25.98,35.86
81852,250.772582,-77.516572,4.23,1.060,-282.83,-355.03
93825,286.604332,-37.062757,4.23,0.523,96.93,-279.67
107259,325.876896,58.780053,4.23,2.242,5.24,-2.88
107533,326.698358,49.309575,4.23,-0.120,3.61,-1.86
5372,17.183997,86.257118,4.24,1.213,80.34,-11.36
11407,36.746271,-47.703827,4.24,-0.136,19.97,-5.44
12770,41.030644,-13.858676,4.24,-0.122,-7.58,-8.40
60000,184.587266,-79.312269,4.24,-0.123,-38.07,12.00
61317,188.437886,41.356768,4.24,0.588,-705.06,292.93
80911,247.845590,-34.704321,4.24,-0.168,-11.51,-18.56
86565,265.353819,-12.875173,4.24,0.086,-72.16,-55.22
114855,348.971987,-9.087696,4.24,1.107,368.56,-17.02
5896,18.939564,-68.876237,4.25,0.480,411.11,127.43
19167,61.646064,50.351350,4.25,-0.011,-13.03,-36.37
21402,68.913473,10.160917,4.25,0.184,44.89,-52.42
21476,69.172640,41.264855,4.25,1.171,-5.42,-19.19
23972,77.286596,-8.754076,4.25,-0.187,0.00,-2.01
41075,125.708875,43.188372,4.25,1.550,-25.62,-99.44
62896,193.358942,-40.178819,4.25,0.224,69.64,-21.83
70692,216.881344,75.695939,4.25,1.431,8.71,22.09
107418,326.362205,61.120810,4.25,0.474,-3.08,-1.86
5434,17.375509,47.241824,4.26,0.012,3.81,-13.02
8198,26.348286,9.157641,4.26,0.942,70.82,38.99
15510,49.971770,-43.071549,4.26,0.711,3038.08,726.34
16611,53.446866,-21.632816,4.26,-0.106,44.91,-27.47
19893,64.006214,-51.487096,4.26,0.312,100.57,184.23
22783,73.512544,66.342660,4.26,-0.008,0.49,7.31
44066,134.621654,11.857772,4.26,0.141,41.45,-29.22
86170,264.136861,-38.634865,4.26,1.075,-18.47,-182.29
88267,270.376679,21.595688,4.26,0.406,7.55,38.79
108917,330.946508,64.627754,4.26,0.379,214.46,89.29
4906,15.736066,7.890073,4.27,0.952,-80.57,25.88
12828,41.234889,10.114220,4.27,0.311,285.17,-30.40
19860,63.883522,8.892410,4.27,-0.054,20.39,-21.75
21589,69.539174,12.510874,4.27,0.122,101.73,-14.90
21881,70.561265,22.956975,4.27,-0.112,-2.84,-20.33
64004,196.727763,-49.906216,4.27,-0.182,-26.24,-12.43
74911,229.633536,-47.875192,4.27,-0.086,-31.74,-32.82
95294,290.804419,-44.799648,4.27,0.350,92.78,-53.73
102532,311.664658,16.124773,4.27,1.042,-25.88,-196.27
115830,351.992366,6.379097,4.27,1.062,-123.83,-43.26
20711,66.576645,22.813694,4.28,0.263,108.66,-45.83
47193,144.272300,81.326421,4.28,1.488,-16.77,-15.95
51172,156.788150,-31.067802,4.28,1.429,-80.42,9.63
85423,261.838600,-29.866699,4.28,0.402,14.38,-137.41
99655,303.349171,56.567522,4.28,0.114,60.85,82.26
105515,320.561573,-16.834555,4.28,0.888,30.83,5.26
109410,332.496886,33.178267,4.28,0.471,-12.34,-17.94
114131,346.719869,-43.520324,4.28,0.423,-48.35,-13.98
16852,54.218829,0.402833,4.29,0.575,-232.69,-482.00
24845,79.893858,-13.176777,4.29,-0.235,-2.49,-4.74
52154,159.826719,-55.603279,4.29,1.025,-18.87,4.31
57936,178.227339,-33.908130,4.29,-0.100,-58.02,2.40
77055,236.014433,77.794499,4.29,0.038,20.07,-2.50
80894,247.784979,-16.612640,4.29,0.924,-44.57,-38.04
109139,331.609189,-13.869540,4.29,-0.075,40.45,-57.16
111188,337.876207,-32.346028,4.29,0.011,59.64,-18.70
116631,354.534080,43.268076,4.29,-0.083,27.72,-1.21
4577,14.651441,-29.357464,4.30,-0.154,22.44,6.30
11484,37.039658,8.460089,4.30,-0.053,41.72,-14.46
17531,56.302009,24.467379,4.30,-0.110,19.35,-41.63
17797,57.149262,-37.620129,4.30,-0.038,75.83,-10.69
20648,66.372156,17.927989,4.30,0.049,108.26,-32.47
28404,89.983756,45.936753,4.30,1.701,-2.42,-7.32
42799,130.806193,3.398665,4.30,-0.192,-19.14,-1.29
53417,163.903533,24.749755,4.30,0.016,-78.41,-14.89
56647,174.237208,-0.823854,4.30,0.983,1.30,43.43
57669,177.421200,-63.788489,4.30,-0.149,-17.93,4.44
61174,188.018686,-16.195866,4.30,0.388,-424.37,-58.41
70069,215.081470,-56.386479,4.30,0.082,-9.29,-7.57
100027,304.411900,-12.508214,4.30,0.928,22.24,0.75
42568,130.154313,-59.761015,4.31,-0.117,-6.87,4.92
70638,216.732253,-83.667853,4.31,1.300,-95.79,-12.91
75411,231.123068,37.376961,4.31,0.309,-147.68,84.69
78990,241.851251,-20.868654,4.31,0.831,43.68,-45.30
101847,309.584473,-1.105080,4.31,0.949,15.66,-17.01
16826,54.122334,48.192701,4.32,-0.058,21.41,-27.58
21763,70.110391,-19.671257,4.32,1.599,28.21,-97.09
25945,83.053130,18.594245,4.32,2.060,-0.34,-4.51
29696,93.844736,29.498712,4.32,1.021,-70.90,-261.73
43067,131.593864,-13.547705,4.32,0.900,17.57,-6.22
46750,142.930168,22.968065,4.32,1.541,-19.38,-39.04
58758,180.757080,-63.312945,4.32,0.280,-152.53,6.10
64241,197.498123,17.529116,4.32,0.455,-445.95,129.69
67669,207.956772,-32.994016,4.32,-0.146,-35.74,-30.14
72683,222.909681,-43.575294,4.32,-0.154,-24.79,-26.80
84880,260.206815,-12.846882,4.32,0.037,42.75,2.72
36284,112.040956,8.925504,4.33,1.425,-59.29,10.76
62867,193.279069,-48.943253,4.33,1.344,-79.18,-25.34
70576,216.545006,-45.379261,4.33,0.434,13.55,-6.35
84405,258.838697,-26.600049,4.33,0.855,-473.69,-1143.93
88866,272.144962,-63.668048,4.33,0.228,17.45,-207.64
89826,274.965505,36.064447,4.33,1.162,-16.14,41.32
2912,9.220162,33.719352,4.34,-0.123,15.23,-3.56
3031,9.639580,29.312369,4.34,0.871,-229.41,-254.08
5542,17.774711,55.149948,4.34,0.170,226.62,-19.34
27100,86.193413,-65.735541,4.34,0.217,-28.38,6.12
31125,97.964034,-23.418437,4.34,-0.245,-2.72,6.45
40888,125.162033,-77.484576,4.34,1.161,-129.09,40.78
45496,139.050427,-57.541438,4.34,1.602,-27.77,-14.77
47175,144.206904,-49.355129,4.34,0.173,-130.56,42.29
68523,210.431216,-45.603370,4.34,0.598,3.89,-20.94
76552,234.513843,-42.567485,4.34,1.412,-147.60,56.35
85355,261.628665,4.140342,4.34,1.480,1.25,7.09
91971,281.193066,37.605050,4.34,0.192,29.26,26.57
92161,281.755093,18.181230,4.34,0.148,83.74,119.01
107348,326.127877,17.350044,4.34,1.161,7.90,-10.75
111022,337.382595,47.706895,4.34,1.679,-0.60,-3.37
14838,47.906957,19.726698,4.35,1.033,154.61,-8.39
22509,72.653009,8.900253,4.35,0.010,-0.87,-31.57
31407,98.744114,-52.975635,4.35,-0.021,-7.65,11.33
33449,104.319161,58.423060,4.35,0.850,6.58,-123.53
39794,121.982670,-68.617136,4.35,-0.113,-29.88,30.58
43234,132.108254,5.837885,4.35,-0.044,-17.51,-29.79
60742,186.734698,28.268620,4.35,1.128,-83.41,-80.99
74857,229.457687,-30.148662,4.35,1.100,-8.71,-4.47
85822,263.053738,86.586329,4.35,0.021,10.54,53.97
90098,275.806752,-61.493905,4.35,1.462,0.53,1.70
94713,289.092064,38.133728,4.35,1.258,-0.49,1.23
107380,326.236616,-33.025553,4.35,-0.053,31.79,-94.00
2484,7.885670,-62.958085,4.36,-0.064,82.48,-54.37
3405,10.838517,-57.463098,4.36,0.024,-5.16,15.50
10324,33.250046,8.846752,4.36,0.878,-26.23,-14.40
16335,52.643676,47.995172,4.36,1.367,1.56,18.13
19038,61.173574,22.082068,4.36,1.064,91.73,-58.52
22701,73.223668,-5.452756,4.36,0.257,-18.01,25.03
24327,78.307854,-12.941288,4.36,-0.094,-12.22,-1.32
28199,89.384216,-35.283307,4.36,-0.165,-2.65,11.19
33347,104.034276,-17.054247,4.36,-0.063,-2.46,1.91
39863,122.148574,-2.983776,4.36,0.970,-16.79,-3.89
68862,211.511608,-41.179580,4.36,-0.198,-24.42,-21.63
96468,294.180319,-1.286550,4.36,-0.079,1.89,-20.75
154,0.489965,-6.013972,4.37,1.631,46.62,-41.32
29807,94.138064,-35.140732,4.37,0.978,0.39,87.58
35415,109.677033,-24.954384,4.37,-0.132,-1.82,3.74
53773,165.038524,-42.225870,4.37,0.116,23.00,4.50
88886,272.189553,20.814572,4.37,-0.164,-2.71,-6.20
98412,299.934060,-35.276244,4.37,-0.150,6.02,-25.15
64238,197.487550,-5.538930,4.38,-0.008,-35.08,-32.80
99255,302.222152,77.711362,4.38,-0.046,11.11,23.72
115669,351.511739,-20.641861,4.38,1.460,-50.13,-62.97
116231,353.242451,-37.818359,4.38,-0.095,96.39,37.58
8837,28.411749,-46.302446,4.39,1.597,-92.38,-91.46
17884,57.380356,65.526006,4.39,1.870,-2.50,-13.98
26176,83.705158,9.489585,4.39,-0.157,-1.24,-2.49
27913,88.596183,20.276415,4.39,0.594,-163.17,-98.92
30419,95.942074,4.592839,4.39,0.215,-20.88,10.75
39311,120.566472,2.334314,4.39,1.252,-28.04,105.49
49637,151.976328,9.997664,4.39,1.448,-81.10,-64.20
73620,225.725292,2.091271,4.39,1.026,-55.93,12.94
82673,253.502097,10.165443,4.39,-0.088,-53.75,-34.68
84893,260.250876,-21.112435,4.39,0.394,262.01,-204.74
96757,295.024094,18.013938,4.39,0.777,15.09,-19.72
96837,295.262224,17.476124,4.39,1.041,9.06,-33.90
105319,319.966183,-53.449264,4.39,0.191,107.37,-67.12
4463,14.301782,23.417760,4.40,0.940,-43.72,-46.06
38070,117.021562,-25.937181,4.40,-0.070,-10.22,4.92
39906,122.256848,-19.245001,4.40,-0.160,-9.97,-5.46
93015,284.237669,-67.233535,4.40,0.530,-7.83,16.65
108431,329.479296,-54.992567,4.40,0.297,43.00,-3.67
32761,102.463817,-53.622492,4.41,0.899,-2.27,17.57
34693,107.784965,30.245281,4.41,1.261,-31.00,-48.40
70300,215.759405,-39.511766,4.41,-0.185,-24.32,-21.81
85693,262.684575,26.110605,4.41,1.434,18.39,16.78
87998,269.625624,30.189269,4.41,0.380,-0.48,3.23
105138,319.479450,34.896881,4.41,-0.103,11.96,6.85
114222,346.974325,75.387581,4.41,0.802,5.74,-35.10
115033,349.475848,-9.182490,4.41,-0.144,19.63,-9.64
115102,349.705945,-32.531836,4.41,1.109,19.65,-78.57
29038,91.893008,14.768523,4.42,-0.164,4.95,-21.18
31700,99.472608,-18.237457,4.42,1.137,-6.86,-8.47
34922,108.384295,-44.640530,4.42,1.331,107.12,325.32
34981,108.563402,-26.352516,4.42,-0.170,-6.58,3.89
40326,123.512030,-40.347730,4.42,1.170,44.84,-65.79
53954,165.582422,20.179746,4.42,0.053,-9.60,39.57
72571,222.572778,-27.960219,4.42,1.366,-237.37,-62.37
77257,236.611441,7.353240,4.42,0.604,-225.51,-68.52
88290,270.438290,1.305109,4.42,0.046,15.43,-13.61
110538,335.890152,52.229500,4.42,1.015,-13.56,-186.37
115623,351.344423,23.404012,4.42,0.617,193.12,36.47
17593,56.535427,-12.101735,4.43,1.604,55.59,60.03
19849,63.823492,-7.644558,4.43,0.820,-2239.33,-3419.86
23040,74.321752,53.752083,4.43,-0.017,-24.17,7.53
94481,288.439536,39.145970,4.43,-0.150,-1.59,-0.61
98688,300.664414,-27.709880,4.43,1.640,32.28,14.35
100587,305.964983,32.190186,4.43,1.331,35.71,-5.81
102281,310.864774,15.074682,4.43,0.302,-19.61,-41.74
102624,311.934325,-5.027603,4.43,1.639,-3.30,-40.24
1170,3.660136,-18.932686,4.44,1.640,-27.15,-73.78
3786,12.170397,7.585202,4.44,1.500,83.14,-50.48
19921,64.121181,-59.301748,4.44,1.078,-47.99,-167.81
21770,70.140930,-41.863570,4.44,0.342,-141.18,-74.95
30060,94.905795,59.010905,4.44,0.032,-3.51,24.43
36795,113.513358,-22.296181,4.44,0.521,-40.38,46.84
40091,122.839584,-39.618553,4.44,1.590,-8.91,3.10
40706,124.639138,-36.659533,4.44,0.222,-111.27,100.62
71121,218.154514,-50.457121,4.44,-0.177,-29.55,-14.85
95771,292.176713,24.665165,4.44,1.502,-126.45,-106.99
7884,25.357948,5.487604,4.45,1.347,-22.73,3.61
13147,42.272331,-32.406284,4.45,0.981,86.96,158.96
24244,78.074531,-11.869143,4.45,-0.099,24.95,-31.22
29426,92.984987,14.208814,4.45,-0.180,-1.59,-20.23
42402,129.689370,3.341475,4.45,1.216,-19.03,-16.29
44191,135.022667,-41.253738,4.45,0.646,-40.67,54.59
51849,158.897144,-57.557636,4.45,1.604,-15.43,-0.16
52633,161.446399,-80.540203,4.45,-0.188,-37.33,6.19
55084,169.165684,-3.651514,4.45,0.210,-108.15,-35.76
80975,248.034111,-21.466478,4.45,0.130,20.21,36.23
94648,288.888724,73.355215,4.45,1.257,-116.60,104.25
96229,293.521782,7.379319,4.45,1.176,212.76,-155.39
11569,37.266617,67.402384,4.46,0.153,-27.92,37.06
18255,58.572861,-2.954733,4.46,0.672,26.42,1.49
24331,78.322832,2.861253,4.46,1.166,3.05,4.94
44901,137.218274,51.604727,4.46,0.288,-137.81,-32.48
54682,167.914526,-22.825606,4.46,0.025,4.73,-99.06
59173,182.021901,-50.661254,4.46,-0.163,-34.07,-9.85
80582,246.796033,-47.554736,4.46,-0.070,-13.72,-20.63
112948,343.131491,-32.875450,4.46,-0.037,-33.32,-22.15
12843,41.274923,-18.572651,4.47,0.481,330.93,36.28
15549,50.084859,29.048498,4.47,1.555,-8.21,-16.42
23123,74.637095,1.714035,4.47,1.369,-1.59,-7.93
30788,97.042573,-32.580129,4.47,-0.169,-13.78,24.24
31216,98.225957,7.332979,4.47,0.023,-3.89,-5.80
38957,119.560183,-49.244929,4.47,-0.180,-7.48,6.91
44599,136.286793,-72.602694,4.47,0.607,-8.44,-4.72
46146,141.163664,26.182441,4.47,1.222,-31.13,-48.06
47006,143.706229,52.051568,4.47,0.027,-65.07,-37.30
57803,177.786465,-45.173449,4.47,1.283,-72.42,-8.62
71284,218.669544,29.744807,4.47,0.364,188.32,132.72
73165,224.296070,-4.346086,4.47,0.318,-97.83,-154.56
104858,318.619959,10.007719,4.47,0.529,42.32,-303.43
109111,331.528765,-39.543049,4.47,1.349,-24.16,-125.17
3504,11.181259,48.284383,4.48,-0.069,17.79,-7.62
18744,60.224188,-62.159369,4.48,1.500,1.80,34.95
20713,66.586132,15.618346,4.48,0.262,114.66,-33.30
32578,101.965237,2.412189,4.48,1.099,-12.97,-12.36
49641,151.984565,-0.371628,4.48,-0.032,-26.17,-3.65
75323,230.844407,-59.320698,4.48,0.169,-10.29,-36.57
80343,246.025822,-20.037211,4.48,0.996,-21.48,-47.53
113889,345.969194,3.820070,4.48,-0.115,12.86,-10.13
114119,346.670030,-23.743117,4.48,0.892,59.90,0.53
9480,30.489791,70.907046,4.49,0.164,-54.46,-10.69
21248,68.377623,-29.765832,4.49,0.972,-114.35,-271.56
32249,100.997059,13.228143,4.49,1.167,-2.29,-51.80
34834,108.140587,-46.759564,4.49,0.324,-135.60,106.79
38455,118.161055,-38.862822,4.49,-0.188,-9.49,4.02
49593,151.857188,35.244692,4.49,0.190,50.97,0.64
71762,220.181504,16.418301,4.49,-0.002,9.64,9.46
96441,294.110593,50.220463,4.49,0.395,-8.15,262.98
104234,316.782023,-25.005748,4.49,1.604,-27.19,-43.37
107310,326.035019,28.743222,4.49,0.512,260.33,-242.73
116928,355.512007,1.780417,4.49,0.200,-129.55,-154.87
116971,355.680354,-14.544742,4.49,-0.032,98.35,-66.78
118322,359.978792,-65.577078,4.49,-0.075,48.63,-22.33
26594,84.796441,4.121467,4.50,-0.098,0.76,0.07
27530,87.456570,-56.166489,4.50,1.075,81.61,-71.77
43105,131.677330,-56.769797,4.50,-0.169,-9.40,8.64
50676,155.228396,-56.043224,4.50,-0.102,-18.15,1.49
57565,176.996777,20.218941,4.50,0.547,-145.47,-4.04
67275,206.816819,17.456774,4.50,0.508,-480.33,54.18
99874,303.942323,27.814228,4.50,1.258,-34.37,5.77
104459,317.398303,-11.371655,4.50,0.926,92.31,-15.76
106039,322.180483,-21.807167,4.50,0.889,133.97,-5.47
109285,332.095638,-32.988398,4.50,0.054,80.05,-28.88
109754,333.469589,39.714889,4.50,1.385,37.65,15.55
111944,340.128260,44.276281,4.50,1.318,94.18,10.00
1473,4.582106,36.785327,4.51,0.054,-66.51,-42.48
5586,17.914945,30.089730,4.51,1.092,74.29,-37.61
27483,87.293581,39.181133,4.51,0.949,-28.42,-25.55
46515,142.311406,-35.951348,4.51,1.408,-24.74,5.07
47391,144.837671,-61.328105,4.51,-0.070,-34.89,18.60
76852,235.387885,19.670506,4.51,0.062,-59.86,-43.23
98702,300.704363,67.873449,4.51,1.313,16.43,47.80
102333,311.009111,-51.920841,4.51,0.278,155.49,-53.64
106723,324.270095,-19.466014,4.51,-0.180,13.48,0.81
110838,336.832805,-64.966379,4.51,-0.029,68.68,10.21
117863,358.595989,57.499391,4.51,1.190,-4.54,-3.45
13061,41.976839,29.247424,4.52,1.112,148.42,-125.76
65271,200.658249,-60.988356,4.52,-0.141,-35.50,-15.19
65387,201.001847,-64.535617,4.52,0.822,29.10,-20.96
69974,214.777508,-13.371166,4.52,0.128,-17.12,29.39
73745,226.111905,26.947660,4.52,1.240,-176.31,-4.52
89112,272.807401,-45.954327,4.52,1.009,-16.28,-37.26
95176,290.431758,-15.955002,4.52,0.079,1.79,-6.27
102431,311.338319,57.580298,4.52,0.535,-62.95,-235.56
106140,322.486999,23.638829,4.52,1.618,24.39,3.52
111104,337.621923,43.123390,4.52,-0.086,-2.05,-5.76
2487,7.888980,-62.965450,4.53,0.147,87.95,-45.79
3881,12.453457,41.078955,4.53,-0.136,22.68,-18.05
28413,90.013939,-3.074077,4.53,1.202,6.87,-72.71
37096,114.342167,-34.968570,4.53,-0.081,-13.65,16.53
69483,213.370625,51.789991,4.53,0.233,61.39,-10.57
85365,261.658063,-5.086492,4.53,0.385,-91.53,-42.75
87072,266.890113,-27.830763,4.53,0.600,-3.62,-10.67
102589,311.852196,36.490737,4.53,-0.083,14.93,-8.20
114570,348.137179,49.405975,4.53,0.302,89.78,95.57
24727,79.543950,33.372004,4.54,1.252,29.86,-160.98
31416,98.764083,-22.964833,4.54,-0.035,13.11,16.52
46776,142.995561,-1.184654,4.54,0.109,-11.42,-3.87
46952,143.555737,36.397613,4.54,0.914,6.82,-22.89
46977,143.620699,69.830154,4.54,0.781,-63.90,77.59
72659,222.847018,19.100633,4.54,0.720,152.81,-71.28
74392,228.055467,-19.791631,4.54,-0.071,-35.59,-32.55
75304,230.789014,-36.858436,4.54,-0.155,-18.05,-21.53
98162,299.236770,-27.169863,4.54,1.462,9.60,-14.95
114144,346.751066,9.409523,4.54,1.559,6.73,-12.76
115919,352.288585,12.760492,4.54,0.939,59.62,25.18
301,0.934885,-17.335970,4.55,-0.047,28.57,-7.28
16281,52.478108,58.878752,4.55,0.489,-1.94,-1.14
23595,76.101299,-35.482871,4.55,1.177,126.17,-44.36
33694,105.016033,76.977442,4.55,1.365,73.18,-13.88
36425,112.449092,12.006611,4.55,1.276,1.26,-19.26
48402,148.026501,54.064286,4.55,0.038,-4.21,19.18
76371,233.971938,-44.958337,4.55,-0.175,-20.42,-21.48
80079,245.159098,-24.169284,4.55,0.758,-4.23,-14.71
88839,272.020679,-28.457016,4.55,0.938,24.77,-31.59
107119,325.479484,71.311187,4.55,1.108,119.48,94.49
110351,335.256368,46.536565,4.55,-0.100,21.72,1.92
110609,336.129149,49.476401,4.55,0.092,-5.12,-3.37
13328,42.878462,35.059894,4.56,1.554,9.29,-63.02
18597,59.686406,-61.400151,4.56,1.590,9.79,-14.39
27830,88.331848,27.612285,4.56,-0.008,3.82,-9.58
44700,136.632450,38.452250,4.56,1.037,-28.37,-14.34
54951,168.801013,23.095525,4.56,1.657,-22.24,-9.48
70574,216.534313,-45.221390,4.56,-0.147,-13.51,-14.02
86092,263.915047,-46.505591,4.56,-0.020,-25.13,-38.32
103004,313.032190,27.097128,4.56,0.835,-72.33,-60.95
104194,316.650367,47.648406,4.56,1.569,6.51,-0.99
16870,54.273659,-40.274511,4.57,1.023,2.77,-14.23
80463,246.353873,14.033415,4.57,0.002,39.39,-59.89
80473,246.396338,-23.447118,4.57,0.227,-5.61,-25.04
86614,265.484613,72.149499,4.57,0.434,26.60,-269.77
92818,283.687005,22.645074,4.57,0.782,6.40,1.03
94005,287.087221,-40.496638,4.57,1.070,48.05,-26.84
97886,298.365337,24.079526,4.57,-0.047,22.78,36.29
26237,83.846507,-4.838340,4.58,-0.183,4.29,-7.15
48374,147.919535,-46.547644,4.58,1.172,-24.41,9.80
52468,160.884615,-60.566627,4.58,1.700,-15.22,3.12
64425,198.073455,-59.920537,4.58,-0.073,-28.54,-17.46
67627,207.858073,64.723283,4.58,1.572,1.45,-4.55
79404,243.075882,-27.926316,4.58,-0.172,-10.31,-23.17
86284,264.461332,-8.118721,4.58,0.132,-11.70,-20.38
115250,350.159263,23.740359,4.58,0.180,30.48,-9.14
3245,10.331567,-46.085009,4.59,0.953,-28.92,1.04
17351,55.708842,-37.313345,4.59,1.191,-90.81,-71.42
17959,57.589483,71.332368,4.59,0.064,18.27,-42.00
25473,81.709284,3.095677,4.59,-0.199,0.34,-1.11
42527,130.053744,64.327872,4.59,1.179,-59.42,26.44
46509,142.286828,-2.768956,4.59,0.411,100.93,-3.15
50555,154.903188,-55.029315,4.59,1.600,-14.79,4.03
54751,168.150085,-60.317631,4.59,0.541,-6.23,2.33
77512,237.398742,26.068549,4.59,0.794,-79.85,-63.78
77840,238.403035,-25.327080,4.59,-0.073,-14.42,-25.40
91926,281.094899,39.612596,4.59,0.180,5.83,51.83
96465,294.176621,-24.883567,4.59,-0.075,68.70,-23.19
117452,357.231166,-28.130015,4.59,0.001,100.03,-104.04
20070,64.560731,50.295639,4.60,0.043,46.59,-56.43
49402,151.281219,-13.064674,4.60,-0.087,-37.48,19.90
53502,164.179151,-37.137463,4.60,1.006,74.96,-124.50
72125,221.310405,16.964403,4.60,0.972,-60.87,-50.69
75501,231.334385,-38.733588,4.60,0.000,-46.05,-13.35
77760,238.167477,42.449988,4.60,0.563,438.97,629.52
95081,290.166967,65.714430,4.60,0.033,14.09,41.61
443,1.333941,-5.707833,4.61,1.029,-8.29,88.19
1366,4.273065,38.681679,4.61,0.059,-50.01,-17.90
8833,28.388902,3.187478,4.61,0.928,23.69,23.90
14817,47.822506,39.611571,4.61,1.115,-26.21,4.78
36145,111.678587,49.211645,4.61,-0.001,-10.79,-48.57
39095,119.966896,-18.399142,4.61,0.087,-7.29,-35.07
76219,233.543832,-10.063960,4.61,1.000,305.62,-234.12
101474,308.475784,35.250865,4.61,1.593,-2.26,-5.35
4422,14.166710,59.181166,4.62,0.957,-92.56,-45.33
18673,59.981150,-24.016257,4.62,-0.121,11.41,17.08
23497,75.773767,21.590062,4.62,0.155,68.94,-40.85
25923,82.982751,-7.301526,4.62,-0.261,-0.54,-4.44
44824,137.011905,-25.858537,4.62,1.594,35.83,0.49
54182,166.255125,7.336123,4.62,0.332,-344.41,-47.40
54301,166.635310,-62.424137,4.62,0.988,-36.83,9.57
56480,173.690466,-54.264132,4.62,-0.077,-55.55,16.64
62327,191.594790,-56.488780,4.62,-0.150,-33.11,-14.62
63007,193.663417,-59.146665,4.62,-0.153,-33.35,-14.75
80628,246.950946,-8.371701,4.62,0.185,-67.26,-12.60
88175,270.120502,-3.690161,4.62,0.390,154.17,-44.43
90982,278.375667,-42.312459,4.62,0.994,32.48,-21.03
92946,284.054835,4.203530,4.62,0.161,37.69,26.98
13914,44.803058,21.340445,4.63,0.048,-13.04,-6.55
37648,115.884982,-28.410957,4.63,1.632,-13.62,29.79
38500,118.265177,-49.613079,4.63,-0.228,-8.44,14.65
42835,130.918251,-7.233728,4.63,0.840,-11.68,-1.05
45448,138.937789,-37.413126,4.63,0.473,13.85,-7.26
61789,189.969006,-39.987242,4.63,-0.082,-42.01,-24.94
66738,205.184552,54.681661,4.63,1.630,-19.14,-11.37
73199,224.396330,65.932381,4.63,1.590,-78.26,32.48
77635,237.744807,-25.751235,4.63,-0.072,-13.64,-24.91
78662,240.884254,-57.774874,4.63,0.252,-118.32,-78.34
90797,277.843444,-62.278191,4.63,-0.116,-0.96,-45.59
92512,282.800028,59.388289,4.63,1.185,77.56,25.43
118131,359.439790,25.141479,4.63,1.584,-36.06,-32.25
18216,58.427846,-24.612213,4.64,-0.136,30.93,-7.18
22845,73.723767,10.151145,4.64,0.085,40.08,-128.37
28716,90.979932,20.138459,4.64,0.236,2.19,-2.81
67234,206.664035,-51.432698,4.64,0.955,10.33,-27.98
76669,234.844516,36.635828,4.64,-0.103,-15.29,-6.51
76829,235.297982,-44.660559,4.64,0.413,-168.70,-265.69
82369,252.458221,-10.782801,4.64,0.478,93.70,-81.94
84606,259.417858,37.291343,4.64,0.043,-42.74,63.76
88765,271.826476,8.733794,4.64,0.951,9.79,30.24
95585,291.629540,0.338576,4.64,0.576,-0.86,-2.30
101589,308.827117,14.674185,4.64,0.120,45.08,11.71
111674,339.343607,51.545374,4.64,0.254,-51.31,-103.34
113919,346.045132,50.051684,4.64,1.058,166.70,167.30
12719,40.862960,27.707171,4.65,-0.122,3.51,-9.97
21273,68.461897,14.844487,4.65,0.255,103.69,-25.94
23607,76.142243,15.404181,4.65,-0.064,18.40,-30.99
27890,88.524584,-63.091021,4.65,1.022,120.11,573.43
35363,109.576670,-36.733967,4.65,-0.099,-11.29,1.85
36514,112.677542,-30.962283,4.65,0.904,-11.74,0.84
36917,113.845572,-28.369278,4.65,-0.111,-66.90,-18.71
51192,156.851993,-57.638814,4.65,0.474,-6.71,3.72
58590,180.218293,6.614395,4.65,0.122,-0.25,-29.71
78639,240.803584,-49.229721,4.65,0.902,41.18,10.39
5571,17.863309,21.034676,4.66,1.024,41.66,-10.55
8497,27.396630,-10.686181,4.66,0.333,-148.90,-94.47
31978,100.244421,9.895760,4.66,-0.233,-0.66,-2.51
33302,103.905829,-20.136593,4.66,0.374,51.35,39.75
35205,109.145839,-27.881273,4.66,1.589,-12.48,38.83
42806,130.821721,21.468596,4.66,0.010,-106.94,-39.25
44626,136.409925,-70.538521,4.66,-0.149,-4.36,9.89
53295,163.494608,43.190015,4.66,-0.039,44.78,-24.43
61740,189.811719,-7.995504,4.66,1.240,-77.30,-24.66
62012,190.648171,-48.813035,4.66,1.075,-123.27,-30.36
76705,234.941562,-34.411893,4.66,0.964,5.65,-13.70
88567,271.255094,-29.580076,4.66,0.774,4.03,-4.61
89678,274.513283,-27.042635,4.66,1.629,4.48,-2.76
90135,275.914808,-8.934510,4.66,0.932,51.89,52.29
98543,300.275042,27.753564,4.66,0.184,57.99,3.76
5742,18.437230,24.583765,4.67,1.047,18.58,-21.26
16244,52.341793,49.509019,4.67,-0.096,22.16,-29.18
19811,63.722126,40.483724,4.67,1.007,9.72,-21.58
21683,69.818549,15.918024,4.67,0.147,82.40,-19.53
28910,91.538892,-14.935286,4.67,0.046,-16.87,13.16
40167,123.052954,17.648138,4.67,0.531,28.29,-150.94
45075,137.728880,63.513781,4.67,0.381,99.16,-60.96
88128,270.014253,16.750945,4.67,1.254,-7.53,-10.61
90595,277.299383,-14.565805,4.67,0.076,3.07,-3.48
91919,281.084739,39.669977,4.67,0.170,10.55,60.23
96100,293.085777,69.665402,4.67,0.786,598.43,-1738.81
103738,315.322757,-32.257767,4.67,0.890,-2.09,-0.19
7294,23.483025,59.232097,4.68,0.991,-43.06,-23.18
8928,28.733395,-67.647481,4.68,0.931,76.00,73.17
9677,31.122625,-29.296840,4.68,-0.156,12.56,8.54
13879,44.690210,39.662827,4.68,0.065,25.88,-40.67
43878,134.080325,-52.723511,4.68,-0.115,-16.58,14.60
47310,144.614105,4.649414,4.68,1.310,-165.45,-49.93
49029,150.053435,8.044277,4.68,1.589,-30.06,-22.11
52098,159.680053,31.976220,4.68,0.823,0.10,7.18
66006,202.991442,-6.255711,4.68,1.606,-103.80,-43.40
66234,203.614056,49.015906,4.68,0.132,-128.28,27.39
80047,245.086813,-78.695656,4.68,1.680,-9.91,-36.59
96683,294.844185,30.153233,4.68,0.971,1.95,36.07
106786,324.437675,-7.854142,4.68,0.175,114.29,-24.44
112211,340.896886,-18.830307,4.68,1.358,-31.40,-28.02
20732,66.651570,14.713858,4.69,0.979,-7.57,-31.15
24813,79.783660,40.100667,4.69,0.630,519.39,-664.79
37173,114.575197,-25.364788,4.69,-0.100,-2.28,-6.70
38089,117.084365,-47.077532,4.69,1.039,-101.31,-78.38
39211,120.305402,-1.392424,4.69,1.475,65.97,-75.73
52102,159.687552,-59.182999,4.69,1.562,-14.29,0.79
62268,191.407984,-60.981161,4.69,1.049,112.51,-64.86
107136,325.523582,51.189627,4.69,-0.119,5.25,-2.11
108870,330.822665,-56.779806,4.69,1.056,3959.97,-2538.84
116389,353.768877,-42.615101,4.69,0.078,42.18,10.78
24927,80.112132,-21.239739,4.70,-0.048,10.78,-9.91
56633,174.170619,-9.802254,4.70,-0.073,-59.32,2.82
56922,175.053418,-34.744655,4.70,-0.070,-44.04,-1.84
82671,253.498864,-42.362020,4.70,0.444,-0.48,-2.17
91726,280.568426,-9.052554,4.70,0.358,7.87,2.02
98066,298.959271,-26.299687,4.70,0.748,203.96,74.40
104521,317.585296,10.131949,4.70,0.262,49.07,-151.85
113116,343.601601,84.346119,4.70,1.418,98.45,23.89
116247,353.319271,-20.914525,4.70,0.020,-2.55,8.64
13954,44.928735,8.907401,4.71,-0.109,9.22,-14.92
16245,52.342444,-62.938434,4.71,0.410,383.05,373.11
22667,73.133182,14.250778,4.71,1.773,-2.62,-56.13
23693,76.377877,-57.472989,4.71,0.526,-31.87,117.42
25737,82.433256,-1.092176,4.71,1.592,0.19,-26.08
25984,83.181976,32.192031,4.71,0.281,-1.81,-4.00
45902,140.373328,-25.965416,4.71,1.633,-12.28,-9.20
46026,140.801401,-28.833923,4.71,0.892,-128.65,20.58
57283,176.190662,-18.350615,4.71,0.958,27.15,-24.56
63945,196.569710,-48.463254,4.71,-0.148,-29.72,-14.68
68191,209.412237,-63.686616,4.71,1.075,-40.45,-32.83
97938,298.561757,8.461650,4.71,1.023,101.43,-81.28
105140,319.484361,-32.172486,4.71,0.070,55.46,-22.12
114375,347.478654,-22.457592,4.71,0.674,35.92,-7.79
6692,21.482934,68.129947,4.72,1.047,75.07,26.82
25044,80.440615,-0.382469,4.72,-0.168,0.45,1.67
27639,87.760043,37.305682,4.72,1.621,36.96,-44.76
29276,92.574638,-54.968661,4.72,-0.229,-4.11,6.53
40084,122.818005,-12.927018,4.72,0.939,-26.04,8.08
46371,141.826239,-22.343418,4.72,1.154,171.66,-150.17
51056,156.478613,33.796264,4.72,0.260,-75.28,-59.00
51438,157.583646,-71.992720,4.72,0.042,27.94,-30.04
51658,158.308322,40.425540,4.72,0.222,-142.04,8.00
58867,181.080157,-63.165711,4.72,-0.081,-17.19,-0.01
60202,185.179555,17.792653,4.72,1.010,-109.67,88.50
64844,199.385988,40.572563,4.72,0.306,-125.67,18.45
78592,240.699380,46.036854,4.72,-0.094,56.01,-61.25
84514,259.152940,-0.445142,4.72,1.119,-33.09,-63.92
107188,325.664238,-18.866301,4.72,0.868,145.90,-9.05
11313,36.405837,50.278666,4.73,1.532,23.79,-14.35
33202,103.660808,13.178016,4.73,0.321,70.19,-77.79
40096,122.857903,-42.987289,4.73,0.164,-5.33,4.60
53907,165.456954,-2.484497,4.73,1.593,9.58,-36.11
78914,241.622598,-45.173275,4.73,0.230,17.47,37.03
79119,242.243036,36.490109,4.73,1.015,-40.71,343.47
103045,313.163357,-8.983238,4.73,0.325,47.06,-32.91
2505,7.942991,54.522325,4.74,-0.098,40.78,-14.81
6193,19.866575,27.264087,4.74,0.032,26.21,-11.62
11783,38.021988,-15.244320,4.74,0.454,-80.92,-146.84
12413,39.949664,-42.891633,4.74,0.061,92.11,-15.07
15520,49.996903,65.652327,4.74,-0.108,11.27,-14.32
16341,52.654374,-5.075163,4.74,-0.092,13.31,7.34
39903,122.253577,-61.301706,4.74,0.437,-155.04,-297.69
42624,130.304750,-47.317141,4.74,0.137,-10.53,6.87
44390,135.636358,67.629575,4.74,1.542,-22.08,18.15
64924,199.604050,-18.308611,4.74,0.709,-1069.90,-1063.78
69191,212.478986,-53.438726,4.74,0.938,-144.17,-90.54
77661,237.816430,20.977875,4.74,1.534,-54.70,17.99
88116,269.948153,-23.816011,4.74,-0.030,-5.40,-50.30
93542,285.778469,-42.094994,4.74,-0.027,55.74,-45.33
96052,292.943004,34.452977,4.74,-0.150,1.06,-3.58
103632,314.956459,47.520945,4.74,-0.084,7.25,2.47
108874,330.828457,-2.155336,4.74,-0.100,24.81,-11.14
116602,354.462231,-45.492321,4.74,0.082,71.36,-12.34
35020,108.658935,-48.271928,4.75,-0.091,-4.18,0.63
57581,177.060373,-66.814871,4.75,1.522,30.77,-16.25
67786,208.302285,-31.927586,4.75,-0.111,-13.53,-10.74
69713,214.041956,51.367014,4.75,0.236,-149.98,89.42
76880,235.486744,-19.678574,4.75,1.574,-33.21,-104.33
76945,235.670988,-34.710333,4.75,-0.151,-23.96,-30.43
101612,308.894867,-60.581298,4.75,0.291,70.15,-185.58
115088,349.655862,68.111418,4.75,0.836,54.88,10.91
2472,7.853567,-48.803562,4.76,0.018,140.74,19.47
13244,42.618904,-75.066881,4.76,1.337,-33.95,-27.18
13288,42.759775,-21.003979,4.76,0.906,-39.00,-16.63
27750,88.110178,1.855158,4.76,1.382,-7.09,-9.91
29997,94.711583,69.320034,4.76,0.025,-1.64,-101.65
38901,119.417132,-30.334587,4.76,0.151,-8.11,7.14
47522,145.320942,-23.591521,4.76,-0.117,-29.14,3.02
52370,160.558933,-64.466454,4.76,-0.139,-17.75,11.27
55266,169.783098,38.185722,4.76,0.113,-57.15,-68.10
60485,186.006176,51.562229,4.76,0.877,13.15,11.32
63355,194.731108,17.409361,4.76,1.568,-38.66,34.95
65639,201.863492,-15.973631,4.76,1.096,-122.13,21.61
67665,207.947873,34.444318,4.76,1.611,-20.49,-31.82
70264,215.654675,-58.459158,4.76,0.795,-47.03,17.03
84969,260.498062,-67.770650,4.76,1.194,-37.10,-7.78
86486,265.098885,-49.415155,4.76,0.415,104.28,-177.67
94703,289.054332,21.390443,4.76,-0.058,0.73,-6.12
106801,324.480112,62.081947,4.76,0.246,-1.90,-2.84
114155,346.778080,25.468340,4.76,1.285,0.26,-33.31
3455,11.047523,-10.609274,4.77,0.998,-6.96,-113.88
14382,46.385107,56.705548,4.77,1.018,-13.49,70.34
26563,84.721216,-7.212708,4.77,0.139,-15.00,-49.55
32533,101.832685,8.037283,4.77,1.396,-23.34,-11.84
45751,139.943328,-11.974882,4.77,0.927,-27.92,12.16
56127,172.578674,-3.003459,4.77,1.529,19.78,-17.14
62985,193.588226,-9.538946,4.77,1.590,-18.26,-19.72
86201,264.237875,68.757189,4.77,0.430,1.34,321.05
88404,270.770461,-8.180258,4.77,0.410,15.11,-37.61
90905,278.143843,57.045616,4.77,0.611,0.32,-7.09
98761,300.889214,-37.940491,4.77,1.417,64.71,-85.44
100044,304.446685,38.032947,4.77,0.377,-3.53,-6.88
100310,305.165861,-12.759044,4.77,-0.047,15.71,-14.63
101027,307.215099,-17.813668,4.77,0.386,-15.79,-7.66
112519,341.870614,83.153716,4.77,1.257,23.65,47.21
122,0.399379,-77.065294,4.78,1.254,-56.52,-176.95
4147,13.252044,-1.144221,4.78,1.550,6.49,-16.29
9977,32.121441,37.859183,4.78,0.120,154.22,-43.64
17587,56.509719,63.345068,4.78,0.747,-0.94,-8.41
21029,67.639871,16.194076,4.78,0.170,104.98,-25.14
23231,74.982138,-12.537204,4.78,0.267,40.37,-86.89
26199,83.761172,-6.002029,4.78,-0.248,0.59,0.68
39847,122.114598,51.506676,4.78,0.048,-60.10,-2.15
40274,123.373010,-35.899542,4.78,-0.110,-7.30,10.07
47758,146.050543,-27.769563,4.78,0.516,-53.06,37.76
50564,154.934626,19.471436,4.78,0.452,-229.99,-214.66
60351,185.626330,25.846182,4.78,0.515,-10.75,-8.85
64852,199.401195,5.469845,4.78,1.638,-7.16,10.00
70104,215.177296,-45.186881,4.78,0.310,37.17,-73.61
70306,215.774616,-27.753734,4.78,1.300,-201.57,-116.63
85755,262.853962,-23.962580,4.78,0.016,4.91,-25.90
87294,267.546292,-40.090428,4.78,0.259,3.63,-2.73
92024,281.361901,-64.870898,4.78,0.199,32.67,-148.72
110371,335.330532,28.330516,4.78,-0.010,17.42,5.60
110882,336.964488,4.696411,4.78,1.039,77.29,-307.36
1168,3.650450,20.206697,4.79,1.572,90.66,1.88
9153,29.482398,23.596096,4.79,0.290,-91.51,-14.45
22678,73.158330,36.703196,4.79,1.414,-25.97,-3.89
41039,125.632078,-48.490397,4.79,-0.146,-6.28,6.81
45856,140.236793,-62.404633,4.79,0.926,-14.29,0.20
64661,198.812491,-67.894563,4.79,-0.078,-36.92,-10.63
77655,237.808072,35.658226,4.79,0.996,-8.07,-347.41
80815,247.551991,-25.115159,4.79,-0.116,-3.42,-26.52
87220,267.293639,-31.703184,4.79,-0.028,4.22,-7.89
88149,270.065823,4.368647,4.79,-0.100,1.78,-12.95
99824,303.816212,25.591969,4.79,-0.181,6.90,-5.02
109400,332.451529,72.341199,4.79,0.919,33.39,3.09
109908,333.903687,-41.346750,4.79,0.790,46.04,20.45
3300,10.516184,50.512542,4.80,-0.105,12.32,-6.48
4151,13.267831,61.123557,4.80,0.540,-68.45,169.72
15197,48.958445,-8.819840,4.80,0.232,-3.82,45.52
20354,65.388119,46.498963,4.80,-0.022,21.41,-34.97
20542,66.023724,17.444212,4.80,0.154,109.99,-33.47
23364,75.359771,-7.173978,4.80,-0.164,-0.23,5.16
31832,99.832613,42.489012,4.80,1.236,-0.97,-55.65
45038,137.598026,67.134239,4.80,0.489,12.88,-90.85
45493,139.046995,54.021712,4.80,0.199,49.14,59.79
45811,140.120942,-9.555629,4.80,0.913,-13.42,-26.80
52502,161.028905,-63.961101,4.80,-0.134,-17.06,11.97
61394,188.712991,22.629190,4.80,0.012,-57.42,28.53
64022,196.794616,27.624907,4.80,1.482,33.27,-68.21
69112,212.212538,77.547433,4.80,1.368,-30.36,33.39
69879,214.499234,35.509471,4.80,1.057,4.92,14.18
71995,220.855716,26.527891,4.80,1.672,-13.29,-16.68
73568,225.527134,25.008256,4.80,1.506,-5.88,-48.60
79881,244.574670,-28.613776,4.80,0.008,-33.79,-100.59
84573,259.331544,33.100114,4.80,-0.166,-3.68,-5.74
99639,303.325175,46.815670,4.80,0.100,13.39,1.93
103089,313.311439,44.387267,4.80,-0.134,11.27,-2.44
105382,320.189932,-40.809509,4.80,0.029,76.18,17.66
110672,336.319219,1.377392,4.80,-0.171,18.38,3.35
112051,340.439207,29.307689,4.80,-0.013,-2.03,-19.96
24010,77.424831,15.597272,4.81,0.313,-7.12,-16.14
24372,78.439279,-67.185350,4.81,1.274,18.18,38.96
24659,79.370931,-34.894390,4.81,0.987,93.71,-336.53
28237,89.498574,25.953916,4.81,-0.088,-2.85,-1.69
39138,120.083205,-63.567503,4.81,-0.173,-1.88,19.31
47029,143.766052,39.621443,4.81,0.992,-29.64,20.67
55687,171.152522,-10.859383,4.81,1.556,-24.14,24.46
70755,217.050918,-2.227950,4.81,0.693,-140.94,-2.92
90289,276.337648,-20.541609,4.81,1.310,8.26,-28.72
101867,309.630385,21.201180,4.81,-0.030,74.38,-2.48
102724,312.234556,46.114141,4.81,0.571,-2.92,-2.62
9095,29.291637,-47.385299,4.82,0.864,101.65,8.79
24340,78.357215,38.484674,4.82,0.189,-18.66,-72.41
31827,99.819652,-14.145747,4.82,1.459,4.58,-7.00
33092,103.387127,-20.224264,4.82,-0.212,-5.14,4.07
36773,113.449866,-14.523901,4.82,1.362,-7.73,3.62
50799,155.581692,-41.650108,4.82,1.095,-27.23,60.77
51459,157.657351,55.980618,4.82,0.541,-177.02,-33.45
60710,186.632451,-51.450612,4.82,-0.141,-31.04,-9.83
66458,204.365404,36.294841,4.82,0.239,-94.78,23.63
69226,212.599785,25.091823,4.82,0.541,-23.02,-60.07
78554,240.573705,22.804395,4.82,0.066,4.57,24.04
80179,245.518500,1.028922,4.82,0.338,-156.01,48.09
82321,252.309164,45.983448,4.82,0.087,22.78,-51.37
83262,255.265106,-4.222454,4.82,1.483,-40.28,-77.92
90344,276.495783,65.563546,4.82,1.179,106.52,-27.07
92782,283.599026,71.297090,4.82,1.151,48.59,42.11
104019,316.101353,-19.854931,4.82,0.169,-39.01,-24.45
110386,335.379464,12.205173,4.82,-0.132,6.21,5.54
111123,337.661729,-10.677886,4.82,-0.053,1.79,-26.26
115022,349.435901,49.015283,4.82,1.668,34.48,6.74
116901,355.440823,-17.816533,4.82,0.822,13.93,0.11
4292,13.750804,58.972797,4.83,1.216,-32.24,-40.69
6813,21.912855,45.406953,4.83,0.421,356.99,-109.32
12390,39.890549,-11.871582,4.83,0.447,172.01,-236.31
12876,41.385552,-67.616724,4.83,0.058,66.50,44.02
34495,107.212818,-39.655674,4.83,-0.179,-10.97,7.01
35210,109.153487,-23.315602,4.83,1.601,-4.91,3.01
40945,125.345976,-33.054372,4.83,1.419,-11.31,2.38
42726,130.605877,-53.114041,4.83,-0.173,-24.88,23.21
63724,195.888950,-49.527236,4.83,0.029,-46.58,-11.24
73695,225.948674,47.654014,4.83,0.647,-436.24,18.94
74449,228.206686,-44.500360,4.83,-0.177,-20.49,-22.20
80704,247.160520,41.881691,4.83,1.289,29.15,-5.51
83574,256.205629,-34.122922,4.83,0.257,1.98,-3.20
92088,281.518617,26.662071,4.83,1.199,18.68,24.39
93026,284.265142,-5.846214,4.83,1.057,60.77,-40.90
93174,284.681142,-37.107089,4.83,0.396,-132.25,-110.45
7007,22.545596,6.143933,4.84,1.372,293.23,-46.36
10340,33.305587,44.231689,4.84,1.476,-20.58,-15.25
10644,34.260073,34.224830,4.84,0.607,1151.61,-246.32
15457,49.839745,3.369971,4.84,0.681,268.88,93.53
19740,63.484962,9.263898,4.84,0.799,-9.42,-30.60
26777,85.323814,16.534183,4.84,-0.125,5.42,-14.54
37297,114.863975,-38.308060,4.84,-0.189,-21.35,16.03
42134,128.831868,-58.009295,4.84,0.981,53.80,27.30
53807,165.140164,3.617534,4.84,1.144,15.66,-16.24
57328,176.320853,8.258175,4.84,0.174,59.66,-22.80
70027,214.938837,16.306801,4.84,1.228,-140.91,60.31
81008,248.151659,11.488234,4.84,1.495,-178.38,-79.16
81660,250.229664,64.589086,4.84,1.212,-0.04,-16.18
82020,251.324124,56.781687,4.84,0.375,26.31,69.96
98353,299.738235,-26.195827,4.84,0.882,34.50,24.74
112203,340.874870,-41.414118,4.84,1.027,10.23,-93.95
112374,341.407717,-53.500163,4.84,1.180,30.62,17.34
114104,346.653374,59.419765,4.84,-0.060,6.77,-1.97
14862,47.984327,74.393869,4.85,0.035,14.46,-86.21
15416,49.682600,34.222674,4.85,1.491,1.29,-8.68
36431,112.464226,-23.024299,4.85,0.243,-2.65,4.94
49712,152.234390,-51.811262,4.85,-0.120,-14.60,0.51
64408,198.014445,-37.803136,4.85,0.693,-382.44,47.01
74837,229.412033,-63.610487,4.85,1.260,2.12,8.66
87846,269.197607,-44.342199,4.85,1.176,-3.19,-19.50
89918,275.216925,3.377145,4.85,0.911,1.71,8.45
93148,284.615647,-52.938607,4.85,-0.051,11.53,-8.81
2210,6.982136,-33.007045,4.86,1.634,-20.48,-50.39
15382,49.592065,-22.511150,4.86,0.904,12.55,13.07
32438,101.558970,59.441691,4.86,0.084,-18.11,-8.67
42483,129.927045,-29.560862,4.86,0.900,-25.41,-91.25
51808,158.773285,75.712984,4.86,0.957,-45.58,-14.96
64820,199.304312,-66.783423,4.86,1.480,-15.27,-6.34
70327,215.844750,8.446640,4.86,0.010,-75.28,-9.56
71832,220.411485,8.161756,4.86,0.992,-10.21,3.25
80181,245.524542,30.891734,4.86,0.970,-97.35,107.68
81122,248.520918,-44.045309,4.86,0.045,0.52,-2.53
81497,249.687033,48.928277,4.86,1.562,-48.10,26.81
85829,263.066162,55.172807,4.86,0.279,143.71,62.46
86736,265.857729,-21.683086,4.86,0.469,-97.93,-44.57
91918,281.080665,-35.641921,4.86,-0.168,1.21,-26.98
92761,283.542397,-22.744820,4.86,1.412,2.95,-5.70
94643,288.884988,-25.256607,4.86,0.569,47.56,-31.16
101773,309.396832,-61.529744,4.86,0.447,59.15,-71.70
109068,331.419550,5.058285,4.86,1.443,101.60,101.19
6411,20.584971,45.528757,4.87,1.077,32.21,8.73
12093,38.968704,5.593302,4.87,0.880,-28.89,-22.76
15110,48.725478,21.044629,4.87,-0.007,-29.83,-77.15
19777,63.598721,-10.255889,4.87,1.156,-7.61,-162.11
34899,108.305713,-45.182525,4.87,-0.003,-24.84,-88.24
42662,130.430558,-15.943149,4.87,1.063,3.54,-96.82
43825,133.881315,-27.681626,4.87,0.142,83.00,-100.92
48559,148.551827,-25.932482,4.87,1.199,-183.95,56.56
51979,159.307495,-27.412687,4.87,1.626,-112.98,21.52
52736,161.713517,-64.383497,4.87,-0.149,-18.61,9.33
97290,296.590914,-19.760895,4.87,1.061,-128.89,-89.81
106551,323.693656,38.533827,4.87,1.085,116.80,93.30
11345,36.487551,-12.290452,4.88,-0.027,-11.71,-11.37
25539,81.908683,21.936982,4.88,-0.140,1.75,-6.96
27468,87.253998,24.567555,4.88,1.021,12.07,-8.16
27810,88.278685,-33.801440,4.88,-0.154,-4.52,32.40
35412,109.668253,-24.558708,4.88,-0.160,-2.84,2.68
58484,179.907047,-78.221818,4.88,-0.054,-41.24,-8.48
61960,190.470865,10.235843,4.88,0.076,82.62,-89.51
63462,195.068689,30.785037,4.88,1.165,-21.59,-6.38
82860,254.005665,65.134672,4.88,0.481,238.05,50.84
87936,269.449194,-41.716258,4.88,1.617,-1.71,-15.14
91845,280.880168,-8.275243,4.88,1.112,21.29,11.58
94820,289.408690,-18.952882,4.88,1.013,-10.05,-10.64
96341,293.804141,-48.099111,4.88,1.096,-7.04,-37.43
117301,356.764111,58.651852,4.88,1.122,60.70,56.69
118209,359.668377,-3.555807,4.88,0.930,-56.52,-72.34
118243,359.752207,55.754941,4.88,-0.071,9.26,-5.09
910,2.816284,-15.467323,4.89,0.487,-84.20,-269.31
22453,72.477777,37.488181,4.89,1.447,-38.40,38.48
25302,81.186777,1.846446,4.89,-0.200,0.12,-0.60
27511,87.387264,12.651366,4.89,-0.068,-21.63,-17.35
37265,114.791485,34.584633,4.89,0.413,-35.97,-118.03
37908,116.531224,18.510169,4.89,1.425,-75.55,-51.53
51523,157.842645,-53.715993,4.89,0.500,-418.76,209.46
52009,159.388531,-13.384451,4.89,2.800,41.74,-37.83
57443,176.634363,-40.501335,4.89,0.664,-1531.69,403.41
57851,177.963637,-65.205894,4.89,-0.123,-34.37,-6.55
62886,193.324045,21.245021,4.89,0.904,-42.48,-32.00
69896,214.558210,-81.007601,4.89,0.243,-19.95,-65.39
83613,256.344418,12.740855,4.89,0.125,50.63,-11.02
85819,263.043408,55.184111,4.89,0.251,148.53,54.24
97118,296.068965,37.354270,4.89,0.948,72.58,35.14
102831,312.491998,-33.779673,4.89,1.004,3.71,-20.19
111841,339.815329,39.050283,4.89,-0.207,-0.29,-5.70
115990,352.507998,58.548910,4.89,-0.122,18.67,4.22
3801,12.208306,50.968192,4.90,-0.091,30.28,-9.82
6670,21.405039,-14.598754,4.90,1.231,42.54,-17.25
26885,85.619435,1.474665,4.90,1.144,-55.34,-14.85
33485,104.404687,45.094102,4.90,0.027,-21.67,-3.18
62683,192.671612,-33.999268,4.90,-0.031,-29.11,-14.29
64583,198.564284,-59.102859,4.90,0.489,-249.62,-154.60
78655,240.850844,-38.602471,4.90,-0.146,-17.68,-28.54
78821,241.360730,-19.801842,4.90,-0.024,-34.59,-7.47
80686,247.115839,-70.084670,4.90,0.555,199.89,110.77
97679,297.767057,22.610087,4.90,-0.153,23.35,-16.65
102790,312.370538,-46.226892,4.90,1.494,37.85,27.28
12623,40.562204,40.194387,4.91,0.582,-16.84,-182.29
21139,67.969456,-0.043991,4.91,1.320,-3.76,-8.17
23362,75.356491,-20.051881,4.91,-0.047,36.68,-15.47
23835,76.861150,18.645007,4.91,0.657,536.05,18.51
30093,94.998352,-2.944490,4.91,1.613,-7.31,-1.00
34622,107.557008,-4.237636,4.91,1.020,0.00,217.85
34752,107.913718,39.320544,4.91,1.451,44.17,2.09
52085,159.645888,-16.876637,4.91,0.922,-98.57,26.75
61966,190.485820,-59.685811,4.91,-0.044,-24.70,-3.57
66257,203.698943,37.182439,4.91,0.404,84.70,-9.81
73473,225.243282,-8.518935,4.91,0.000,-66.20,-3.40
74604,228.655525,-31.519126,4.91,0.374,-9.72,1.83
81724,250.393318,-17.742165,4.91,1.095,-21.66,-0.92
83608,256.334093,54.469863,4.91,0.471,-66.00,73.86
98055,298.907593,52.439023,4.91,0.124,-36.62,-31.02
101101,307.412328,-2.885476,4.91,1.160,71.88,-22.39
101692,309.181779,-2.549918,4.91,1.606,9.09,-16.05
111310,338.250053,-61.982073,4.91,1.612,40.82,-20.14
113186,343.806768,8.816095,4.91,-0.003,81.88,29.03
9061,29.167328,-22.526712,4.92,1.434,62.22,-30.19
28574,90.460108,-10.597939,4.92,-0.128,-6.88,3.59
28816,91.246386,-16.484427,4.92,0.196,-5.57,-3.17
30520,96.224592,49.287899,4.92,1.905,0.82,-2.48
34059,105.973566,-49.584258,4.92,0.140,-53.69,139.00
36547,112.768668,82.411569,4.92,1.633,-3.71,-42.31
45439,138.903174,-38.569918,4.92,1.084,-71.22,-10.06
54204,166.333469,-27.293596,4.92,0.369,-190.74,-6.87
60697,186.600307,27.268263,4.92,0.277,-14.80,-10.40
66200,203.532939,3.659025,4.92,0.029,43.89,-24.03
67480,207.428416,21.264064,4.92,1.432,21.09,17.00
72104,221.246646,-35.191821,4.92,0.013,10.04,-2.03
75379,231.049709,-10.321895,4.92,0.453,-68.52,-152.65
88726,271.707852,-43.424962,4.92,0.255,9.49,-104.72
89861,275.074598,21.961441,4.92,1.594,17.51,-59.29
90830,277.939317,-45.914744,4.92,-0.101,-3.77,-28.80
92689,283.306422,50.708289,4.92,0.903,4.54,-27.75
102388,311.218847,25.271048,4.92,1.183,-27.74,-177.60
19515,62.710138,-41.993741,4.93,0.334,199.09,69.10
19990,64.315359,20.578740,4.93,0.259,-40.88,-61.45
20252,65.102734,34.566742,4.93,0.950,-24.95,-7.00
23179,74.814064,37.890482,4.93,0.037,46.26,-97.81
36942,113.915417,-52.533808,4.93,1.373,23.44,-11.57
37609,115.751907,58.710487,4.93,0.104,-36.99,-52.11
39079,119.934103,-3.679578,4.93,1.205,-55.17,-1.84
43937,134.243446,-59.229359,4.93,-0.182,-8.43,8.65
47592,145.561131,-23.916209,4.93,0.534,-399.23,263.18
56280,173.068406,-29.261374,4.93,0.540,-20.32,144.40
56986,175.223553,-62.090104,4.93,1.111,-15.00,1.08
59847,184.085647,23.945423,4.93,0.957,-26.85,-5.91
62763,192.924699,27.540734,4.93,0.681,-9.50,-8.82
63503,195.181607,56.366331,4.93,0.368,108.36,2.67
69269,212.710348,-16.302004,4.93,1.684,3.82,-10.87
72631,222.754251,-2.298850,4.93,0.988,87.63,-123.64
73996,226.824779,24.869593,4.93,0.429,184.81,-163.51
79375,243.000006,-10.064185,4.93,0.087,-21.92,-27.95
96483,294.222702,-7.027471,4.93,-0.046,1.29,-2.69
99120,301.846536,-52.880810,4.93,1.591,-12.72,6.88
99303,302.356736,36.839590,4.93,-0.139,3.15,12.96
99770,303.633260,36.806135,4.93,0.151,69.22,68.67
102571,311.794685,34.374103,4.93,1.294,39.26,8.24
114939,349.212294,-7.726466,4.93,1.613,-18.66,-15.43
117073,355.997658,29.361553,4.93,0.935,71.44,-40.78
10280,33.093016,30.303215,4.94,0.770,-64.59,-61.07
13905,44.765457,35.183114,4.94,1.235,-46.49,5.81
33357,104.066621,-48.721164,4.94,1.668,1.57,8.40
35727,110.556375,-19.016584,4.94,-0.039,-1.66,-6.43
39424,120.879580,27.794418,4.94,1.130,-28.53,-35.25
43347,132.448535,-45.307910,4.94,0.043,-12.39,14.42
48615,148.717655,-19.009270,4.94,1.559,-46.09,-37.04
50933,156.032745,65.566474,4.94,-0.052,-8.93,-20.83
51495,157.758644,-73.221509,4.94,1.677,-7.45,7.64
64166,197.263679,-23.117973,4.94,1.048,-19.97,-39.90
64540,198.429090,40.152848,4.94,1.061,-52.19,15.50
80650,246.996055,68.768055,4.94,-0.051,-24.53,33.82
93279,285.003423,32.145491,4.94,1.465,6.13,9.75
99742,303.569107,15.197468,4.94,0.072,55.69,57.98
101138,307.514716,48.951550,4.94,-0.087,10.01,7.64
109422,332.535348,-32.548440,4.94,0.489,428.62,13.83
3414,10.867045,47.024637,4.95,0.170,-24.52,-37.16
6242,20.020490,58.231616,4.95,0.683,-1.31,-2.19
18505,59.355981,63.072249,4.95,-0.074,7.58,6.01
26736,85.211316,-1.128786,4.95,-0.197,-1.85,-0.68
29434,93.013651,16.130447,4.95,-0.149,5.57,-16.77
55945,171.984291,2.856291,4.95,1.000,17.32,-10.41
61384,188.683605,70.021773,4.95,1.312,-30.40,-1.36
78207,239.547401,-14.279318,4.95,-0.080,-12.29,-16.77
79509,243.369726,-54.630413,4.95,1.017,-5.33,-22.48
79822,244.377088,75.754704,4.95,0.393,-89.94,257.80
98068,298.965672,38.486704,4.95,-0.086,1.46,0.60
98608,300.436343,-59.375828,4.95,1.356,19.73,-26.89
112917,343.008114,43.312365,4.95,1.559,109.36,21.54
115738,351.732939,1.255838,4.95,0.036,85.60,-94.43
117245,356.598070,3.486872,4.95,2.508,-35.00,-25.00
7818,25.145017,40.577106,4.96,-0.068,16.67,-23.50
7918,25.443815,42.613807,4.96,0.618,791.35,-180.16
11918,38.461302,-28.232340,4.96,-0.050,-12.69,-1.40
15648,50.360863,43.329652,4.96,0.051,-60.43,-0.38
20877,67.109855,16.359629,4.96,1.137,8.12,17.79
24822,79.819124,22.096691,4.96,0.937,19.62,-81.08
27949,88.711608,55.706905,4.96,0.052,-3.65,17.20
67494,207.468102,-18.134076,4.96,1.059,-99.34,-37.71
78180,239.448304,54.749504,4.96,0.269,-150.18,106.47
78650,240.836112,-25.865149,4.96,1.234,-67.89,-37.57
88657,271.507953,22.218892,4.96,1.656,-13.33,-5.26
89153,272.930533,-23.701168,4.96,1.055,7.82,-27.75
89172,272.975695,31.405288,4.96,1.643,-14.46,25.21
115590,351.209363,62.282839,4.96,1.676,12.24,-13.25
5862,18.794032,-45.532097,4.97,0.571,664.47,178.12
9009,29.000016,68.685265,4.97,-0.084,13.82,-9.73
17313,55.594348,33.965039,4.97,-0.048,4.39,-5.21
18772,60.325296,-61.079051,4.97,1.386,66.66,94.51
20250,65.088478,27.350941,4.97,1.150,-29.04,-76.97
28010,88.874543,-37.120609,4.97,1.102,36.65,-24.08
38538,118.374319,26.765859,4.97,0.098,-34.02,-31.17
50847,155.742414,-66.901525,4.97,-0.128,-22.84,11.04
60172,185.088136,3.312727,4.97,1.172,-293.82,-62.85
65721,202.108127,13.780188,4.97,0.714,-234.81,-576.19
70753,217.043514,-29.491580,4.97,-0.074,-24.87,-23.81
76742,235.070439,-23.818058,4.97,1.302,-15.62,-8.18
79790,244.253898,-50.068112,4.97,0.788,-2.24,-3.96
83430,255.782733,14.092100,4.97,1.600,25.96,-63.21
116310,353.488139,31.325322,4.97,1.383,50.22,-18.45
116758,354.945987,-14.222043,4.97,0.257,51.80,-55.58
117221,356.508496,46.420291,4.97,1.086,9.05,-6.25
7999,25.681320,-3.690117,4.98,1.378,-11.67,-34.38
10053,32.355359,25.939973,4.98,0.339,77.50,-33.10
13884,44.699025,-64.071297,4.98,0.126,22.96,5.39
23783,76.669410,51.598143,4.98,0.343,-29.31,-173.95
26220,83.815929,-5.387315,4.98,0.000,-0.92,0.13
26235,83.845416,-5.416063,4.98,-0.097,1.68,1.50
37379,115.096717,-15.263852,4.98,1.543,-2.27,-28.04
42509,130.006331,-12.475374,4.98,1.415,-79.88,0.93
53824,165.186801,6.101503,4.98,0.166,-51.03,-22.24
57696,177.485946,-70.225786,4.98,1.360,-7.61,-1.96
60746,186.747100,26.825722,4.98,0.088,-11.58,-9.23
76041,232.945801,40.899369,4.98,0.086,-13.73,-14.92
78493,240.360794,29.851078,4.98,-0.050,-38.20,-6.90
90156,275.977704,58.800585,4.98,0.082,-37.64,62.08
92951,284.060887,4.202057,4.98,0.204,52.42,31.17
95066,290.136826,-5.415875,4.98,0.937,113.42,44.83
98073,298.980785,58.846020,4.98,1.584,-9.00,-20.86
355,1.125510,-10.509494,4.99,1.619,-6.49,-11.88
9505,30.575309,54.487549,4.99,-0.071,33.79,-3.40
16147,52.012709,49.062931,4.99,-0.091,21.94,-26.83
17304,55.562080,-31.938396,4.99,-0.159,5.16,14.23
18488,59.284553,61.108917,4.99,1.435,-3.40,-14.06
21644,69.723307,-12.123078,4.99,0.074,-65.10,-17.68
25142,80.708339,3.544448,4.99,-0.096,-2.00,1.80
32844,102.691513,41.781565,4.99,1.256,-23.94,-138.02
32855,102.718122,-34.367321,4.99,1.379,4.52,0.85
33971,105.728248,-4.239238,4.99,-0.195,-4.73,2.81
36041,111.412078,9.276118,4.99,0.991,-2.95,-8.65
40259,123.333229,-15.788215,4.99,1.066,-11.52,-2.85
44659,136.493241,5.092342,4.99,1.189,-18.97,-11.01
45085,137.768344,-44.867912,4.99,0.222,-4.42,4.32
46771,142.986635,11.300031,4.99,1.046,-89.92,-84.00
55560,170.706724,43.482737,4.99,0.998,-36.87,-13.85
59856,184.125728,33.061799,4.99,1.140,-54.87,-111.87
66821,205.436728,-54.559365,4.99,-0.055,-43.65,-24.58
69389,213.065960,2.409496,4.99,-0.118,-44.67,-26.10
75206,230.534975,-47.927470,4.99,0.515,-141.44,-132.58
75312,230.800943,30.288241,4.99,0.577,125.77,-176.48
78323,239.876233,-41.744396,4.99,0.988,-37.76,-16.51
89348,273.472327,64.397199,4.99,0.440,351.62,36.05
95372,291.031549,29.621311,4.99,-0.120,10.57,10.85
98842,301.081512,-32.056269,4.99,1.208,43.01,-10.78
109289,332.108034,-34.043721,4.99,1.499,5.98,-49.37
113288,344.108328,49.733551,4.99,1.778,0.05,-2.87
115115,349.740212,-9.610731,4.99,-0.022,43.47,-7.80
19018,61.113182,59.155508,5.00,0.495,-1.79,-0.38
25278,81.105460,17.383552,5.00,0.544,250.40,-7.42
29034,91.881800,-37.252921,5.00,-0.095,0.90,0.30
29735,93.936995,-13.718387,5.00,-0.078,12.26,-11.08
33345,104.027695,-14.043446,5.00,1.182,-1.70,6.89
35384,109.633246,49.464746,5.00,0.087,-1.36,3.91
47205,144.302952,6.835775,5.00,1.051,-70.26,11.03
55588,170.802926,-36.164768,5.00,1.464,-26.52,-0.63
57175,175.879999,-62.489399,5.00,0.784,-5.85,1.14
76008,232.854392,77.349339,5.00,1.545,-46.89,5.31
79043,242.018944,17.046993,5.00,0.931,-34.29,-5.46
88060,269.771999,-30.253005,5.00,1.654,2.51,-8.30
88788,271.869743,43.462032,5.00,0.913,1.94,-58.00
92845,283.779467,-22.671253,5.00,1.348,110.34,-30.79
93408,285.359832,46.935022,5.00,0.186,13.58,-86.10
94490,288.479853,57.705255,5.00,1.156,-17.10,-63.15
96275,293.645367,19.773397,5.00,-0.093,13.41,2.22
97295,296.606600,33.728688,5.00,0.476,23.05,-448.66
118121,359.395716,-64.298083,5.00,0.060,78.86,-61.10
841,2.580175,46.072271,5.01,0.405,4.51,0.21
2219,7.011852,17.893075,5.01,1.584,114.91,20.48
7719,24.837579,44.386128,5.01,0.883,-20.49,14.95
23430,75.540692,-26.274843,5.01,1.056,85.79,-76.63
24504,78.851715,32.687570,5.01,0.222,-27.05,12.47
29353,92.812563,-65.589705,5.01,1.599,-22.98,118.34
29919,94.478467,61.515292,5.01,1.843,-9.61,-2.37
36429,112.453255,27.916199,5.01,1.117,-23.96,-21.67
38423,118.065846,-34.706021,5.01,0.470,-198.24,238.13
42088,128.681703,-49.944246,5.01,1.304,-12.56,17.66
46950,143.536672,-51.255282,5.01,-0.180,-8.50,6.39
52425,160.766831,69.076245,5.01,1.406,0.28,-12.86
56862,174.873471,-65.397749,5.01,0.804,-28.52,-7.01
60059,184.749286,-55.142975,5.01,1.600,-70.44,-11.06
60646,186.462488,39.018699,5.01,0.955,-78.10,-34.00
60998,187.528172,69.201261,5.01,1.621,-63.12,-56.48
84833,260.078607,18.057216,5.01,1.654,8.99,-55.69
97496,297.244370,19.141978,5.01,0.095,17.91,26.47
98258,299.487585,-15.491263,5.01,0.055,17.83,-93.66
20901,67.208754,13.047639,5.02,0.215,105.17,-15.08
25292,81.163092,37.385375,5.02,1.445,-0.27,-12.13
46880,143.301969,-21.115759,5.02,1.023,-20.19,15.09
51635,158.237003,-47.003369,5.02,1.045,-24.04,6.83
53426,163.935261,33.506996,5.02,1.101,-111.67,-27.59
68103,209.142344,27.492198,5.02,1.441,28.19,-47.76
72800,223.212870,-37.803116,5.02,-0.155,-20.60,-17.96
74793,229.274507,71.823878,5.02,1.369,3.73,9.37
87212,267.268058,50.780545,5.02,0.043,-51.89,218.15
87234,267.362237,76.962278,5.02,0.518,37.33,247.98
89981,275.386187,49.121469,5.02,1.619,-24.18,51.06
91975,281.208054,2.060075,5.02,-0.055,8.80,-15.06
93057,284.335324,-20.656334,5.02,0.137,-1.58,-4.75
95477,291.318544,-24.508449,5.02,0.235,63.61,-51.90
107608,326.934055,-30.898306,5.02,0.042,-34.53,0.64
9836,31.641302,22.648404,5.03,0.121,20.62,-35.84
22479,72.548288,-16.217283,5.03,0.992,44.95,51.26
28675,90.814838,-26.284750,5.03,1.335,66.18,84.77
35226,109.205899,-36.592648,5.03,-0.161,-10.39,6.21
37891,116.486986,-14.563820,5.03,0.342,-11.17,6.28
41639,127.364533,-44.724828,5.03,-0.168,-5.85,6.41
53721,164.867566,40.430123,5.03,0.624,-315.92,55.15
61418,188.782344,18.377001,5.03,1.152,-4.58,23.30
66803,205.403461,-8.703082,5.03,1.623,-91.65,40.28
69618,213.738183,-57.086075,5.03,-0.074,-23.97,-20.97
82504,252.938564,24.656420,5.03,1.246,10.30,5.45
83336,255.469372,-32.143401,5.03,-0.100,-9.64,-48.35
84671,259.654107,10.864713,5.03,1.539,8.08,-97.65
91755,280.658151,55.539400,5.03,-0.070,-2.65,23.36
95261,290.713252,-54.423729,5.03,0.020,25.57,-83.03
95937,292.665933,-2.788861,5.03,1.770,23.06,-10.53
97635,297.657224,52.988167,5.03,1.286,-10.28,-67.99
103200,313.640155,28.057632,5.03,1.481,0.12,-4.17
183,0.582976,-29.720448,5.04,-0.150,9.66,14.00
5317,17.002994,43.942241,5.04,0.109,160.96,-61.32
8241,26.525579,-53.522181,5.04,0.031,126.45,59.04
15219,49.050853,50.937711,5.04,1.107,-1.31,-19.23
21861,70.514360,-37.144766,5.04,0.391,46.90,193.14
28325,89.767949,-9.558140,5.04,0.189,8.45,-45.52
28991,91.764012,-62.154411,5.04,1.256,21.44,-69.66
29800,94.110708,12.271710,5.04,0.431,83.07,186.28
32173,100.770868,44.524524,5.04,1.479,-45.05,-30.28
35846,110.868976,25.050600,5.04,0.902,-66.59,-28.44
37300,114.869130,17.674516,5.04,1.616,2.26,1.34
37606,115.738171,-45.171773,5.04,0.765,-77.76,-553.41
39690,121.668099,-45.266042,5.04,1.488,-5.28,11.00
58905,181.194432,-76.519175,5.04,1.491,-77.48,46.84
64407,198.014519,-16.197903,5.04,0.460,96.17,-287.23
65468,201.280668,-74.887497,5.04,1.110,-108.28,-132.08
65810,202.355231,-51.165115,5.04,0.059,-1.50,-7.79
74778,229.237076,-60.957245,5.04,-0.077,-2.02,-4.08
74975,229.827416,1.766656,5.04,0.540,373.24,-513.64
75973,232.732295,40.833068,5.04,1.589,11.02,-8.81
77811,238.333587,-20.166994,5.04,-0.014,-3.61,-19.00
105186,319.613257,43.945967,5.04,-0.061,4.52,-9.07
106711,324.237404,40.413491,5.04,0.198,-1.50,12.47
108535,329.812932,73.180284,5.04,0.439,-68.28,-159.81
111710,339.439254,-4.227763,5.04,1.140,-68.36,-120.47
15444,49.781744,50.095028,5.05,-0.067,22.38,-25.26
17851,57.296684,24.136826,5.05,-0.082,18.71,-46.74
23649,76.241469,-49.577830,5.05,1.484,68.74,-3.03
24879,80.003838,33.958063,5.05,0.287,0.02,-3.68
31765,99.656802,-48.220231,5.05,0.997,3.92,19.83
37391,115.129548,87.020156,5.05,1.604,-53.48,-26.85
42430,129.783624,-22.662906,5.05,0.720,-268.26,424.08
88745,271.756698,30.561868,5.05,0.528,-100.93,111.70
109556,332.877435,59.414515,5.05,0.192,-7.22,-11.06
114347,347.381062,8.677172,5.05,1.484,3.71,-4.52
115227,350.085571,5.381452,5.05,1.204,78.53,-59.35
117371,356.978115,67.806813,5.05,0.007,14.55,-1.89
17296,55.538946,63.216759,5.06,1.651,-16.97,19.34
24505,78.851522,-26.943437,5.06,-0.067,10.88,-29.41
25045,80.442782,-24.772950,5.06,0.662,-20.55,-12.99
29134,92.184767,-68.843457,5.06,-0.072,-50.90,19.68
29417,92.965901,-6.550283,5.06,-0.201,-3.54,-1.83
30772,96.989883,-4.762147,5.06,-0.175,-4.23,-3.14
36817,113.577808,-23.473663,5.06,0.468,-88.67,0.97
40680,124.578240,-65.613246,5.06,1.129,20.70,22.11
49485,151.546755,-47.369865,5.06,0.880,-10.84,-53.46
53838,165.210334,39.212132,5.06,0.255,-80.94,-16.34
70248,215.596654,-80.108911,5.06,-0.108,-10.89,-14.13
84033,257.676460,-44.557551,5.06,0.867,-33.25,-69.11
96825,295.208806,45.524649,5.06,0.426,84.06,120.38
96950,295.629552,-16.123974,5.06,0.319,67.78,-9.23
98571,300.339785,50.104680,5.06,1.122,16.31,6.14
101868,309.632951,24.115977,5.06,-0.133,9.99,-7.80
102843,312.520132,44.058982,5.06,0.198,122.68,132.30
102950,312.875208,-51.608167,5.06,1.125,-0.24,-4.95
104755,318.335160,-70.126217,5.06,1.578,41.42,-20.34
117718,358.122051,19.120370,5.06,1.587,-6.42,-34.22
2578,8.182476,-63.031379,5.07,0.038,86.15,-49.85
3810,12.244624,16.941134,5.07,0.502,-2.33,-201.57
14954,48.193015,-1.195933,5.07,0.575,193.43,-69.23
21060,67.708740,-44.953744,5.07,-0.194,2.44,-2.48
21727,69.977863,53.079574,5.07,1.079,-7.38,-15.95
25282,81.120463,-0.891669,5.07,0.961,-5.03,140.19
33558,104.604607,-34.111726,5.07,-0.154,-16.54,7.15
34909,108.342779,16.159068,5.07,1.653,14.66,-41.80
36393,112.335264,28.118404,5.07,0.120,-33.30,-52.91
38010,116.854166,-38.511156,5.07,-0.112,-9.94,4.69
46774,142.989927,9.715798,5.07,1.364,-8.89,-12.96
46928,143.472938,-80.941294,5.07,-0.139,-34.61,14.67
47452,145.076580,-14.332245,5.07,-0.149,-26.32,-19.25
48437,148.126962,-8.104916,5.07,0.038,-61.83,-47.21
51775,158.700307,6.953611,5.07,0.921,-100.19,56.60
56243,172.941971,-59.442064,5.07,1.026,-4.08,1.14
69415,213.191805,-27.261100,5.07,1.130,-13.44,-35.52
81292,249.057217,52.924356,5.07,-0.027,-12.28,27.38
83947,257.388673,40.777015,5.07,1.275,-43.78,7.37
85805,262.991208,68.134702,5.07,1.077,-13.56,132.70
90853,278.008101,-45.757354,5.07,-0.127,1.26,-11.55
93867,286.744181,11.071305,5.07,-0.055,-0.27,-31.47
101916,309.781635,10.086152,5.07,0.702,323.58,21.07
107763,327.461175,30.174279,5.07,0.010,18.89,-26.14
109017,331.286630,62.279821,5.07,0.240,-1.76,-3.01
2854,9.034531,54.168454,5.08,-0.098,22.98,-1.52
17771,57.067717,11.143366,5.08,-0.125,28.25,-29.82
21673,69.788322,15.800034,5.08,0.141,32.40,-77.67
22565,72.843389,18.839941,5.08,0.214,79.66,-32.76
25110,80.640739,79.230757,5.08,0.506,-78.60,161.13
25541,81.912031,34.475986,5.08,1.400,-1.44,-38.81
29271,92.559180,-74.752528,5.08,0.714,121.84,-212.82
32558,101.905098,-8.998501,5.08,1.795,-4.21,-0.61
38872,119.326794,-44.109876,5.08,-0.166,-11.48,6.92
41483,126.902712,-53.088540,5.08,0.256,-67.63,24.72
48113,147.146604,46.021233,5.08,0.619,222.07,-92.62
51437,157.572929,-0.636972,5.08,-0.138,-40.12,-22.17
51718,158.503713,-23.745216,5.08,1.596,-10.44,21.15
51912,159.085685,-59.564295,5.08,1.172,-39.90,-39.92
52457,160.854291,23.188384,5.08,0.042,-116.66,8.27
55598,170.841968,-18.779903,5.08,0.439,-305.91,-29.06
63005,193.653839,-57.168644,5.08,-0.089,-32.35,-10.93
73129,224.183343,-62.780988,5.08,-0.023,-12.41,-11.78
92814,283.679647,-15.603022,5.08,0.141,-2.38,-5.64
99080,301.722491,23.614424,5.08,-0.162,15.18,0.45
100881,306.830015,-18.211694,5.08,-0.049,10.32,-10.87
108036,328.323266,-13.551801,5.08,0.378,313.03,13.67
111532,338.940736,73.643127,5.08,0.395,173.32,25.14
3781,12.146327,-74.923354,5.09,1.345,133.21,-34.59
9110,29.337639,17.817589,5.09,0.921,34.28,-23.71
16292,52.500960,55.451837,5.09,0.022,-45.38,-11.77
23265,75.086321,81.194021,5.09,1.304,0.99,27.47
31278,98.408003,-1.220111,5.09,-0.132,2.14,-17.68
35699,110.487081,20.443716,5.09,1.528,-62.05,-23.95
36114,111.591065,-51.018496,5.09,1.038,-5.50,6.09
39023,119.773844,-23.310403,5.09,1.111,-11.74,2.75
40321,123.492992,-36.322300,5.09,-0.184,-8.66,7.89
43413,132.639433,-46.529196,5.09,-0.205,-2.76,3.84
46283,141.574906,-53.378936,5.09,-0.102,-19.94,11.06
47965,146.631934,57.127990,5.09,1.594,0.12,33.12
48224,147.488173,-45.732760,5.09,-0.098,-24.87,10.07
55597,170.839298,-64.954731,5.09,-0.061,-22.59,7.00
59819,184.000979,14.899145,5.09,0.068,-80.58,-30.52
77660,237.815198,-3.090430,5.09,0.135,-92.51,-27.56
79302,242.758863,-29.416007,5.09,1.131,-85.58,-87.92
87194,267.204788,25.622962,5.09,1.141,-3.67,-38.51
90037,275.577517,-38.656825,5.09,1.498,-42.28,-28.28
98920,301.289478,19.990877,5.09,1.058,30.61,79.65
106999,325.046087,43.273800,5.09,1.601,60.51,16.08
108022,328.265678,25.925139,5.09,-0.155,9.12,0.34
109102,331.508166,45.014386,5.09,1.568,-9.35,-15.36
110256,335.006168,-80.439643,5.09,1.276,56.36,-42.78
113788,345.651404,42.757806,5.09,0.094,55.67,-4.77
115444,350.768988,12.313952,5.09,1.315,18.98,-17.15
117020,355.843152,10.331509,5.09,1.692,4.93,11.40
13775,44.322002,31.934294,5.10,-0.007,3.02,-31.13
15737,50.688634,20.742105,5.10,1.231,-49.22,-14.88
19461,62.511607,80.698674,5.10,0.589,-11.57,3.00
20522,65.965990,9.460984,5.10,0.074,-21.02,-6.65
27534,87.473140,-66.901231,5.10,-0.128,-22.10,18.08
57613,177.187939,-26.749754,5.10,1.594,-34.88,-9.68
64803,199.221297,-31.506077,5.10,0.959,34.60,-49.27
70400,216.047460,5.820115,5.10,0.124,-77.91,6.49
78481,240.309775,17.818026,5.10,0.992,-46.09,152.84
82129,251.666725,-67.109658,5.10,-0.080,-15.20,-13.34
85162,261.054553,-44.162502,5.10,-0.052,-6.87,-30.41
88899,272.220243,20.045284,5.10,0.176,8.45,-21.05
94885,289.635370,1.085085,5.10,1.143,11.24,17.87
106944,324.888687,2.243763,5.10,1.034,-32.70,-84.17
107382,326.251029,-9.082424,5.10,1.108,12.96,-1.65
113561,345.021266,56.945381,5.10,1.011,-2.94,-3.09
117689,358.027891,-82.018768,5.10,0.934,-49.07,-20.91
6960,22.400418,-21.629347,5.11,0.028,55.64,3.22
18213,58.412184,-34.732295,5.11,-0.133,31.99,-0.81
23941,77.181945,-4.456246,5.11,0.455,55.62,16.03
33104,103.426005,68.888292,5.11,-0.114,4.53,7.30
35406,109.659136,-36.742749,5.11,-0.170,-10.15,5.90
48833,149.421435,41.055697,5.11,0.481,-116.94,-26.26
54461,167.141690,-61.947180,5.11,0.195,-5.82,2.03
65535,201.531829,-39.754965,5.11,1.181,168.31,-58.60
77982,238.873389,-68.602986,5.11,1.108,-8.90,-6.27
90191,276.057507,39.507250,5.11,0.047,-21.31,-4.56
91875,280.945588,-38.323311,5.11,0.075,1.12,-53.81
94083,287.290619,76.560793,5.11,0.308,51.63,-119.80
101983,310.009443,-60.547509,5.11,0.544,312.88,-568.99
102693,312.120832,-43.988271,5.11,0.361,175.78,-112.17
108317,329.163101,63.625567,5.11,1.547,-0.33,-3.82
109973,334.110702,-41.627202,5.11,0.930,-13.56,-9.50
111795,339.657780,56.795710,5.11,1.537,52.42,-32.28
112242,341.022856,41.819227,5.11,0.960,-8.33,3.11
8882,28.591918,-42.496881,5.12,-0.060,-34.32,-28.34
14240,45.903766,-59.737620,5.12,0.349,-72.81,-63.89
23794,76.690195,-4.655163,5.12,-0.059,10.05,0.00
34670,107.697911,-48.932577,5.12,1.251,-17.24,196.97
35710,110.511202,36.760638,5.12,1.082,-98.60,-22.08
37664,115.924282,-40.933330,5.12,1.104,131.14,-171.23
38373,117.924987,1.766878,5.12,-0.116,-13.97,-3.78
45505,139.095989,-44.265746,5.12,1.636,-2.54,4.66
46914,143.435666,-49.005093,5.12,-0.114,-23.39,8.78
52353,160.486593,65.716462,5.12,1.207,-162.71,-75.04
53261,163.393828,54.585152,5.12,1.355,-66.85,-9.83
56250,172.953364,-59.515649,5.12,0.432,-6.59,0.67
61468,188.940061,-41.021947,5.12,0.224,-107.25,1.11
62356,191.661472,16.577649,5.12,1.346,12.55,17.39
86796,266.036321,-51.833588,5.12,0.694,-15.06,-191.17
89935,275.254240,28.869835,5.12,0.212,4.01,48.81
90806,277.859586,-18.402645,5.12,0.016,-6.98,-21.43
91105,278.759848,-10.977194,5.12,0.926,49.10,-5.04
95951,292.689153,27.965279,5.12,-0.095,-1.95,-0.98
96327,293.780222,-10.560436,5.12,1.122,6.87,-3.04
97675,297.756251,10.416054,5.12,0.563,240.09,-134.51
101477,308.479430,-44.515961,5.12,0.999,11.17,-35.67
110391,335.398231,-21.598024,5.12,1.057,-11.34,-84.57
113860,345.874013,-34.749617,5.12,0.305,74.80,84.45
145,0.455989,-3.027479,5.13,-0.128,18.90,-10.25
1158,3.614968,-7.780538,5.13,1.601,61.01,2.36
6061,19.449934,3.614520,5.13,0.071,-48.38,-22.37
11477,37.007042,-33.811052,5.13,0.089,18.56,5.52
15890,51.169005,64.585996,5.13,2.038,-3.24,0.13
26221,83.818609,-5.389696,5.13,0.020,-0.92,0.13
40843,125.016135,27.218621,5.13,0.487,-18.38,-376.26
41325,126.478280,7.564529,5.13,0.934,-33.74,-9.57
56332,173.225625,-31.087235,5.13,1.581,-28.55,4.02
69038,211.982277,43.854525,5.13,1.493,11.73,-29.76
73826,226.329785,-41.067234,5.13,1.011,22.64,-0.84
76259,233.655456,-28.046907,5.13,1.306,16.72,-31.22
79653,243.813947,-47.371910,5.13,-0.114,-36.77,-45.86
84887,260.225910,24.499440,5.13,0.000,-19.36,-1.91
94302,287.918838,56.859096,5.13,1.008,48.09,48.00
104043,316.179286,-77.022869,5.13,0.490,13.83,-369.38
118234,359.732181,-52.745956,5.13,1.121,57.93,61.46
2900,9.193629,44.488510,5.14,1.587,-36.70,31.77
5799,18.599862,-7.923500,5.14,0.448,123.67,277.58
16322,52.601983,11.336481,5.14,-0.041,-11.71,-16.08
17886,57.386260,33.091381,5.14,0.057,-18.15,0.30
25429,81.580321,-58.912599,5.14,0.986,-8.22,32.22
28691,90.864001,19.690610,5.14,-0.097,9.81,-20.29
32765,102.477571,-46.615470,5.14,0.460,-0.56,374.38
32864,102.737867,67.571923,5.14,-0.152,0.93,4.58
33779,105.214605,-51.402634,5.14,1.652,-21.64,20.12
34033,105.908638,10.951846,5.14,1.391,-2.03,-11.98
34105,106.076329,-56.749731,5.14,-0.032,10.99,2.85
37088,114.319711,-4.111022,5.14,0.442,-67.41,17.74
38016,116.876403,33.415767,5.14,1.635,-18.81,-28.63
38917,119.465556,-45.577745,5.14,1.263,-17.29,31.33
39567,121.268791,13.118371,5.14,0.018,-35.20,-63.86
40285,123.400680,-46.991653,5.14,-0.139,-10.31,10.34
52742,161.739562,-56.757191,5.14,-0.080,-21.25,-0.58
56000,172.146280,-42.674218,5.14,-0.028,-34.61,6.27
56656,174.253340,-61.283446,5.14,1.105,-228.21,1.73
59504,183.049638,77.616192,5.14,0.358,10.53,20.18
60221,185.232149,-13.565749,5.14,1.048,-5.09,10.27
64906,199.560585,49.682015,5.14,-0.049,-33.34,19.42
70012,214.885623,-2.265344,5.14,1.023,-119.29,-71.87
76307,233.812084,39.010046,5.14,1.650,24.61,8.63
78105,239.222840,-33.966022,5.14,0.129,23.80,-45.97
84626,259.502986,-24.286883,5.14,1.046,-59.49,-7.69
93163,284.652478,-60.200629,5.14,1.355,-125.01,32.47
94477,288.427915,2.293714,5.14,-0.071,5.78,-2.58
95498,291.368931,19.798539,5.14,0.999,96.65,-71.49
97870,298.322379,57.523463,5.14,-0.125,5.96,7.64
100122,304.662791,34.982784,5.14,0.660,0.10,-3.81
102157,310.487763,-66.760625,5.14,-0.061,8.89,-23.23
5544,17.778222,31.424766,5.15,0.261,-8.70,-12.02
9459,30.426677,-44.713390,5.15,1.471,-31.80,-48.79
11784,38.025566,36.147231,5.15,1.472,47.82,16.43
29895,94.423886,-16.815913,5.15,1.293,-14.87,2.07
37946,116.663580,37.517363,5.15,1.588,30.18,12.70
42834,130.917817,-49.822811,5.15,-0.197,-3.56,3.65
43531,132.986843,43.726492,5.15,0.971,-13.91,45.63
44857,137.098055,66.873333,5.15,1.514,-23.01,-40.54
47654,145.738494,72.252685,5.15,1.029,-26.71,-27.49
50083,153.377844,-66.372839,5.15,0.217,-34.35,11.53
54360,166.819817,-42.638781,5.15,0.029,-82.12,41.21
56754,174.530716,-61.826555,5.15,-0.040,-62.04,-3.49
58803,180.913812,-42.433787,5.15,0.417,323.63,-110.85
60320,185.530778,-67.522093,5.15,0.195,-31.28,-5.16
64078,196.974179,-10.740385,5.15,1.138,16.03,-9.38
67244,206.734839,-36.251905,5.15,-0.007,-13.28,-11.50
72197,221.500741,-25.442916,5.15,0.315,-151.50,-109.07
72603,222.671932,-15.997092,5.15,0.401,-135.93,-59.47
74605,228.658348,67.347676,5.15,0.550,221.51,-392.30
74707,229.016798,-41.491143,5.15,0.564,-10.38,-4.87
75761,232.159527,1.842163,5.15,0.245,-84.56,-33.48
82073,251.457888,8.582578,5.15,1.535,-2.86,15.67
98425,299.979980,37.042886,5.15,-0.133,0.41,-0.24
101936,309.853464,0.486492,5.15,1.060,103.00,-19.44
101984,310.012327,-18.138606,5.15,1.647,-22.73,-21.63
102531,311.661949,16.124624,5.15,0.495,-6.10,-201.74
114520,347.934145,8.720128,5.15,0.139,-8.93,-5.05
1686,5.280108,37.968700,5.16,0.442,58.32,-39.65
11060,35.589309,55.845656,5.16,0.369,0.36,-1.19
13717,44.156021,-3.712215,5.16,0.084,-35.75,-43.31
15404,49.657170,50.222235,5.16,-0.073,22.45,-25.10
27621,87.721744,-52.108687,5.16,0.960,2.42,-76.29
31084,97.845915,-12.391909,5.16,1.262,42.10,-17.87
38382,117.943099,-13.897191,5.16,0.600,-68.46,-344.83
40429,123.816475,-62.915617,5.16,0.086,-26.87,-10.95
44946,137.339725,22.045447,5.16,0.970,-0.48,-0.70
51814,158.790093,57.082547,5.16,0.349,65.65,37.11
67929,208.675818,-1.503071,5.16,1.093,-85.06,-21.93
73776,226.200205,-64.031373,5.16,0.935,102.92,9.47
75530,231.447522,15.428054,5.16,1.650,-14.02,-7.51
76243,233.610552,-9.183350,5.16,-0.090,-32.01,-27.31
90887,278.088778,-39.703909,5.16,0.079,31.98,-37.62
105570,320.723257,6.811113,5.16,0.064,52.66,11.15
107095,325.387220,-14.046860,5.16,0.672,-122.06,-308.64
112935,343.099027,9.835557,5.16,0.487,521.86,44.10
2381,7.594463,-23.787714,5.17,0.128,-26.95,13.97
3909,12.532185,-10.643770,5.17,0.514,-224.67,-228.44
5336,17.053838,54.924228,5.17,0.704,3421.44,-1599.27
12273,39.508701,72.818215,5.17,0.896,-28.90,15.16
12832,41.239614,12.445967,5.17,0.234,124.10,-84.80
20507,65.920335,-3.745332,5.17,0.072,-47.92,-56.73
38211,117.421534,-17.228123,5.17,1.282,54.17,-117.17
44093,134.718443,-47.234823,5.17,0.268,-84.40,55.68
44143,134.851587,-59.084397,5.17,0.417,-174.60,281.78
58188,179.004098,-17.150809,5.17,-0.022,-49.07,-8.23
59151,181.958701,-75.367065,5.17,1.278,-92.34,19.00
60514,186.077249,26.098613,5.17,0.082,-26.91,-3.08
61910,190.316764,-13.013920,5.17,0.432,-117.92,7.86
63210,194.268252,-51.198716,5.17,-0.066,-29.54,-14.82
87563,268.325091,40.007837,5.17,1.166,7.85,50.36
93815,286.583019,-52.340630,5.17,0.532,30.63,-115.20
95447,291.240710,11.942851,5.17,0.761,721.27,643.60
95556,291.538016,36.317865,5.17,-0.120,4.22,12.95
96459,294.158561,44.695188,5.17,0.928,-94.61,-103.78
104085,316.309305,-54.726950,5.17,1.201,16.51,-37.55
104963,318.907877,-20.651691,5.17,1.161,15.39,-2.24
117629,357.838841,-18.909155,5.17,-0.122,26.60,-3.56
1708,5.379901,-28.981295,5.18,1.006,32.77,-71.48
2225,7.056605,44.394489,5.18,0.043,84.10,-15.33
8016,25.732204,70.622559,5.18,-0.022,76.62,-13.62
19171,61.651658,27.600025,5.18,-0.124,22.13,-50.18
22833,73.695444,11.425973,5.18,0.121,-16.31,13.63
24197,77.923173,16.045658,5.18,1.525,3.46,6.32
25918,82.969424,-76.341663,5.18,1.130,143.20,287.75
26640,84.934136,25.897149,5.18,-0.150,9.75,-23.79
27204,86.499554,-32.306380,5.18,-0.274,3.01,-22.62
33682,104.960741,-67.917012,5.18,1.396,-27.00,234.21
35951,111.167460,-16.201424,5.18,-0.035,-4.65,-20.15
40943,125.337706,-36.484194,5.18,-0.187,-8.04,6.98
41296,126.380580,-51.727457,5.18,-0.164,-14.68,17.14
42504,129.990094,-53.054782,5.18,-0.147,-25.81,21.49
45333,138.585630,61.423395,5.18,0.605,-8.67,-31.84
52469,160.887989,46.204038,5.18,0.324,-268.17,-66.06
55137,169.322367,2.010903,5.18,1.511,55.10,-142.89
55779,171.431517,-63.972316,5.18,0.495,-314.38,-65.52
69373,213.016890,69.432669,5.18,1.595,-26.12,-49.53
73036,223.894615,-60.113891,5.18,1.161,-125.69,-112.25
92646,283.165026,-52.107138,5.18,0.962,38.43,-95.69
96665,294.798501,5.397782,5.18,-0.001,2.08,-3.78
97630,297.641610,38.722162,5.18,1.665,12.65,105.85
99853,303.875988,23.508922,5.18,1.016,2.66,-6.89
101260,307.876662,74.954659,5.18,0.100,6.36,-16.47
107230,325.767190,72.320183,5.18,1.063,-43.24,-40.59
117315,356.816615,-50.226404,5.18,-0.164,8.99,-23.28
11072,35.635087,-23.816315,5.19,0.608,197.34,-4.39
11220,36.103725,50.006633,5.19,0.979,24.54,-35.79
23840,76.891713,-63.399570,5.19,1.646,12.57,-44.74
28744,91.056265,-6.708950,5.19,-0.066,-3.55,3.62
30717,96.807332,0.299266,5.19,1.186,2.90,-8.25
39070,119.906443,-60.587089,5.19,1.758,-3.52,11.27
42425,129.771368,-70.386652,5.19,0.013,19.21,-38.05
43352,132.464588,-32.780408,5.19,0.876,-1.86,-48.22
51362,157.369711,-2.739047,5.19,-0.050,-48.78,-12.76
56583,174.010899,69.323260,5.19,0.974,109.23,-126.40
64792,199.194639,9.423693,5.19,0.585,-334.51,190.70
73945,226.656743,-16.256761,5.19,1.589,-36.41,-23.28
77277,236.666478,62.599694,5.19,0.062,40.00,-56.54
80874,247.705723,-61.633481,5.19,1.236,-11.39,-8.99
85312,261.500122,-50.633532,5.19,1.055,15.80,9.18
99738,303.560504,28.694864,5.19,0.191,12.18,-19.01
103294,313.902829,13.721564,5.19,1.119,18.36,-11.50
105268,319.842554,64.871842,5.19,-0.045,5.08,5.31
111797,339.662728,63.584521,5.19,0.083,-1.16,-20.23
115404,350.662920,-15.039380,5.19,0.203,119.67,17.49
2355,7.530566,29.751696,5.20,0.271,43.56,-57.18
2762,8.811004,-3.592758,5.20,0.567,407.68,-36.47
19949,64.179604,53.611803,5.20,0.052,-16.99,-1.68
21296,68.548507,-8.231359,5.20,1.708,-22.42,2.88
27971,88.740938,59.888412,5.20,0.010,2.00,-18.50
29650,93.712233,19.156889,5.20,0.430,-95.78,-181.59
30932,97.368916,-56.852844,5.20,1.087,-38.15,32.34
32104,100.601344,17.645514,5.20,0.063,6.97,-86.87
33927,105.603269,24.215447,5.20,0.953,-6.46,-0.40
34081,106.011700,-42.337453,5.20,0.198,-18.14,71.48
35146,108.979249,59.638096,5.20,1.081,-101.07,-258.69
36238,111.934977,21.445549,5.20,0.455,-49.56,-123.90
39961,122.399679,-44.122779,5.20,-0.173,-11.98,2.54
42540,130.080071,-40.263893,5.20,-0.027,-55.93,7.66
42679,130.487140,-45.410726,5.20,0.171,-5.90,5.02
57047,175.433135,-32.499322,5.20,1.475,-5.54,-33.42
60189,185.140461,-22.215834,5.20,-0.090,-109.68,-27.71
63901,196.435260,35.798852,5.20,-0.059,-36.75,19.32
68269,209.629909,-24.972178,5.20,-0.086,-49.92,-29.29
80197,245.589256,33.799145,5.20,1.631,5.52,-38.25
90441,276.802125,0.196130,5.20,0.487,-2.64,-8.79
92226,281.935831,-40.406122,5.20,0.781,24.64,-18.57
93017,284.256123,32.901624,5.20,0.594,202.85,-143.97
93917,286.856231,32.501660,5.20,0.367,123.23,32.08
104174,316.602838,-32.341638,5.20,1.104,-4.96,8.57
104214,316.711813,38.741494,5.20,1.069,4155.10,3258.90
115126,349.777121,-13.458443,5.20,0.787,265.64,-44.87
5300,16.949272,-41.486935,5.21,0.159,36.00,7.85
5737,18.432510,7.575489,5.21,0.320,141.66,-55.62
12484,40.164916,-54.549924,5.21,0.411,32.76,5.24
19205,61.752156,29.001288,5.21,0.359,-94.03,4.90
28296,89.706587,0.552974,5.21,0.009,-15.59,2.41
30457,96.043138,-11.530010,5.21,1.230,-55.56,-32.11
30679,96.703663,58.417413,5.21,1.538,-5.52,-1.77
32064,100.484859,-9.167425,5.21,1.525,34.99,-46.05
55756,171.373046,-36.063105,5.21,0.979,-107.66,17.68
64725,198.994093,-19.942822,5.21,1.011,304.74,-115.41
66098,203.242047,-10.164908,5.21,0.964,-30.72,-37.96
77578,237.573039,2.196625,5.21,1.019,30.15,-47.62
85079,260.817004,-47.468154,5.21,-0.097,-6.66,-17.63
111449,338.672911,-20.707859,5.21,0.446,221.60,-146.58
3505,11.185155,-22.006332,5.22,0.350,-66.07,81.15
9763,31.381574,76.115110,5.22,0.954,-12.19,-20.49
13874,44.675390,-2.782724,5.22,0.014,-28.70,-62.96
19799,63.650992,10.011439,5.22,-0.085,-6.57,-13.44
21547,69.400444,-2.473392,5.22,0.283,43.32,-64.23
23734,76.535249,58.972391,5.22,-0.080,-6.16,-7.67
25048,80.451688,41.804663,5.22,-0.129,13.42,-37.38
31119,97.951202,11.544343,5.22,0.185,17.61,28.16
32562,101.914920,48.789461,5.22,1.131,-5.25,6.40
33878,105.484971,-5.722081,5.22,1.687,-14.49,6.58
36265,112.008653,6.942077,5.22,0.221,-3.38,-44.85
38020,116.881291,-46.608509,5.22,-0.151,-3.57,7.95
39061,119.868438,-39.296838,5.22,0.400,-78.34,-43.68
43970,134.312137,15.322717,5.22,0.149,61.23,18.46
54767,168.188627,-64.169783,5.22,-0.082,-46.98,5.41
55831,171.647644,-61.115171,5.22,-0.077,-13.83,1.78
58684,180.529430,43.045465,5.22,0.283,-345.55,55.72
62267,191.404675,7.673315,5.22,0.322,-108.93,4.53
70035,214.965432,-61.272757,5.22,0.281,-165.01,-88.32
72290,221.755461,-52.383318,5.22,0.984,-17.93,-82.32
82216,251.943463,5.246840,5.22,-0.001,-21.75,-38.74
92390,282.417114,-20.324740,5.22,1.404,-1.82,34.70
92405,282.470520,32.551089,5.22,0.100,-11.76,-12.76
95260,290.712021,26.262430,5.22,-0.119,-1.73,-10.93
98583,300.368882,64.821005,5.22,1.598,10.01,-12.45
106093,322.362138,46.540332,5.22,0.965,43.33,104.05
116076,352.821656,39.236402,5.22,1.029,287.30,-83.78
6315,20.280641,28.738390,5.23,1.396,28.53,-75.19
10306,33.199933,21.210983,5.23,0.457,162.52,4.07
14456,46.639534,-6.088542,5.23,1.575,7.12,-5.11
32292,101.118621,-31.070538,5.23,-0.127,-3.04,6.24
35907,111.035295,40.672441,5.23,1.249,-3.35,-21.11
39970,122.429832,-47.937216,5.23,-0.199,-6.31,9.60
43834,133.915370,27.927563,5.23,1.000,-14.98,-33.37
44154,134.886186,32.418643,5.23,0.913,-44.33,-34.61
44337,135.435722,-52.188718,5.23,-0.120,-14.67,13.53
44798,136.936768,10.668215,5.23,-0.092,-20.36,-9.96
48926,149.718083,-35.890933,5.23,0.300,-89.59,-16.27
52701,161.623379,-64.263264,5.23,-0.077,-16.98,9.16
53252,163.372840,-20.138150,5.23,0.480,80.53,-239.09
63076,193.868980,65.438547,5.23,0.303,-4.63,-30.38
72357,221.936588,-26.087480,5.23,0.938,36.88,-8.40
76939,235.659801,-37.424896,5.23,0.987,-50.36,-16.11
79607,243.671003,33.858824,5.23,0.599,-266.47,-86.88
82493,252.890509,-41.230533,5.23,0.047,0.55,-0.44
82730,253.648798,-6.153929,5.23,1.100,-30.23,-21.86
86036,263.746878,61.875831,5.23,0.602,277.38,-525.62
94068,287.249656,6.073397,5.23,0.346,-9.02,-78.34
98636,300.505725,24.937874,5.23,0.374,89.69,69.73
950,2.932867,-35.133396,5.24,0.459,169.01,113.75
3949,12.671367,-50.986924,5.24,0.356,62.99,44.67
7981,25.624791,20.270151,5.24,0.836,-302.12,-677.40
14043,45.217434,52.351798,5.24,-0.049,31.20,-21.99
15371,49.546404,-62.507935,5.24,0.600,1331.10,646.84
16803,54.072467,-17.467041,5.24,-0.117,33.35,-9.65
17457,56.127117,-1.163078,5.24,-0.088,3.62,-5.26
17717,56.915085,-23.874796,5.24,0.075,48.02,49.01
17954,57.578812,25.579649,5.24,0.231,36.37,-117.95
20384,65.471732,-63.386815,5.24,0.955,85.20,174.37
21297,68.549132,-8.969985,5.24,1.465,-36.27,-112.18
25197,80.865944,57.544531,5.24,-0.011,14.94,-55.97
26268,83.914521,-4.856086,5.24,0.269,-1.44,8.05
32480,101.684746,43.577025,5.24,0.575,-0.28,165.49
35393,109.639666,-39.210307,5.24,0.026,-9.95,9.01
36641,113.024792,1.914482,5.24,0.230,-2.12,-0.56
42334,129.467368,-26.254970,5.24,-0.030,-23.44,-12.23
45344,138.602103,-43.227522,5.24,-0.137,-25.01,12.02
45527,139.173841,-6.353155,5.24,1.172,24.94,4.27
56779,174.615040,8.134283,5.24,1.499,-3.37,6.28
64348,197.847115,-43.368505,5.24,1.049,-114.50,-19.66
73909,226.569455,54.556287,5.24,0.958,47.07,12.81
79540,243.462119,-11.837722,5.24,1.394,-5.96,-10.11
80620,246.931071,-7.597556,5.24,1.721,-0.95,-153.41
80843,247.640017,20.479346,5.24,1.274,-89.48,-64.94
90200,276.076003,-44.110201,5.24,-0.163,1.11,-22.55
98174,299.276181,-58.901315,5.24,0.014,23.55,-14.87
101923,309.817984,-14.954712,5.24,-0.129,2.58,-19.66
103571,314.771570,4.294976,5.24,0.457,-113.43,-150.28
107128,325.502662,-23.262626,5.24,0.991,91.12,-95.50
109572,332.952146,56.839042,5.24,0.534,236.75,129.67
112529,341.888281,-19.612874,5.24,0.941,-102.20,-205.95
117089,356.050259,-18.276929,5.24,-0.084,27.60,-3.76
7955,25.536023,-32.326858,5.25,1.044,-74.79,-46.35
10559,33.984563,33.358976,5.25,-0.004,-14.86,-33.25
13141,42.255696,-62.806592,5.25,0.101,94.53,29.02
25202,80.875649,-13.927350,5.25,-0.219,1.07,-0.92
31165,98.088888,-37.696514,5.25,0.982,73.30,-77.42
31688,99.448099,-32.339891,5.25,1.177,108.96,64.13
37921,116.567580,10.768311,5.25,0.018,-30.87,-24.45
39487,121.067473,-32.674847,5.25,1.882,-5.31,7.48
50414,154.407902,-8.068921,5.25,0.336,-160.25,2.78
51502,157.770919,82.558538,5.25,0.399,-79.21,20.43
76534,234.456462,40.353288,5.25,0.886,60.45,59.57
86305,264.523193,-54.500070,5.25,0.195,-49.68,-149.54
88331,270.596040,20.833648,5.25,-0.100,-1.85,-6.91
90067,275.704149,17.826577,5.25,1.250,72.52,16.06
92056,281.444819,74.085354,5.25,0.953,5.13,81.98
93903,286.825540,36.100168,5.25,-0.109,-0.64,-4.28
104738,318.262198,-39.424644,5.25,0.460,187.36,-114.38
112031,340.369381,40.225463,5.25,-0.137,-0.75,-5.90
113864,345.886868,67.209185,5.25,1.248,23.13,10.24
13165,42.323157,17.464344,5.26,-0.066,3.65,-14.61
14293,46.068655,-7.600899,5.26,0.193,65.43,17.41
20261,65.151020,15.095504,5.26,0.225,108.79,-20.67
20266,65.168187,65.140453,5.26,0.820,-28.52,-4.70
27386,87.000966,6.454210,5.26,0.234,4.05,-22.20
31434,98.800258,28.022344,5.26,-0.008,-0.41,-12.46
45328,138.575103,-55.569701,5.26,0.980,-32.89,29.44
45631,139.524543,-51.050895,5.26,-0.062,-21.00,14.83
48883,149.555795,12.444839,5.26,-0.035,-25.28,-16.07
49698,152.178491,-65.815533,5.26,0.973,-62.86,38.98
53154,163.128553,-57.240414,5.26,0.130,-6.77,3.63
56573,173.981482,-47.641520,5.26,0.257,33.95,-50.42
56975,175.196273,21.352841,5.26,0.984,-61.09,-46.02
58082,178.677116,-25.714066,5.26,0.883,48.96,73.58
67703,208.020417,-52.811464,5.26,-0.084,-39.41,-27.33
69068,212.072317,49.458021,5.26,1.637,-59.54,60.28
75828,232.351151,-46.732691,5.26,1.731,-8.29,-5.56
76425,234.123133,10.010455,5.26,0.925,46.67,-114.73
80161,245.453089,69.109417,5.26,1.115,-18.48,-10.59
93256,284.939286,26.230432,5.26,1.228,85.85,-11.33
108924,330.970542,63.119779,5.26,1.557,36.70,58.29
6999,22.525425,47.007377,5.27,0.999,0.64,-42.53
9727,31.279389,77.281457,5.27,0.345,138.90,-47.56
10320,33.226917,-30.723843,5.27,-0.013,15.32,7.15
11738,37.875343,2.267207,5.27,1.271,22.75,-10.40
11757,37.917170,-79.109250,5.27,0.981,137.14,-54.42
15627,50.306712,21.147141,5.27,-0.067,21.68,-22.41
20641,66.353936,22.200112,5.27,0.250,112.45,-47.06
30073,94.928337,-7.822910,5.27,-0.177,-4.31,0.70
32537,101.839195,-37.929672,5.27,-0.078,-9.92,-10.57
36760,113.402079,15.826692,5.27,0.055,-29.28,-12.62
42129,128.814916,-58.224763,5.27,-0.133,-21.11,11.56
48682,148.929190,49.819795,5.27,0.086,-3.45,19.66
50070,153.345340,-51.232938,5.27,0.257,-39.70,-13.61
51313,157.219154,-64.172285,5.27,1.856,-15.90,2.83
57477,176.731703,55.628268,5.27,1.276,13.44,-31.92
62027,190.709512,-63.058616,5.27,0.195,-13.32,-3.47
65581,201.680186,-12.707613,5.27,1.477,-128.56,-21.22
72929,223.583901,-24.642135,5.27,1.336,-11.02,-27.51
80057,245.111932,-78.667421,5.27,1.413,-1.67,-30.98
83313,255.401497,33.568269,5.27,0.028,2.46,0.25
83431,255.786289,-53.236626,5.27,0.498,1.16,-165.10
93203,284.773870,13.622549,5.27,0.573,19.49,-124.92
99968,304.230350,40.365080,5.27,1.650,2.01,-1.89
107843,327.726036,-82.718824,5.27,0.756,68.15,-33.03
109005,331.251999,62.785529,5.27,1.413,14.19,58.43
109693,333.292394,86.107857,5.27,-0.030,51.31,40.32
116957,355.615889,-15.447976,5.27,1.344,16.19,-23.44
7650,24.628921,73.040072,5.28,0.972,-11.81,-13.23
18453,59.151816,50.695692,5.28,0.425,94.13,-127.90
18788,60.383474,-1.549626,5.28,-0.133,27.96,-13.79
22040,71.087997,-59.732841,5.28,0.206,29.32,44.19
23871,76.951786,20.418455,5.28,0.118,-49.12,-31.33
26460,84.436013,-28.689794,5.28,0.486,-37.99,42.58
27364,86.928770,13.899632,5.28,-0.156,3.52,-13.27
29048,91.923459,-19.166004,5.28,1.661,12.79,56.67
30953,97.454695,-50.238959,5.28,0.371,-67.56,-51.83
32492,101.712891,-14.425996,5.28,-0.024,-3.14,10.24
32921,102.887707,21.761232,5.28,-0.020,-6.11,-34.48
41003,125.518841,-73.400059,5.28,0.014,-31.12,30.19
43142,131.812532,-1.897060,5.28,0.058,-37.64,11.12
45455,138.957535,56.741477,5.28,1.568,-24.81,-29.15
45581,139.355047,-74.894390,5.28,0.021,-16.33,31.85
47300,144.590779,40.239767,5.28,0.223,-14.37,10.87
57371,176.433349,-45.690145,5.28,-0.118,-41.73,4.80
58587,180.213208,-19.658998,5.28,-0.192,-16.85,6.69
60122,184.953013,48.984132,5.28,1.623,-14.43,6.82
74596,228.621688,29.164226,5.28,0.062,-69.99,28.32
80645,246.988642,-64.058005,5.28,0.383,52.71,26.08
81437,249.501914,56.015389,5.28,1.055,6.08,62.10
85389,261.716598,-45.842963,5.28,-0.058,-6.43,-27.58
91014,278.490687,-33.016533,5.28,-0.115,2.35,-11.19
94834,289.454160,11.595391,5.28,0.196,0.25,12.62
96957,295.641697,11.826608,5.28,0.575,3.43,-10.49
98103,299.059303,11.423710,5.28,0.014,32.40,4.57
100195,304.848330,-19.118507,5.28,1.394,7.96,-10.90
110618,336.143295,-72.253774,5.28,0.660,1302.45,-674.12
117218,356.503509,-18.678369,5.28,0.299,131.86,11.97
814,2.509454,-82.223997,5.29,1.049,-21.66,-20.39
983,3.041454,-17.938218,5.29,1.478,60.48,-24.69
8209,26.411060,-25.052434,5.29,0.395,159.48,-72.38
9312,29.908290,64.621639,5.29,0.002,35.76,-15.22
10793,34.737453,28.642674,5.29,0.037,6.72,-0.04
11021,35.485979,0.395692,5.29,1.648,-13.41,-6.81
11486,37.041626,29.669538,5.29,0.311,-14.81,-85.50
19719,63.387942,7.716034,5.29,0.366,-3.99,4.45
20704,66.526073,31.439207,5.29,0.986,76.70,-121.54
22287,72.000903,56.757539,5.29,0.246,53.02,-146.40
24873,79.995962,-12.315605,5.29,-0.104,-12.12,7.97
26868,85.563296,-34.667937,5.29,-0.032,5.06,51.30
27947,88.708785,-52.636073,5.29,0.295,-17.21,243.54
33316,103.945541,-22.941450,5.29,-0.163,-3.24,4.18
35427,109.713663,-26.585871,5.29,0.956,-7.77,6.70
48390,147.970936,24.395794,5.29,0.229,20.98,-174.56
60904,187.227991,25.912888,5.29,-0.056,-20.21,-15.00
69612,213.711927,10.101010,5.29,1.007,-22.50,-164.31
89439,273.803773,-20.728267,5.29,0.007,2.90,-1.26
92824,283.698535,-87.605515,5.29,1.304,-36.69,-135.22
105898,321.714875,48.835105,5.29,0.108,57.95,26.02
106327,323.024421,-41.179336,5.29,1.109,19.29,10.69
107472,326.518161,22.948885,5.29,1.381,9.07,-2.35
108991,331.197641,-0.906240,5.29,0.231,-20.05,-42.57
3231,10.279981,39.458671,5.30,0.891,-14.37,-3.02
12225,39.351104,-52.543088,5.30,0.289,111.29,1.05
12489,40.170972,27.061009,5.30,0.081,64.49,-27.29
16499,53.109601,46.057043,5.30,0.398,-52.77,-74.74
21914,70.693569,-50.481418,5.30,0.977,-35.90,34.63
21928,70.726245,43.365265,5.30,0.028,34.70,-52.07
23467,75.679187,-71.314326,5.30,0.996,-3.54,10.68
32411,101.497505,-14.796084,5.30,0.075,-11.02,-17.63
34802,108.065921,-40.498778,5.30,0.072,-18.85,-12.36
37704,116.028848,25.784211,5.30,1.535,-13.40,-21.21
38962,119.586449,2.224525,5.30,0.933,-162.54,99.28
39780,121.941005,21.581979,5.30,0.642,23.08,-67.23
43305,132.340574,-3.442971,5.30,-0.080,-19.57,-21.70
45290,138.450958,43.217913,5.30,-0.130,-28.41,-36.23
47479,145.177511,-57.983572,5.30,0.195,-43.84,7.64
49809,152.524831,-12.815658,5.30,0.368,-122.30,-109.18
56034,172.267344,39.336942,5.30,0.019,-53.83,13.22
85084,260.839962,-28.142760,5.30,1.549,0.37,-29.26
89773,274.794477,24.446046,5.30,1.508,8.40,5.41
96808,295.180588,-16.293146,5.30,1.109,69.65,-50.20
98421,299.963667,-34.697631,5.30,0.170,108.71,-69.13
99951,304.196152,24.671142,5.30,0.951,14.41,-16.71
100541,305.794623,5.343077,5.30,0.983,-26.89,-37.12
103511,314.568137,22.325918,5.30,1.419,-2.60,-4.08
103569,314.768929,4.293847,5.30,0.464,-113.43,-150.28
104365,317.140054,-21.193525,5.30,0.000,18.67,-59.22
105942,321.839018,37.116792,5.30,-0.140,2.49,2.66
107151,325.564354,5.680151,5.30,1.653,11.21,-5.78
114200,346.913657,46.387304,5.30,1.409,-11.87,-29.97
116820,355.159217,-32.072995,5.30,0.965,-91.41,-53.47
117730,358.154658,10.947328,5.30,0.186,-22.23,-3.51
10366,33.400082,51.066233,5.31,0.926,347.43,-170.79
10819,34.820199,47.379988,5.31,0.006,-60.05,-6.06
27243,86.614025,-46.597220,5.31,1.040,7.80,16.33
37701,116.017449,50.433861,5.31,-0.001,-9.29,-27.78
43671,133.460837,-47.520720,5.31,0.275,-5.97,-23.85
45544,139.237911,-39.401455,5.31,1.166,-29.76,-34.59
55016,168.966237,13.307593,5.31,1.189,5.07,-6.16
56997,175.262605,34.202560,5.31,0.723,-13.95,-380.46
57562,176.978882,8.245865,5.31,0.038,-53.24,12.14
59654,183.511362,-45.723930,5.31,1.400,-35.19,4.41
64577,198.545707,-19.931335,5.31,0.862,-120.23,159.67
80945,247.924047,-41.817142,5.31,0.299,-3.45,-1.06
85667,262.599465,-1.062504,5.31,0.715,-126.64,-172.00
94150,287.469260,-68.424344,5.31,0.901,154.94,-42.59
104974,318.936782,-15.171513,5.31,1.639,24.79,5.06
110649,336.234136,-57.796610,5.31,0.665,180.71,-331.27
5518,17.663606,68.778688,5.32,-0.014,35.26,-27.48
14168,45.676080,-7.685463,5.32,0.941,26.33,-3.55
15770,50.804902,49.213330,5.32,-0.076,20.70,-24.96
18957,60.935849,5.435638,5.32,-0.080,1.23,-5.40
21515,69.306984,0.998327,5.32,-0.107,-4.91,-5.34
26126,83.569959,3.766934,5.32,0.051,-29.35,-15.82
38146,117.257069,-24.912243,5.32,0.751,-34.68,14.71
41260,126.265657,-24.046262,5.32,1.476,-28.98,20.49
52911,162.314303,10.545261,5.32,0.035,-4.37,-24.39
57111,175.618450,66.744809,5.32,1.267,-44.98,40.17
60449,185.897706,-35.412659,5.32,-0.066,-41.24,-7.49
65479,201.308899,-64.485092,5.32,0.411,-154.30,-21.43
72489,222.329546,-14.148986,5.32,0.066,-65.89,-14.79
73049,223.936228,-33.855780,5.32,0.046,19.18,-2.03
74649,228.797360,4.939352,5.32,1.092,-23.06,3.91
80208,245.616692,-49.572291,5.32,-0.047,-12.32,-26.01
84177,258.115857,10.585229,5.32,1.593,6.06,-25.22
97749,297.960792,-39.874338,5.32,-0.045,19.12,-12.05
98624,300.468350,-66.943792,5.32,1.218,38.48,-71.53
99461,302.798368,-36.097384,5.32,0.868,456.89,-1574.91
103882,315.741561,-38.631183,5.32,0.424,-27.86,-108.81
112781,342.594775,-80.123814,5.32,-0.126,20.14,-12.76
5131,16.420532,21.473216,5.33,0.003,44.30,-14.32
20161,64.819355,-44.267830,5.33,1.066,63.14,-36.63
22730,73.344814,2.508265,5.33,1.632,29.67,-16.40
22834,73.699141,7.779163,5.33,1.214,-21.74,-27.14
23879,76.970305,8.498573,5.33,0.338,34.96,-59.49
39734,121.825192,-20.554346,5.33,0.100,-10.36,1.65
40817,124.954148,-71.514996,5.33,-0.063,-17.29,37.04
41616,127.269826,-47.928939,5.33,-0.140,-7.77,6.72
41822,127.899029,18.094558,5.33,1.567,-60.05,-56.50
41909,128.177186,20.441270,5.33,1.252,-44.65,-44.71
52678,161.569077,-64.514586,5.33,-0.096,-15.83,10.88
64823,199.315097,13.675647,5.33,1.304,8.09,42.94
90074,275.721158,-36.669493,5.33,-0.121,-1.69,-25.97
93124,284.561447,17.360936,5.33,0.731,0.08,-9.98
97421,297.004590,-56.362278,5.33,0.196,92.40,-137.40
98438,300.013781,17.516541,5.33,1.576,1.73,-12.22
109786,333.575074,-21.074701,5.33,0.812,22.98,55.36
116264,353.367032,22.498817,5.33,1.481,9.54,-17.48
9440,30.311651,-30.001566,5.34,0.883,-108.68,-108.79
13490,43.427409,38.337679,5.34,0.423,47.62,-78.48
17563,56.418460,6.050029,5.34,-0.099,20.61,-15.61
20186,64.902862,21.773592,5.34,-0.107,29.77,-41.39
24817,79.796790,2.595936,5.34,0.412,-18.14,-53.30
25980,83.172310,-1.591833,5.34,-0.188,-2.03,0.74
26001,83.248020,-64.227514,5.34,1.039,33.10,-1.27
29704,93.854696,16.143206,5.34,-0.101,1.61,-12.66
30247,95.442117,53.452395,5.34,0.448,22.24,-88.91
31789,99.704944,39.902588,5.34,-0.075,-8.37,-11.99
32489,101.706227,57.169271,5.34,0.964,13.90,-38.79
33048,103.271090,59.448655,5.34,0.675,-10.84,-45.93
36896,113.786738,30.960910,5.34,1.010,-25.16,5.83
40215,123.203286,68.474054,5.34,1.037,-1.05,7.32
43414,132.644503,-66.793225,5.34,0.423,92.61,100.38
46107,141.040539,-80.787205,5.34,0.454,-138.55,135.39
50888,155.872557,-38.009709,5.34,0.251,-158.83,-53.55
58884,181.162278,-68.328897,5.34,-0.012,-39.05,-6.40
59184,182.061374,-48.692470,5.34,-0.010,-19.54,-7.01
63117,193.988082,-56.835804,5.34,0.010,-5.12,-0.78
70469,216.202753,-24.806266,5.34,0.962,-53.40,-18.14
76866,235.447466,12.847539,5.34,0.033,39.68,-4.55
82587,253.242168,31.701715,5.34,0.319,-91.15,-17.10
96288,293.671905,42.412585,5.34,0.060,2.56,-31.28
103127,313.417301,-39.809628,5.34,1.318,44.22,-97.24
107788,327.536017,17.285957,5.34,0.394,91.28,-43.45
109654,333.199213,34.604713,5.34,1.134,19.32,-49.66
110000,334.200181,-12.831448,5.34,1.132,1.84,4.66
113327,344.268724,48.684081,5.34,-0.102,9.59,-5.43
3951,12.681552,64.247581,5.35,0.528,29.39,-12.85
4371,14.006275,-11.266507,5.35,1.505,-26.79,-8.01
6706,21.563661,19.172321,5.35,0.395,-26.80,10.16
22157,71.507087,11.705608,5.35,0.197,67.48,-7.09
28946,91.646207,38.482772,5.35,0.251,10.76,-52.70
29246,92.495811,58.935649,5.35,1.096,17.61,18.77
35957,111.182784,-31.808926,5.35,1.071,-21.37,8.73
36439,112.482736,49.672662,5.35,0.470,110.40,-82.01
42604,130.254367,45.833785,5.35,0.993,27.19,92.49
46811,143.080295,-40.649321,5.35,0.897,9.68,-5.69
66936,205.766184,3.538080,5.35,1.091,-294.22,-72.88
75119,230.258420,0.715590,5.35,1.191,-42.48,-104.14
77907,238.657821,43.138406,5.35,1.645,-33.32,66.12
79050,242.031337,-26.326665,5.35,1.643,99.72,-5.78
80782,247.426377,-46.243219,5.35,0.488,-3.42,-3.81
82802,253.842658,18.433184,5.35,1.407,-114.79,11.85
86182,264.156775,48.585479,5.35,1.142,31.75,64.13
92953,284.070719,-42.710602,5.35,0.998,-27.03,-30.48
94385,288.169599,-7.939501,5.35,0.094,12.69,-7.06
110273,335.049615,-7.821106,5.35,-0.048,15.21,1.61
115355,350.478859,31.812481,5.35,-0.101,10.27,-6.81
116709,354.784781,50.471737,5.35,-0.061,-16.69,-1.87
3138,9.981475,21.438564,5.36,1.160,28.46,-28.51
3632,11.637400,15.475612,5.36,1.559,-29.45,-44.22
5268,16.827386,-61.775262,5.36,0.884,73.79,-11.24
11258,36.224977,-60.311629,5.36,0.395,-71.08,-131.04
11791,38.039318,-1.034818,5.36,1.004,-26.47,-32.34
18993,61.040782,2.827253,5.36,0.505,149.52,-125.67
21730,69.991807,53.473236,5.36,0.331,35.88,-88.79
26063,83.381029,-1.156072,5.36,-0.175,-0.55,-0.49
27658,87.841597,-7.518003,5.36,-0.195,0.75,-0.18
29490,93.212720,65.718499,5.36,1.344,7.23,-31.75
29996,94.710752,-9.389963,5.36,1.239,4.34,-22.68
34987,108.583607,3.111421,5.36,1.193,-5.21,-3.01
35083,108.837834,-30.686475,5.36,-0.155,-13.01,11.43
37853,116.396575,-34.176551,5.36,0.589,-220.83,1722.89
38846,119.240872,-43.500424,5.36,-0.166,-10.60,5.31
40107,122.887624,-7.772476,5.36,0.892,-42.98,-25.84
45410,138.807820,14.941537,5.36,1.319,-39.61,-12.33
47723,145.932923,14.021707,5.36,1.610,5.18,-6.13
52405,160.669058,-59.215765,5.36,0.213,-6.48,2.32
52638,161.466301,30.682402,5.36,-0.050,-26.61,-36.43
58510,179.987182,3.655217,5.36,-0.001,-19.36,-8.36
65301,200.754772,-17.735204,5.36,0.987,-50.08,-28.67
72131,221.321861,-62.875453,5.36,0.308,70.24,-80.34
75439,231.187618,-39.710132,5.36,-0.093,-25.25,-56.38
76628,234.727114,-19.301709,5.36,0.883,84.20,-75.23
84821,260.040944,25.537644,5.36,0.063,13.13,-16.91
89605,274.281406,-56.023320,5.36,-0.050,-5.36,-12.99
92989,284.168711,-37.343183,5.36,-0.147,8.79,-23.68
102599,311.889819,80.552352,5.36,1.144,-28.02,-36.91
110109,334.563261,-53.625536,5.36,0.614,439.86,-632.60
116889,355.393808,-18.026901,5.36,1.580,-40.82,-72.28
8230,26.496941,-5.733227,5.37,1.517,-9.09,-29.69
23482,75.703022,-49.151473,5.37,0.421,-43.96,27.18
26248,83.863002,24.039638,5.37,-0.092,14.98,-20.22
28949,91.661418,-4.193825,5.37,-0.122,-6.79,-4.65
29730,93.918782,59.999034,5.37,1.339,28.54,-24.14
30565,96.369379,-69.690787,5.37,0.971,-13.25,200.75
35848,110.870729,-27.834283,5.37,1.539,26.39,-4.14
35987,111.242455,11.669560,5.37,0.105,-16.29,-14.91
39117,120.048984,73.918010,5.37,1.424,-8.43,-37.40
49081,150.254251,31.924715,5.37,0.676,-529.22,-428.93
54746,168.138107,-49.101078,5.37,0.175,-99.28,33.70
60978,187.489162,58.405527,5.37,0.205,-66.78,88.75
63432,194.980316,66.597308,5.37,1.282,-139.75,-14.64
73223,224.471489,-76.662616,5.37,1.442,-68.58,-16.14
79804,244.313911,59.754961,5.37,1.551,6.81,25.56
80337,246.005147,-39.192989,5.37,0.625,72.64,3.41
88380,270.712908,-24.282425,5.37,0.495,0.69,-17.70
90763,277.770188,-32.989001,5.37,0.182,-1.48,-46.53
92111,281.585785,-22.392184,5.37,1.591,32.04,3.45
92112,281.592766,75.433797,5.37,0.049,-12.19,68.62
109404,332.482131,-34.015036,5.37,0.241,-13.79,28.29
109592,333.008393,60.759072,5.37,1.184,1.15,9.53
110298,335.114854,5.789493,5.37,-0.037,20.33,2.10
113957,346.164879,-53.964647,5.37,1.453,56.97,-106.16
1645,5.149434,8.190248,5.38,1.343,-4.50,9.59
1960,6.197869,61.831063,5.38,0.008,13.67,-2.45
2568,8.147503,20.294433,5.38,1.069,136.81,-48.10
3330,10.617905,-65.468130,5.38,0.515,54.11,41.12
12086,38.944989,34.687683,5.38,1.652,19.55,-51.20
18859,60.652736,-0.268311,5.38,0.516,151.20,-252.03
20264,65.162488,-20.639599,5.38,-0.027,26.13,-9.40
20430,65.645544,25.629358,5.38,-0.041,20.37,-17.88
21670,69.775429,7.870988,5.38,0.257,91.87,-4.56
24799,79.750080,33.748466,5.38,-0.167,13.62,-29.63
35589,110.161729,-52.085925,5.38,-0.069,-8.17,0.46
38722,118.916267,19.884067,5.38,-0.035,-14.67,-39.79
45571,139.322502,-68.689573,5.38,0.415,-109.18,-28.45
46404,141.945488,-6.071029,5.38,0.642,-232.83,-65.21
60379,185.706135,-57.676101,5.38,-0.098,-37.73,-12.71
60781,186.870318,-58.991769,5.38,1.543,-14.95,5.34
62572,192.307502,83.412858,5.38,0.033,-28.15,17.55
66849,205.504674,-58.787050,5.38,-0.029,-30.71,-11.70
70931,217.587469,-49.518927,5.38,0.056,-50.66,-37.65
73095,224.071771,-52.809567,5.38,0.142,27.59,7.90
75178,230.452538,32.933661,5.38,-0.051,-48.83,13.91
77858,238.474680,-24.533095,5.38,-0.011,-13.51,-25.42
84862,260.164473,32.470272,5.38,0.619,135.40,-1040.55
90642,277.420677,-1.985226,5.38,0.961,29.75,-33.81
91013,278.486244,52.353510,5.38,1.091,-3.26,3.03
91217,279.115984,9.122817,5.38,0.387,-6.29,-133.88
92202,281.870734,-5.705071,5.38,1.280,-44.09,-31.36
94712,289.090600,-45.466063,5.38,1.349,-2.03,12.08
97650,297.695013,-10.763589,5.38,0.402,-32.35,31.84
99031,301.591372,35.973539,5.38,0.850,-224.43,-440.57
100965,307.060227,81.422669,5.38,1.010,33.72,16.19
103732,315.295510,46.155765,5.38,-0.206,6.14,3.43
105665,321.039992,-20.851560,5.38,1.176,-7.69,-126.94
109521,332.790733,50.823289,5.38,0.152,126.81,42.56
4890,15.704966,-46.397338,5.39,0.900,-2.21,10.96
13202,42.475630,-27.942035,5.39,0.013,46.55,22.19
18396,58.992325,47.871470,5.39,-0.073,17.57,-20.62
19513,62.707837,26.481039,5.39,0.352,-30.81,-36.10
22044,71.107373,11.146169,5.39,0.251,98.87,-13.47
23221,74.960170,-10.262993,5.39,0.797,19.49,-136.75
29850,94.277570,9.942536,5.39,0.106,5.10,-59.86
32494,101.719557,-51.265449,5.39,1.330,-22.01,-89.56
32677,102.240576,-15.144711,5.39,-0.096,-0.56,-6.04
39538,121.196609,79.479743,5.39,-0.040,-36.46,-53.75
46735,142.885207,35.103509,5.39,1.543,-55.17,-97.25
55650,171.009736,1.407764,5.39,0.938,-16.47,0.70
56391,173.405266,-40.586703,5.39,0.117,-83.64,27.08
71500,219.334021,-46.133413,5.39,0.927,-14.24,-10.70
71618,219.709507,44.404545,5.39,0.030,-68.43,-18.43
77227,236.523541,-1.804116,5.39,-0.035,-21.84,-31.77
78459,240.261662,33.305388,5.39,0.612,-196.89,-773.01
79195,242.460551,-3.466731,5.39,1.446,-24.27,0.64
82764,253.729730,20.958484,5.39,0.966,56.33,1.50
84979,260.524496,-70.123179,5.39,-0.042,-1.73,-12.04
89851,275.036535,-15.831603,5.39,1.473,40.03,-38.66
93299,285.056962,50.533459,5.39,-0.182,7.05,3.15
96302,293.712161,29.462911,5.39,0.581,15.14,17.81
97534,297.355387,-72.503414,5.39,0.234,6.91,14.67
101483,308.487487,13.027201,5.39,0.093,76.49,21.89
105966,321.916792,27.608544,5.39,0.049,41.75,20.44
114389,347.506130,9.822101,5.39,-0.068,-17.77,-7.75
4914,15.760853,-4.836350,5.40,1.106,-117.05,-102.91
12653,40.638160,-50.800827,5.40,0.561,333.73,219.21
17854,57.307087,70.871202,5.40,0.096,20.91,-62.70
20376,65.448263,60.735902,5.40,1.497,56.70,-113.66
21036,67.655411,13.724450,5.40,0.263,108.06,-19.71
25499,81.792036,17.962268,5.40,-0.090,7.88,-21.06
26536,84.658748,30.492441,5.40,0.450,-21.15,-11.98
31579,99.136824,38.445552,5.40,2.773,-1.76,-21.41
35795,110.752929,-31.923790,5.40,-0.161,-8.54,3.73
43721,133.561270,30.579177,5.40,1.050,38.97,-25.57
46454,142.114070,9.056771,5.40,0.605,40.40,2.71
46471,142.166644,45.601795,5.40,0.993,-6.40,-128.20
47080,143.916781,35.810767,5.40,0.770,-730.05,-260.62
54849,168.439917,-0.069509,5.40,-0.020,-48.14,2.73
65728,202.113242,59.945703,5.40,-0.010,-78.04,34.47
70602,216.614201,19.226835,5.40,0.231,-71.00,26.70
76013,232.878419,-73.389546,5.40,-0.146,0.38,-18.28
80214,245.621760,33.703357,5.40,1.523,-5.22,50.03
80399,246.165526,-29.704464,5.40,0.625,69.27,-82.06
91989,281.238124,-39.686173,5.40,0.850,8.61,-6.29
93526,285.727050,-3.699004,5.40,-0.005,11.33,6.98
93713,286.229873,53.396603,5.40,-0.014,-4.15,21.02
93717,286.240248,-4.031355,5.40,1.120,20.76,-26.73
98962,301.386355,61.995248,5.40,1.191,123.82,70.60
105143,319.488652,-17.985136,5.40,-0.118,15.57,-0.68
930,2.893404,-27.799778,5.41,1.346,4.61,17.09
3544,11.321681,55.221409,5.41,0.022,-28.35,-5.34
7450,23.995655,-15.400216,5.41,1.226,19.14,13.53
32912,102.862413,-70.963473,5.41,-0.110,4.02,25.56
34301,106.669870,-11.294019,5.41,0.033,-3.27,1.96
35855,110.882920,-32.202079,5.41,-0.169,-7.85,4.55
36363,112.273796,-38.812105,5.41,-0.148,-21.01,16.42
37450,115.315950,-38.533572,5.41,-0.130,-20.74,16.34
61621,189.425944,-27.138659,5.41,0.334,79.52,-94.16
67288,206.855644,-17.859764,5.41,1.623,60.79,-31.04
69989,214.817570,13.004377,5.41,0.385,105.91,-32.22
77060,236.018418,-15.672679,5.41,0.238,-34.49,-63.48
77859,238.482800,-23.978036,5.41,-0.033,-12.88,-24.06
80693,247.141572,0.665167,5.41,1.461,6.97,-67.95
83838,257.008670,35.935215,5.41,0.309,-24.25,-17.05
85537,262.207053,0.330577,5.41,0.237,-64.73,19.86
89772,274.789847,7.259762,5.41,1.084,-45.38,1.96
90023,275.536222,23.284987,5.41,1.633,11.61,77.88
91235,279.155624,33.469037,5.41,-0.101,-9.01,-0.39
96693,294.860277,42.818212,5.41,-0.063,23.75,27.26
97646,297.686570,-59.193637,5.41,0.082,23.09,-12.21
102177,310.552611,50.340021,5.41,-0.107,1.14,3.71
102773,312.326146,-68.776400,5.41,1.122,-64.57,-49.78
104750,318.321947,-27.619059,5.41,1.425,98.92,-112.77
761,2.337586,-27.987904,5.42,0.414,72.57,-9.99
2240,7.110073,-39.914902,5.42,1.556,135.95,-41.36
3721,11.941749,74.847587,5.42,-0.066,15.03,-5.94
5951,19.151445,-2.500213,5.42,0.888,-100.62,-63.95
6592,21.169889,-41.492459,5.42,1.030,16.95,-36.94
8814,28.322300,40.729800,5.42,1.311,-9.60,-4.17
9589,30.798357,0.128454,5.42,0.146,75.85,21.74
11046,35.551695,-0.884740,5.42,0.335,-17.62,-45.98
20776,66.762061,80.824210,5.42,1.179,12.94,-20.90
31299,98.456214,-36.232267,5.42,1.419,-15.31,97.95
32311,101.189436,28.970989,5.42,1.445,-8.75,-23.65
36778,113.462706,-36.338402,5.42,-0.078,-8.59,4.11
41817,127.878933,-19.577440,5.42,-0.061,-33.24,-9.14
44818,137.000298,29.654227,5.42,0.888,-31.08,3.39
50333,154.169797,13.728371,5.42,1.650,-22.85,-15.24
57512,176.829871,-57.696547,5.42,1.664,-25.51,19.99
61309,188.412103,33.247660,5.42,1.011,21.21,-31.43
62223,191.282620,45.440224,5.42,2.994,-2.20,13.05
70794,217.173878,-6.900414,5.42,1.490,-14.02,-50.30
80390,246.132356,-37.565970,5.42,-0.104,-14.06,-30.44
91494,279.896603,-43.185776,5.42,1.654,-31.47,-42.22
101800,309.454567,11.377697,5.42,0.050,40.01,-8.51
105972,321.942322,66.809146,5.42,-0.099,-10.22,-20.72
114273,347.170172,2.127618,5.42,0.908,137.43,108.99
9326,29.942451,-20.824575,5.43,1.640,17.93,15.20
9372,30.111549,-8.523826,5.43,1.391,86.73,-19.32
11029,35.506002,-10.777335,5.43,0.364,153.43,-81.89
12768,41.021492,44.297055,5.43,0.904,2.00,-6.08
23983,77.331685,9.829598,5.43,0.249,63.54,-7.87
25769,82.542540,63.067232,5.43,1.704,-5.92,-4.77
31121,97.958614,-8.158181,5.43,1.373,-9.21,-22.16
43082,131.627296,-45.912516,5.43,0.238,-4.97,4.87
43908,134.174514,-85.663234,5.43,0.306,-116.27,33.74
47956,146.585078,-76.775981,5.43,0.901,83.51,-56.95
51585,158.049160,14.137210,5.43,1.696,-40.94,24.71
54173,166.225873,-35.804689,5.43,0.021,-21.69,4.45
54477,167.183532,-28.080616,5.43,0.069,-73.09,-22.24
62423,191.893089,66.790316,5.43,1.567,1.64,-4.71
74941,229.704779,-60.496323,5.43,-0.089,-3.17,-4.57
76618,234.706270,-52.372620,5.43,0.005,-34.13,-30.86
78012,238.948188,37.946763,5.43,0.352,29.45,80.08
78246,239.645310,-24.831430,5.43,-0.092,-11.41,-24.06
79387,243.030372,-8.547579,5.43,0.118,44.39,1.45
83962,257.449658,-10.523037,5.43,0.465,54.71,-108.57
87728,268.796408,72.005134,5.43,0.340,8.03,-2.92
91237,279.162886,6.672156,5.43,0.386,-30.62,-144.29
92614,283.068469,21.425166,5.43,-0.068,-7.25,-10.12
108661,330.209229,-28.453737,5.43,-0.095,14.81,0.30
109472,332.656102,-11.564959,5.43,-0.117,29.74,8.02
112731,342.442619,55.902684,5.43,1.167,83.41,38.00
112832,342.758940,-39.156818,5.43,1.444,18.26,-6.50
113521,344.864177,0.963092,5.43,0.982,90.06,-67.66
117447,357.209062,62.214520,5.43,0.670,-2.80,-1.45
4510,14.458951,28.992236,5.44,1.076,5.28,-7.77
13782,44.348755,-23.862077,5.44,0.238,101.47,-35.81
15547,50.081585,77.734901,5.44,0.211,64.90,-66.20
17776,57.086684,23.421364,5.44,-0.067,19.14,-46.80
19483,62.593833,-6.923823,5.44,0.941,3.44,-11.99
24254,78.093540,73.946744,5.44,-0.108,4.31,-28.83
24829,79.842141,-50.606520,5.44,0.517,23.00,227.39
26649,84.957714,-32.629139,5.44,0.913,-15.92,-31.62
29736,93.937359,12.551071,5.44,0.015,-3.21,-1.54
32439,101.560290,79.566278,5.44,0.525,-99.03,-603.61
33184,103.602738,-1.126961,5.44,0.167,14.01,-14.27
34724,107.848465,-0.301906,5.44,0.310,-27.37,-9.12
38497,118.264643,-36.363774,5.44,1.161,-10.82,1.82
43851,133.981484,11.626058,5.44,1.462,-13.33,-14.42
43932,134.235976,32.910589,5.44,0.181,-53.39,-65.58
47204,144.302817,-53.668486,5.44,0.137,-23.99,-9.13
52737,161.716937,-17.296830,5.44,0.112,-16.03,-17.91
58379,179.563530,-56.317314,5.44,-0.062,-21.56,1.77
64094,197.029829,-65.306017,5.44,-0.033,-5.35,-2.23
76397,234.050569,-44.396689,5.44,1.497,-45.01,-55.17
78893,241.582217,67.809981,5.44,-0.019,-35.94,62.65
79963,244.823502,-42.673940,5.44,0.099,6.62,-10.28
87847,269.198951,-4.081802,5.44,1.162,-5.52,-8.86
90414,276.725038,-48.117109,5.44,0.855,3.74,-55.09
99631,303.307781,-1.009266,5.44,1.430,24.87,-30.06
101243,307.828369,49.220373,5.44,1.566,8.79,-31.28
113996,346.290479,-7.693819,5.44,0.312,123.46,7.07
115152,349.874116,48.625196,5.44,1.014,22.98,51.91
2942,9.338442,35.399510,5.45,0.886,-9.21,-3.57
3083,9.791196,49.354595,5.45,1.644,7.93,-2.74
4293,13.751247,-69.526979,5.45,1.095,7.92,-43.35
12332,39.704162,21.961445,5.45,0.168,-7.08,-15.12
14376,46.361197,25.255199,5.45,-0.031,3.99,-10.10
17489,56.200842,24.289577,5.45,-0.034,20.73,-44.00
18975,60.985438,8.197201,5.45,0.371,168.35,27.98
19398,62.324318,-16.385877,5.45,-0.147,-1.08,0.99
19805,63.702288,-62.192049,5.45,1.106,-2.96,97.94
21735,70.014243,12.197641,5.45,-0.121,-1.29,-12.98
25993,83.214070,-38.513346,5.45,1.224,50.43,-10.57
33384,104.143668,-79.420189,5.45,0.041,-1.54,-1.61
33478,104.391538,-24.631056,5.45,0.390,-96.27,88.42
36616,112.951545,17.086229,5.45,1.126,42.65,-75.39
41323,126.466346,-42.153104,5.45,-0.142,-16.47,13.36
42286,129.328527,-62.853412,5.45,1.013,-10.96,-21.91
42459,129.849445,-53.439825,5.45,-0.132,-23.97,23.51
44405,135.684446,24.452933,5.45,-0.041,-2.56,-7.13
46594,142.521366,-51.517193,5.45,-0.078,-18.98,11.85
53273,163.432337,-2.129241,5.45,0.966,-83.35,15.00
59394,182.766171,-23.602372,5.45,0.055,-65.51,-20.64
60855,187.093691,-39.041138,5.45,-0.073,-28.69,-14.00
63031,193.743116,-85.123422,5.45,0.991,67.47,22.11
73624,225.747043,-32.643246,5.45,-0.127,-21.05,-19.66
74305,227.816601,-55.346014,5.45,1.118,-3.82,-7.41
77902,238.644433,20.310864,5.45,1.588,-83.83,43.04
79754,244.180291,-53.811108,5.45,1.696,8.62,-0.67
89507,273.972473,-44.206496,5.45,0.962,69.29,14.67
95503,291.373631,-23.962424,5.45,1.442,-18.24,-13.36
96556,294.446902,-4.647510,5.45,0.429,104.78,-53.59
104382,317.191725,-88.956511,5.45,0.283,25.96,5.02
108294,329.094951,-37.253631,5.45,0.084,-25.18,-9.61
109789,333.578068,-27.766912,5.45,-0.121,22.88,1.90
111056,337.470701,78.824337,5.45,0.093,3.47,-21.67
113357,344.366044,20.768684,5.45,0.666,208.06,60.96
4288,13.741750,23.628446,5.46,1.012,137.06,-45.58
19009,61.090307,24.106026,5.46,0.813,-0.31,-13.82
20156,64.804926,50.048838,5.46,0.235,62.89,-58.65
21685,69.831825,-14.358887,5.46,1.054,121.08,-125.41
24902,80.061182,41.086339,5.46,0.122,-18.10,-52.22
25768,82.539424,-47.077334,5.46,0.615,20.84,-131.94
25861,82.810549,3.292135,5.46,-0.176,1.28,-0.89
27196,86.475203,49.826283,5.46,0.030,-11.18,-11.31
27566,87.569997,-79.361523,5.46,-0.076,-4.50,65.95
28943,91.633763,-23.110776,5.46,0.064,-10.39,-28.58
34624,107.580528,-27.491525,5.46,0.998,-9.40,1.87
34912,108.347472,51.428712,5.46,1.640,8.19,13.44
35180,109.060751,-15.585655,5.46,0.079,-44.29,-14.07
42637,130.331673,-78.963426,5.46,-0.101,-29.31,27.58
46358,141.777075,-71.602092,5.46,1.079,-102.43,80.99
46741,142.901347,-73.080919,5.46,1.556,-25.16,2.44
52595,161.318230,-80.469523,5.46,0.957,-17.40,-30.30
56290,173.086487,61.082752,5.46,0.515,-14.21,-95.13
56700,174.391876,-47.747378,5.46,1.230,-68.58,28.07
62131,191.002293,-28.323861,5.46,1.346,-29.54,-39.41
63066,193.831090,-42.915701,5.46,1.668,-37.77,-12.64
66634,204.877415,52.921071,5.46,0.113,-136.05,56.38
67304,206.911124,-50.320667,5.46,1.351,-141.24,-6.28
68940,211.678777,-9.313525,5.46,0.347,-140.62,4.05
75572,231.572770,34.335850,5.46,1.410,-114.43,60.34
75647,231.825603,-36.767502,5.46,-0.150,-21.21,-24.02
79488,243.314201,5.021099,5.46,1.472,36.31,-5.11
81305,249.094025,-42.858854,5.46,0.338,-4.34,-3.04
82676,253.507659,-41.806383,5.46,0.176,-1.75,-2.47
92308,282.210294,-43.679997,5.46,0.133,24.39,-20.84
92831,283.717409,41.602728,5.46,1.034,-1.37,-2.30
94827,289.431814,23.025549,5.46,0.020,1.49,-3.69
95073,290.148680,-0.892169,5.46,-0.041,5.63,3.10
95865,292.467385,-26.985511,5.46,1.120,22.16,-42.97
96536,294.393653,-14.301444,5.46,0.501,-104.36,-146.68
98194,299.307761,40.367825,5.46,-0.090,7.08,-0.47
106787,324.439035,19.318575,5.46,0.321,99.51,13.43
4104,13.169171,-24.005926,5.47,1.275,37.32,33.58
13965,44.957427,47.220639,5.47,0.869,11.87,22.35
16470,53.035754,48.023534,5.47,-0.101,22.84,-23.78
20982,67.502495,83.340131,5.47,0.855,-46.72,101.95
21039,67.661778,15.691938,5.47,0.258,104.17,-24.29
22626,73.021539,63.505650,5.47,1.559,38.15,-94.28
22871,73.796415,-74.937002,5.47,1.518,27.60,61.88
25695,82.318720,25.150306,5.47,-0.042,11.44,-37.36
27338,86.859156,17.729153,5.47,0.301,-2.05,-4.79
34440,107.091843,15.930926,5.47,1.020,-5.02,-103.52
38639,118.678078,47.564592,5.47,1.462,-48.40,1.48
42080,128.650780,65.145273,5.47,0.207,-47.06,-42.50
43325,132.413195,-40.320156,5.47,0.066,-9.76,-0.76
44961,137.398249,-8.787631,5.47,1.002,-17.77,-7.05
52004,159.362818,-58.733347,5.47,0.500,-7.46,3.11
53781,165.061234,45.526269,5.47,1.466,9.66,3.03
60044,184.708605,75.160550,5.47,0.054,-36.03,4.35
60941,187.362724,24.108921,5.47,0.445,-18.09,1.84
61071,187.752367,24.567189,5.47,0.056,-12.02,-8.94
65112,200.157727,-52.747785,5.47,-0.125,-30.71,-16.46
68581,210.595012,-27.429763,5.47,1.331,-32.38,-4.12
72582,222.624176,37.271815,5.47,1.030,-212.26,95.24
78400,240.083245,-16.532383,5.47,0.517,-636.53,-397.92
84720,259.762309,-46.636500,5.47,0.764,1035.25,109.22
87747,268.854942,26.049978,5.47,0.341,4.39,4.97
89042,272.609415,-62.002768,5.47,0.592,-77.60,234.68
89290,273.302915,-41.336096,5.47,-0.155,-3.29,-5.94
90133,275.901826,-75.044326,5.47,0.043,4.48,20.06
90913,278.180509,-14.865654,5.47,1.998,0.15,-3.37
90923,278.208120,30.554181,5.47,-0.077,13.40,11.61
102014,310.082552,-33.431930,5.47,1.118,22.87,35.93
103145,313.474610,33.437809,5.47,1.522,-20.60,34.02
106044,322.186614,-69.505273,5.47,1.553,82.31,-46.41
110725,336.503262,70.770885,5.47,1.216,19.69,5.34
110936,337.163258,-39.131401,5.47,0.959,37.24,-160.72
11249,36.204353,10.610598,5.48,-0.098,19.63,-13.60
13265,42.668350,-35.675717,5.48,1.259,3.86,-54.37
18141,58.173558,-5.361242,5.48,-0.090,3.24,-7.10
24679,79.417693,-13.519708,5.48,0.932,-7.59,-48.49
30214,95.352991,-11.773244,5.48,0.002,-4.25,2.37
38048,116.986592,-12.192893,5.48,0.478,-104.67,77.39
38593,118.545880,-35.877296,5.48,-0.175,-3.88,3.41
42712,130.567490,-48.099099,5.48,-0.172,-4.92,3.51
44613,136.350444,48.530358,5.48,0.475,-12.03,-18.22
56802,174.666488,-13.202250,5.48,0.520,99.62,126.17
61318,188.444989,-9.452078,5.48,-0.035,-82.20,0.11
72664,222.860728,59.293652,5.48,1.369,-120.89,136.99
73133,224.192113,-11.409728,5.48,1.491,7.93,11.21
76957,235.711763,52.360830,5.48,-0.042,-66.30,29.68
79280,242.706369,75.877531,5.48,-0.093,-1.38,13.19
80008,244.980170,39.708590,5.48,0.410,-129.35,-2.49
82135,251.699881,-39.376898,5.48,0.975,-17.66,-26.16
82402,252.580628,7.247705,5.48,0.108,51.83,-8.98
82960,254.296550,-33.259469,5.48,1.606,5.93,-9.61
102497,311.583465,-39.199189,5.48,-0.078,42.68,-30.14
103094,313.327328,45.181683,5.48,1.088,8.60,-4.43
105668,321.047661,-12.878130,5.48,0.297,91.67,8.96
105767,321.320687,-3.556578,5.48,1.451,-12.39,-69.77
3607,11.548455,-22.522067,5.49,0.978,197.14,-12.25
7213,23.233551,-36.865182,5.49,1.021,0.09,-20.33
8240,26.524692,-50.816213,5.49,1.615,43.66,-17.45
14417,46.533134,79.418510,5.49,1.569,-34.64,10.28
15338,49.447216,44.025082,5.49,-0.060,26.61,-23.72
18434,59.119534,35.080908,5.49,-0.058,2.56,-3.96
22263,71.900884,-16.934867,5.49,0.632,130.41,169.20
27517,87.402312,-14.483550,5.49,0.870,-20.98,-47.58
29150,92.241114,-22.427284,5.49,-0.010,-3.85,-52.83
37901,116.509006,-6.772285,5.49,1.378,48.91,-93.07
42715,130.579229,-53.100115,5.49,-0.127,-23.22,24.05
45526,139.172403,-8.744760,5.49,-0.081,-15.94,0.02
46578,142.477161,-26.589617,5.49,1.345,-22.42,0.69
50303,154.060331,29.310560,5.49,0.020,-71.25,-24.05
52689,161.605637,14.194803,5.49,0.908,-125.33,-64.92
61136,187.918104,-59.423914,5.49,0.622,-13.19,-3.47
61724,189.780657,21.062581,5.49,0.978,-77.41,-8.86
79672,243.904722,-8.368237,5.49,0.652,232.16,-495.84
88836,272.009614,36.401716,5.49,1.161,-95.00,-186.09
89369,273.566292,-21.713107,5.49,1.528,-15.00,-23.40
91004,278.472866,-24.032265,5.49,1.795,-2.99,-7.10
93667,286.104396,-31.047033,5.49,0.026,2.95,-19.17
97063,295.889368,-15.469655,5.49,0.460,135.55,-185.17
103401,314.225124,-9.697517,5.49,1.474,-3.51,-11.53
110078,334.461232,-77.511588,5.49,0.312,-37.28,14.28
116611,354.486553,18.400624,5.49,0.010,48.52,17.61
117375,356.985361,-2.761611,5.49,0.941,96.45,5.50
1647,5.162679,-69.624912,5.50,-0.046,-4.01,-0.64
4852,15.609907,-31.552042,5.50,0.083,81.00,15.25
4889,15.704527,31.804337,5.50,-0.043,15.53,-30.38
6732,21.673529,19.240565,5.50,1.106,50.82,-58.73
9570,30.741529,33.284152,5.50,0.029,-15.99,-6.75
15643,50.350106,-23.635089,5.50,0.885,-24.17,-18.93
15861,51.076937,24.724188,5.50,1.190,15.72,-51.42
20171,64.858662,21.142411,5.50,-0.069,29.49,-42.73
22958,74.100789,-5.171351,5.50,-0.123,-5.67,-2.32
23900,77.027593,24.265188,5.50,0.030,1.74,-5.29
24450,78.683551,5.156129,5.50,1.369,-7.01,8.74
25950,83.058936,17.058154,5.50,-0.004,-4.23,-10.85
29064,91.970282,-42.154001,5.50,0.007,-11.08,-17.37
34000,105.812956,-59.178135,5.50,-0.125,-9.98,10.93
35564,110.089407,-52.311883,5.50,0.483,-35.17,147.45
49005,149.965500,56.811876,5.50,1.487,-31.49,-28.04
51821,158.803646,-39.562597,5.50,3.015,-32.17,3.29
52686,161.602030,18.891622,5.50,1.134,94.06,-40.64
56497,173.737519,-49.136947,5.50,1.041,-172.45,188.13
66435,204.296060,71.242266,5.50,1.219,-36.28,-6.02
67172,206.484711,-12.426547,5.50,0.898,-19.18,8.00
76106,233.152971,-19.670364,5.50,0.197,-18.92,-39.51
76133,233.241449,-1.186299,5.50,1.092,-17.27,-41.17
79199,242.469197,-33.545696,5.50,-0.075,-25.69,-44.91
81141,248.580706,-70.988065,5.50,1.235,-16.37,-13.31
81252,248.936546,-65.495329,5.50,0.949,33.92,-28.75
89065,272.667870,3.324269,5.50,1.204,18.87,-5.34
97077,295.928824,25.771873,5.50,0.939,11.60,23.05
100435,305.514290,24.446116,5.50,-0.090,1.92,-6.89
105913,321.756924,-42.547966,5.50,0.392,-49.29,14.46
108543,329.824501,-38.395093,5.50,0.996,42.47,-0.98
115836,352.014861,-87.482242,5.50,1.278,16.29,11.48
2802,8.921395,-48.000660,5.51,0.461,47.14,-101.40
3675,11.755943,11.973935,5.51,0.987,53.83,-35.12
5346,17.093100,5.650221,5.51,0.334,-248.40,-165.49
6748,21.714818,-13.056534,5.51,0.321,14.53,9.01
10642,34.245790,-6.421856,5.51,0.962,93.21,-106.93
14131,45.564156,-71.902495,5.51,-0.125,27.18,15.95
15201,48.988992,-77.388605,5.51,0.438,113.20,62.00
19388,62.291252,19.609294,5.51,1.077,107.44,-31.64
20860,67.055398,83.807763,5.51,-0.106,-4.23,11.25
23043,74.343114,17.153707,5.51,1.304,-11.16,-12.30
29941,94.557216,-19.966992,5.51,-0.163,-5.84,7.22
41451,126.819948,-70.093595,5.51,-0.024,-18.51,46.57
47267,144.505976,-43.190869,5.51,0.985,24.00,-31.03
52221,160.047765,-65.100240,5.51,-0.158,-17.45,12.86
52422,160.758111,26.325697,5.51,0.160,-99.56,-49.34
54029,165.812201,-11.303209,5.51,0.938,-81.71,-107.11
59232,182.227492,-41.231585,5.51,-0.097,-12.05,-8.27
67250,206.749479,38.542750,5.51,1.036,-134.18,-21.69
70915,217.536084,-45.321288,5.51,-0.087,-37.72,-27.81
73193,224.388401,-0.167548,5.51,1.131,59.91,-26.20
75049,230.035991,29.616311,5.51,1.015,-118.74,-42.02
82480,252.853911,1.215981,5.51,0.055,-17.20,-14.02
84835,260.088112,46.240680,5.51,1.586,-29.83,40.92
87308,267.595300,29.322027,5.51,1.071,30.88,47.88
92549,282.895839,52.974521,5.51,0.843,-65.14,245.24
92630,283.113358,-46.595119,5.51,1.641,29.04,0.14
93225,284.849177,-12.840462,5.51,-0.038,-1.05,-22.44
93340,285.181113,55.658319,5.51,0.862,-11.73,-7.36
94437,288.314649,-12.282510,5.51,1.442,12.51,-30.44
97260,296.505066,-31.908539,5.51,0.024,1.49,-13.52
98325,299.658162,30.983672,5.51,-0.060,33.23,-2.60
98823,301.034612,7.277934,5.51,1.063,14.24,12.97
99404,302.639687,26.904137,5.51,0.087,18.29,12.92
99518,302.949890,26.809016,5.51,1.397,1.41,-10.37
103527,314.608179,10.839370,5.51,0.934,-47.95,-34.35
105259,319.815383,58.623510,5.51,1.114,-3.55,-3.28
107235,325.777012,41.155000,5.51,1.615,-15.96,-12.20
111062,337.491452,4.432057,5.51,0.385,-18.89,-151.08
113532,344.899011,-29.462324,5.51,0.271,-6.77,5.15
7978,25.621463,-53.740575,5.52,0.551,166.97,-106.71
13327,42.873200,15.082127,5.52,-0.099,31.26,-23.29
17738,56.983429,-30.167321,5.52,0.973,26.20,-231.06
19335,62.152062,38.040228,5.52,0.520,163.93,-203.52
22854,73.763091,55.259130,5.52,0.015,-16.14,-8.60
24555,79.017247,11.341370,5.52,-0.012,-8.52,-6.54
25555,81.940024,15.874104,5.52,0.015,4.39,-21.26
28098,89.087262,-31.382455,5.52,0.382,1.39,5.94
31583,99.147209,-5.211108,5.52,-0.082,2.99,-14.33
39360,120.686620,-41.309865,5.52,-0.152,-6.11,15.23
39566,121.265445,-53.107914,5.52,1.347,2.46,-3.08
40282,123.392611,-50.196067,5.52,1.651,21.68,-1.96
41152,125.952205,53.219951,5.52,0.125,-27.58,-98.39
41395,126.675029,-12.534540,5.52,1.167,-92.03,-25.69
50456,154.531669,-28.992027,5.52,0.277,-15.40,10.85
50935,156.035893,33.718535,5.52,1.186,-15.65,-1.93
51384,157.425868,84.252105,5.52,0.244,-128.39,-39.60
54336,166.726795,1.955734,5.52,0.955,-383.06,-85.67
60170,185.082167,26.619751,5.52,1.091,-66.70,-110.40
66091,203.215369,-15.363012,5.52,1.228,-77.23,0.27
73497,225.332541,-2.754872,5.52,1.692,28.68,-22.40
73634,225.775348,35.205773,5.52,1.023,-39.95,9.30
74732,229.095969,-22.399421,5.52,1.357,-33.86,1.83
85385,261.704697,20.080938,5.52,-0.119,0.16,16.11
88816,271.951682,-17.154301,5.52,1.132,-103.48,58.14
90124,275.870088,-36.238000,5.52,1.015,7.61,5.34
94789,289.300917,-66.661038,5.52,0.170,8.89,-4.33
102916,312.753180,-37.913290,5.52,1.380,-6.71,-17.22
107835,327.696774,-69.629405,5.52,1.378,-24.77,-4.73
107975,328.124817,28.793692,5.52,0.426,-58.67,-63.26
109474,332.662093,70.132514,5.52,0.391,-64.78,24.17
110817,336.772130,65.132275,5.52,0.302,-0.74,-1.93
112381,341.420031,-46.547300,5.52,1.302,-29.41,-11.39
107,0.333802,-50.337399,5.53,1.615,7.34,10.59
8704,27.997114,55.147405,5.53,-0.175,12.53,-8.25
12107,39.000284,-7.831453,5.53,1.607,-33.57,-59.29
15330,49.435288,-62.576899,5.53,0.641,1337.83,648.71
17167,55.159721,-5.210697,5.53,-0.145,0.14,-3.64
20789,66.822699,22.996369,5.53,-0.098,-0.35,-13.25
20884,67.133789,1.380874,5.53,-0.099,17.66,-21.97
21949,70.766445,-70.931112,5.53,-0.114,9.30,34.77
22028,71.033124,-18.666543,5.53,0.025,52.09,-17.64
25853,82.781765,-20.863555,5.53,0.012,5.07,-43.02
26382,84.265457,17.040409,5.53,0.237,42.90,-34.86
30651,96.607765,56.285044,5.53,0.238,-25.21,21.57
40035,122.666569,-13.799347,5.53,0.488,-250.56,57.68
49065,150.182936,-82.214746,5.53,0.035,-26.99,31.11
58159,178.918865,15.646809,5.53,0.116,10.08,3.52
63950,196.594101,22.616291,5.53,1.461,29.84,-42.71
67819,208.386751,-35.664194,5.53,0.444,-82.39,-22.28
69462,213.318419,-53.665651,5.53,1.438,-12.66,-9.52
69536,213.522216,12.959577,5.53,0.537,-254.02,-54.60
69658,213.850471,-18.200662,5.53,0.001,-45.46,-11.45
76126,233.230115,-16.852807,5.53,-0.148,-10.66,-15.26
77464,237.236728,-3.818528,5.53,0.120,-29.12,6.18
78436,240.198506,-8.411324,5.53,0.043,-15.05,-11.99
79980,244.886176,-30.906769,5.53,0.466,82.88,21.81
80460,246.350691,37.394079,5.53,0.174,2.63,0.18
81290,249.047637,52.899979,5.53,-0.060,-12.94,28.67
83057,254.574787,-50.641092,5.53,0.016,-10.20,-38.25
84551,259.265476,-32.662705,5.53,0.514,-99.18,-55.48
86698,265.712884,-36.945507,5.53,1.553,8.42,-23.50
89020,272.524189,-30.728597,5.53,0.979,12.57,-28.23
93843,286.657017,28.628390,5.53,0.296,75.83,84.43
94982,289.913940,12.374639,5.53,0.265,4.28,16.69
102066,310.260584,32.307316,5.53,0.871,2.86,-11.79
103981,316.019635,-5.823049,5.53,0.683,20.90,-7.01
106227,322.747057,60.459440,5.53,0.102,-1.68,-3.31
107586,326.855448,60.692694,5.53,1.575,-9.68,-1.84
109745,333.454913,45.440603,5.53,0.021,73.41,4.01
110529,335.878274,-24.762655,5.53,0.979,97.60,-2.50
113148,343.690020,-16.271742,5.53,1.111,-223.65,-88.58
113969,346.217285,-68.820380,5.53,0.395,44.78,63.39
115713,351.652268,-52.721919,5.53,0.409,33.16,130.07
813,2.509103,11.145809,5.54,-0.064,29.73,1.64
7535,24.274839,12.141511,5.54,0.347,-74.90,9.96
25143,80.709685,41.029253,5.54,0.127,-12.49,2.94
27581,87.620431,14.305699,5.54,1.006,4.42,-37.43
28524,90.317892,-33.911771,5.54,1.580,5.44,-26.39
29263,92.543416,-40.353970,5.54,1.665,-20.93,73.14
29842,94.255125,-37.737650,5.54,1.129,1.35,83.91
32609,102.050968,55.704450,5.54,0.000,57.71,-104.75
35136,108.958805,47.240416,5.54,0.576,29.44,-186.12
36039,111.409119,-79.094203,5.54,1.281,-29.88,5.95
45219,138.231770,-59.413967,5.54,0.846,5.55,15.65
56146,172.621170,18.409739,5.54,1.056,-81.49,25.91
57013,175.332733,-43.095677,5.54,0.044,-82.40,4.24
58576,180.184864,-10.444839,5.54,0.760,141.98,-483.34
60212,185.211793,57.864290,5.54,1.452,47.75,-70.53
75127,230.281836,-5.824827,5.54,1.047,-51.92,-10.86
77390,236.971231,-65.442190,5.54,0.231,-27.98,-41.74
78132,239.311019,14.414268,5.54,1.141,-120.83,87.25
84183,258.135664,62.874221,5.54,0.216,15.91,48.03
86019,263.693122,-11.242007,5.54,0.013,3.02,3.24
86623,265.494326,15.952179,5.54,0.387,-6.99,103.01
97765,298.006642,24.992172,5.54,0.680,-0.15,-3.93
98234,299.439327,16.789115,5.54,-0.048,11.52,19.66
103298,313.910638,12.568507,5.54,0.131,31.23,21.10
103598,314.855552,59.438557,5.54,1.411,44.60,15.35
108339,329.234953,12.076526,5.54,0.054,-28.38,-13.92
115054,349.540776,-40.824063,5.54,0.445,127.46,-122.41
476,1.424732,13.396282,5.55,0.901,42.59,-6.51
2661,8.421088,-29.558207,5.55,1.262,-27.91,-29.31
3885,12.471287,27.710311,5.55,0.398,86.54,-10.20
5132,16.423658,21.465473,5.55,-0.048,53.93,-12.63
7617,24.531515,57.977645,5.55,1.388,2.98,-5.54
11432,36.865784,31.801349,5.55,1.114,-23.81,-28.18
14915,48.109875,6.660886,5.55,1.011,-8.09,-1.26
15696,50.549544,27.607577,5.55,1.100,4.42,-9.88
17103,54.963099,3.056843,5.55,0.931,-36.61,8.32
17203,55.282672,37.580264,5.55,-0.062,22.86,-27.30
20234,65.047968,50.920951,5.55,-0.031,0.57,-7.56
24738,79.565345,42.792185,5.55,1.492,18.11,-30.50
27955,88.718725,-39.957910,5.55,1.515,-12.71,21.58
30143,95.150997,-34.144193,5.55,-0.182,0.42,19.94
30720,96.814960,-0.275987,5.55,1.376,1.62,-5.19
30728,96.835318,2.908256,5.55,1.035,-43.38,13.01
34267,106.548460,34.474087,5.55,0.909,-55.00,-49.06
36258,111.996531,-29.155902,5.55,-0.048,-10.12,2.32
37521,115.513413,14.208530,5.55,1.642,-0.98,-10.81
40793,124.884218,75.756869,5.55,0.902,32.28,15.76
43496,132.893499,-7.177213,5.55,0.150,-48.79,-5.34
52136,159.773934,53.668493,5.55,1.270,-90.15,-79.36
55657,171.046571,-72.256602,5.55,0.017,-26.02,-2.45
62608,192.437290,-71.986245,5.55,1.154,10.52,-5.87
67057,206.124247,-16.179059,5.55,0.805,12.62,-5.63
70054,215.040456,-43.058862,5.55,0.907,-8.95,7.66
71419,219.079403,-46.245491,5.55,1.489,-31.17,16.46
71837,220.431731,11.660935,5.55,0.941,-159.52,-112.25
80480,246.431368,78.963601,5.55,0.249,-113.04,104.23
81754,250.473642,-19.924479,5.55,0.436,28.16,41.95
82171,251.831934,-58.341392,5.55,-0.096,-5.77,-20.09
84949,260.431720,39.974808,5.55,0.667,5.67,-65.62
96014,292.830665,50.306595,5.55,1.274,-30.60,45.82
103005,313.036221,-5.507044,5.55,-0.076,1.26,-6.20
103519,314.580757,44.471541,5.55,0.973,101.62,69.74
104177,316.606239,-41.385936,5.55,1.350,29.24,-11.98
108772,330.519066,58.000370,5.55,0.017,-3.47,-1.59
108868,330.818464,-6.522427,5.55,0.959,47.80,8.65
110778,336.642282,-16.742148,5.55,0.618,209.77,3.96
113669,345.330615,-28.853908,5.55,1.349,58.42,-21.46
114831,348.907115,70.888085,5.55,0.263,17.04,-2.27
116354,353.656461,40.236552,5.55,0.096,-17.71,-45.77
117299,356.757977,57.451377,5.55,1.630,4.13,-7.45
4440,14.195587,60.362848,5.56,-0.054,27.37,-4.77
5310,16.987958,20.739321,5.56,0.121,85.43,-85.81
5566,17.856319,64.202724,5.56,-0.052,40.94,-19.30
13951,44.921510,-2.464901,5.56,-0.072,-4.56,-20.82
16780,53.990217,-11.193978,5.56,0.915,23.65,80.60
17506,56.235261,-0.296716,5.56,1.411,60.54,-1.86
21743,70.028526,-24.482411,5.56,0.926,-69.92,17.70
25608,82.063862,-37.230931,5.56,0.026,11.90,67.75
29205,92.393891,-14.584690,5.56,1.150,-15.74,29.55
30321,95.659292,-69.984128,5.56,1.510,25.96,34.75
34065,105.989168,-43.608984,5.56,0.624,-102.70,388.95
41400,126.683124,12.654863,5.56,1.608,-17.37,-103.01
42535,130.072870,-53.015454,5.56,-0.125,-25.47,23.17
44299,135.336981,-41.864290,5.56,-0.135,-18.74,14.80
45189,138.127255,-43.613292,5.56,-0.107,-22.34,12.25
45924,140.462249,-42.194738,5.56,1.637,60.21,-50.28
46982,143.636009,-5.914806,5.56,1.159,10.79,-58.30
47717,145.926256,-53.891362,5.56,-0.042,-67.58,32.72
48310,147.731659,-62.745137,5.56,1.316,-12.16,8.46
56770,174.586199,43.625514,5.56,0.348,-146.17,-34.98
57870,178.043308,-56.987827,5.56,0.069,-106.90,35.13
60735,186.715392,-32.830048,5.56,0.007,-5.65,-30.09
66753,205.234064,-85.785992,5.56,0.183,-87.65,-21.03
70492,216.276413,-68.195324,5.56,0.435,-7.96,-3.80
75257,230.655709,39.581496,5.56,1.626,2.21,-13.77
83692,256.575452,22.084247,5.56,1.299,-97.78,-38.65
86667,265.618322,24.564310,5.56,1.436,-55.19,-103.84
89482,273.911581,42.159343,5.56,-0.111,-2.93,0.95
92882,283.879258,-16.376188,5.56,0.445,-26.33,-183.97
93051,284.319139,2.535377,5.56,0.004,-4.70,-12.53
93996,287.069580,-19.290286,5.56,-0.087,5.27,-1.14
97961,298.629422,24.319390,5.56,-0.018,23.52,-0.79
110935,337.156005,-67.488887,5.56,0.208,151.41,-70.67
114822,348.892771,-3.496372,5.56,0.062,-12.43,-3.26
115142,349.849415,-5.124302,5.56,0.386,200.98,-20.42
115395,350.635520,60.133489,5.56,1.679,6.83,-1.59
115591,351.211754,32.384875,5.56,-0.075,16.51,2.76
115746,351.749663,87.307457,5.56,0.250,76.90,19.35
531,1.610529,64.196169,5.57,-0.023,9.70,0.01
729,2.259742,18.212025,5.57,1.043,140.93,-25.57
2711,8.615063,-52.373183,5.57,0.472,227.80,38.21
2941,9.332446,-24.767225,5.57,0.715,1422.09,-17.15
3741,12.004379,-21.722475,5.57,-0.058,24.99,-7.23
5454,17.455020,19.658385,5.57,0.697,-4.65,9.34
5589,17.922370,65.018885,5.57,-0.072,23.85,-12.92
7965,25.585185,68.043046,5.57,-0.049,53.08,-10.34
9313,29.911893,-42.030289,5.57,1.052,-50.58,-99.76
10418,33.560428,-67.841552,5.57,1.556,25.19,45.66
10535,33.928477,25.043255,5.57,0.520,-88.69,-87.16
10944,35.242387,50.151542,5.57,-0.089,38.84,-31.23
16263,52.400094,-12.674749,5.57,0.171,7.74,4.95
22393,72.303479,31.437625,5.57,1.132,16.81,-102.84
31277,98.400720,14.155375,5.57,1.105,-14.27,-87.02
38152,117.278010,-56.410385,5.57,1.116,-6.58,10.20
43903,134.156195,64.604031,5.57,0.877,-32.93,-81.88
47168,144.178544,31.161841,5.57,1.594,2.30,-43.74
51376,157.397493,-30.607071,5.57,-0.041,-29.27,2.44
51685,158.378882,34.988702,5.57,0.029,-28.70,-3.08
53064,162.848990,59.320244,5.57,1.160,-29.73,-51.20
61968,190.488165,6.806644,5.57,0.002,-71.67,-11.15
64122,197.135367,-8.984229,5.57,1.178,-36.21,-64.19
66640,204.894518,10.746301,5.57,0.348,-113.44,-13.38
70243,215.582239,-34.786792,5.57,-0.088,-26.28,-0.33
76996,235.817087,-84.465508,5.57,0.118,137.01,96.74
77048,235.997168,32.515828,5.57,1.076,-28.80,-8.69
77163,236.347783,5.447323,5.57,0.035,27.17,-3.19
79153,242.327347,-57.934173,5.57,-0.024,-13.19,-59.65
81702,250.335066,-48.762970,5.57,0.169,-1.14,5.49
82925,254.200159,-23.150322,5.57,-0.018,-2.29,-9.89
85749,262.838938,2.724460,5.57,0.844,-19.25,19.22
89008,272.495776,36.466257,5.57,0.915,13.14,11.20
95564,291.579724,-21.776682,5.57,1.228,36.16,-4.55
95822,292.342184,14.596077,5.57,1.050,50.77,-23.72
102633,311.951367,6.008241,5.57,-0.010,8.81,-13.01
106429,323.348054,-44.848695,5.57,1.044,-18.92,-2.29
107517,326.633667,-11.365932,5.57,-0.002,30.36,-9.25
107649,327.065037,-47.302898,5.57,0.601,165.64,-295.00
108845,330.736158,44.649942,5.57,-0.029,-21.46,-32.32
114622,348.311431,57.167638,5.57,1.000,2074.37,294.97
118077,359.285391,55.705735,5.57,0.478,-20.44,-12.22
124,0.404245,61.222804,5.58,0.407,-2.80,-1.34
1921,6.065184,52.019925,5.58,-0.110,13.70,-4.40
5164,16.521375,-9.839368,5.58,0.009,30.98,5.89
7679,24.715449,-21.275474,5.58,0.346,129.52,37.13
10732,34.531443,19.901161,5.58,0.011,-16.07,0.90
13702,44.108260,18.023651,5.58,0.471,281.23,-218.84
16210,52.217946,49.848446,5.58,-0.054,22.51,-25.55
20219,64.990145,14.035250,5.58,0.283,115.42,-19.91
20995,67.535554,15.637899,5.58,0.324,107.59,-23.92
22531,72.730776,-53.461721,5.58,0.341,-79.08,87.79
31079,97.825914,-51.826207,5.58,0.534,102.50,104.60
35044,108.713284,-27.037924,5.58,1.220,-40.79,-29.65
37204,114.636816,35.048484,5.58,0.921,37.26,27.28
37441,115.301856,48.131852,5.58,1.011,-52.69,-130.99
40944,125.338435,-20.079012,5.58,0.771,-2.58,-18.81
41377,126.615533,27.893862,5.58,1.421,-34.48,-114.89
47963,146.626588,-44.755059,5.58,-0.176,-13.12,-0.43
51140,156.703896,-54.877314,5.58,1.556,-13.71,5.01
51364,157.370889,-29.663854,5.58,1.420,-59.71,8.85
54327,166.708038,-70.877938,5.58,-0.070,-22.57,3.30
55765,171.401914,16.456551,5.58,0.390,-141.15,-4.89
58110,178.763131,8.443905,5.58,0.937,-30.47,15.53
61296,188.392787,-12.830328,5.58,0.861,-16.99,51.63
63738,195.941778,-20.583510,5.58,0.554,142.13,5.14
70791,217.158700,49.844964,5.58,0.864,-304.53,-46.36
87569,268.347794,-34.895110,5.58,1.098,2.38,-6.15
89487,273.919430,-63.055308,5.58,0.944,-35.71,-23.95
90260,276.256303,-30.756401,5.58,1.138,-127.97,-69.59
92728,283.431494,36.971728,5.58,-0.138,1.49,-2.60
92872,283.864343,6.615506,5.58,1.041,6.02,-88.83
94624,288.833707,15.083679,5.58,1.067,1.04,-11.17
100108,304.619275,36.999754,5.58,0.056,40.35,20.06
100437,305.522278,45.794897,5.58,1.077,25.06,39.70
105411,320.267662,23.856258,5.58,1.057,243.57,-120.04
109352,332.306982,33.172498,5.58,0.985,-60.00,-65.86
109737,333.434947,-25.180925,5.58,0.497,71.18,8.36
114924,349.175810,53.214050,5.58,0.556,111.70,-236.29
115271,350.206268,30.415088,5.58,1.501,77.44,-68.83
377,1.171888,-71.436858,5.59,-0.100,30.00,-13.62
2497,7.921712,52.839558,5.59,1.163,-55.33,-13.14
3849,12.356474,-13.561017,5.59,1.325,103.34,-105.83
4283,13.719848,83.707462,5.59,0.105,62.00,-10.71
4770,15.325939,-38.916649,5.59,1.185,66.98,49.92
9573,30.750786,64.390023,5.59,0.325,-0.98,-1.95
13665,43.986430,61.521063,5.59,0.445,145.07,30.84
17395,55.890994,-10.485611,5.59,0.216,-7.97,-20.23
19095,61.405433,-27.652036,5.59,0.324,200.52,94.21
21479,69.190324,-62.076981,5.59,1.500,-68.46,-71.22
31457,98.850934,-36.779930,5.59,-0.130,-8.31,20.82
33575,104.649597,-25.414170,5.59,-0.162,-6.65,5.27
35615,110.242883,-14.360488,5.59,0.971,-10.50,-0.35
36723,113.298647,3.290275,5.59,0.321,-15.73,42.84
38908,119.442936,-60.303361,5.59,0.573,518.38,118.86
40678,124.572448,-35.451705,5.59,1.246,11.40,1.01
43499,132.902218,-57.633615,5.59,-0.102,-15.29,15.56
45001,137.485048,-30.365282,5.59,0.179,-2.15,-48.86
49569,151.789540,-17.141596,5.59,1.490,15.41,-56.22
50241,153.881452,-43.112241,5.59,1.520,22.40,-52.68
51491,157.749408,-13.588468,5.59,-0.028,-33.59,-0.81
58326,179.416826,-62.448736,5.59,-0.152,-24.01,-5.19
58427,179.698620,-64.339557,5.59,0.174,-5.98,-1.53
58654,180.414718,36.042277,5.59,1.019,-82.19,-78.75
63972,196.646031,-41.588407,5.59,1.050,44.26,-14.59
72833,223.306403,-73.190155,5.59,0.820,18.33,34.31
73841,226.357882,48.150900,5.59,-0.005,-65.26,29.71
74950,229.734957,-40.788169,5.59,-0.099,-19.36,-21.78
78106,239.225438,-33.964160,5.59,0.072,20.26,-49.68
94727,289.129262,4.834821,5.59,0.101,14.77,-10.42
94986,289.916621,-35.421425,5.59,-0.122,7.04,-11.14
95077,290.158983,-22.402603,5.59,0.276,-10.44,27.94
96178,293.340143,-45.271689,5.59,-0.020,-16.24,-24.46
100261,305.024932,68.880253,5.59,1.472,18.02,26.44
101716,309.269428,26.461975,5.59,-0.050,16.27,-11.39
102253,310.795765,66.657363,5.59,0.218,25.11,34.71
103530,314.625107,50.461783,5.59,-0.144,9.80,3.44
105769,321.330785,46.714224,5.59,0.335,188.61,48.20
117683,357.990959,2.930419,5.59,1.527,14.69,-14.42
118277,359.866257,-29.485153,5.59,1.599,-7.86,-5.98
5626,18.068789,79.673975,5.60,0.008,95.83,-4.91
6514,20.918983,37.714990,5.60,0.276,81.77,-19.64
10723,34.505110,1.756900,5.60,0.588,365.99,371.16
17460,56.130820,36.460204,5.60,0.062,48.24,-41.44
24169,77.845218,-11.849227,5.60,1.350,31.76,56.93
25329,81.257259,-10.328845,5.60,1.543,3.16,-17.09
26093,83.476188,14.305592,5.60,-0.118,-1.96,-5.74
26215,83.805162,10.240102,5.60,0.149,1.45,-3.76
27629,87.742133,27.967833,5.60,0.978,-3.08,11.56
27743,88.092926,14.171794,5.60,-0.053,-17.46,-2.88
30342,95.732786,-56.369921,5.60,0.242,-40.24,-20.04
31167,98.096374,-5.868718,5.60,0.256,-0.87,-41.78
32531,101.827958,-55.540049,5.60,1.549,-0.86,25.08
36186,111.783298,-17.864865,5.60,0.314,-3.27,1.56
36388,112.327814,-1.905307,5.60,1.493,-11.58,-9.00
37623,115.799992,-36.050124,5.60,-0.130,-21.14,14.17
38253,117.544069,-9.183442,5.60,1.446,0.02,0.10
39177,120.197140,17.308710,5.60,1.317,-10.34,-2.73
41375,126.613452,-3.987300,5.60,0.218,-34.28,-73.76
44883,137.175800,-8.589513,5.60,-0.057,-21.20,-4.42
46221,141.350176,-5.117379,5.60,1.523,-11.68,-6.14
51046,156.434794,-7.060143,5.60,1.528,-135.20,129.00
59501,183.038747,20.542106,5.60,0.961,-14.21,-17.24
65072,200.079149,40.150556,5.60,1.204,-57.97,-3.29
66198,203.530521,55.348450,5.60,-0.014,-18.71,-6.64
82028,251.343772,15.745412,5.60,1.637,24.04,-50.64
84401,258.830197,-33.548413,5.60,-0.056,0.10,-2.98
92382,282.395825,-43.434040,5.60,-0.077,-2.88,-25.39
95560,291.555184,20.097820,5.60,-0.006,3.36,-36.13
97757,297.996132,47.027349,5.60,-0.078,-2.76,-3.99
97980,298.686551,0.273660,5.60,0.098,42.37,-13.20
100469,305.614497,-42.049349,5.60,0.002,32.94,-81.98
102635,311.955392,47.831912,5.60,1.466,-8.68,-17.58
104371,317.161970,30.205688,5.60,-0.048,25.35,-20.78
108691,330.270879,0.604743,5.60,1.279,7.14,-11.60
110986,337.283135,9.129084,5.60,1.578,51.63,-20.51
113281,344.098462,41.603886,5.60,-0.149,-0.99,-4.25
114254,347.087902,-28.823569,5.60,0.882,-43.24,-52.69
115620,351.330728,-56.848935,5.60,1.063,85.19,-20.73
115770,351.818409,70.359793,5.60,0.163,120.97,-4.43
1728,5.442645,-20.057993,5.61,1.580,62.63,-12.77
9622,30.918685,-4.103364,5.61,1.589,6.62,-62.67
15154,48.835198,30.556675,5.61,0.012,-16.56,6.01
18647,59.875552,-12.574332,5.61,1.479,-1.40,-38.11
20922,67.278855,-13.048367,5.61,-0.202,0.30,-0.95
23554,75.971897,-24.388057,5.61,0.094,25.69,-38.42
30436,95.982974,-25.577530,5.61,1.561,3.57,-40.92
31897,100.012119,-80.813722,5.61,0.214,-5.08,53.37
38200,117.397619,-33.288954,5.61,1.617,-37.43,1.79
41211,126.146408,-3.751177,5.61,0.478,-211.00,-25.83
41723,127.619249,-32.159288,5.61,1.509,-12.67,0.97
45920,140.458786,-55.514871,5.61,0.190,-64.28,76.25
47570,145.501585,39.757969,5.61,0.951,-49.55,-48.31
51008,156.313287,8.784939,5.61,1.630,10.54,-38.65
52965,162.487692,-34.058200,5.61,0.038,-40.12,6.99
63121,194.002516,38.314698,5.61,0.337,-203.89,88.34
66656,204.952441,-40.051575,5.61,1.301,-47.42,-54.98
67384,207.161412,31.190115,5.61,1.032,-4.49,37.76
69598,213.678176,-41.837448,5.61,0.929,-129.08,-19.27
72323,221.844000,-25.624233,5.61,-0.043,-7.84,-13.85
77286,236.684294,-34.682389,5.61,-0.117,-19.83,-26.63
78276,239.740398,36.643706,5.61,1.529,25.20,27.65
79689,243.957546,-57.912229,5.61,0.137,-12.12,-49.86
80953,247.946811,45.598184,5.61,0.125,-7.89,39.89
85922,263.374457,-5.744572,5.61,0.187,-42.20,-95.38
87044,266.783497,17.697041,5.61,0.036,11.07,-11.19
89925,275.237373,29.858794,5.61,0.231,0.69,54.10
108693,330.272146,13.119961,5.61,0.336,57.60,-56.74
112864,342.843785,61.696639,5.61,0.775,97.14,41.95
4587,14.682865,-11.379939,5.62,0.949,-33.16,-15.02
7345,23.657172,-15.676353,5.62,0.066,94.70,-2.67
14143,45.593784,4.352870,5.62,-0.107,16.70,5.64
15383,49.592828,-0.930141,5.62,1.050,251.68,-60.59
16489,53.082146,84.911363,5.62,0.894,62.36,-133.04
18471,59.216803,22.478250,5.62,0.345,69.43,-114.82
19011,61.094610,-12.792339,5.62,1.062,15.85,17.95
26882,85.610201,65.697701,5.62,1.249,-0.27,-21.48
27766,88.138177,-37.630991,5.62,1.046,30.75,-29.76
27938,88.681606,-11.774261,5.62,1.523,75.57,28.25
29716,93.893155,-0.511659,5.62,0.506,-158.04,-218.33
30444,96.004246,-36.707897,5.62,1.027,-12.79,54.66
31362,98.647204,-32.716261,5.62,-0.085,3.18,2.70
32385,101.379962,-30.948991,5.62,-0.138,-3.11,4.20
37751,116.142386,-24.674092,5.62,-0.191,-4.27,5.23
38375,117.929391,-21.173742,5.62,0.956,-45.76,33.27
38656,118.722469,-57.302883,5.62,1.298,-69.25,31.64
40240,123.286977,29.656586,5.62,-0.073,-10.39,-20.48
42795,130.801397,12.680871,5.62,0.435,-9.98,2.10
47199,144.291123,-32.178613,5.62,1.023,31.48,-13.87
48348,147.832342,-46.193954,5.62,1.166,-49.65,33.82
57791,177.759295,-5.333334,5.62,1.058,0.88,0.86
73111,224.133665,-47.879143,5.62,-0.035,-29.91,-22.46
74689,228.954749,0.372108,5.62,0.181,-107.26,12.83
79358,242.950254,36.425162,5.62,1.352,-8.89,-28.00
81733,250.417615,-49.651546,5.62,-0.043,-2.79,-2.74
87777,268.961716,22.464221,5.62,1.249,-2.11,-0.17
91139,278.876645,23.605529,5.62,1.015,3.31,0.73
92969,284.107253,65.258154,5.62,0.938,-15.79,-28.94
98863,301.150736,32.218625,5.62,0.760,-2.80,-11.12
107773,327.500543,-64.712444,5.62,1.018,-3.60,-38.31
109081,331.462298,-59.635942,5.62,1.468,56.46,-53.57
110506,335.782463,-45.928347,5.62,0.372,233.33,-57.92
114132,346.723333,-38.892307,5.62,0.006,33.56,5.78
7825,25.164835,43.297764,5.63,0.214,111.06,-31.65
7943,25.514396,35.245767,5.63,-0.059,49.41,-24.67
8362,26.933601,63.853101,5.63,0.804,582.05,-246.83
15479,49.895430,-24.122847,5.63,1.663,5.94,-22.68
28814,91.243166,4.158677,5.63,1.041,0.28,-2.38
34086,106.021876,-5.323971,5.63,1.290,-3.57,-3.20
36528,112.719581,68.465727,5.63,1.100,-2.22,-43.68
40646,124.460080,59.571128,5.63,0.182,-4.22,1.85
40834,125.002330,-71.505462,5.63,-0.099,-17.73,35.09
42438,129.798926,65.020693,5.63,0.618,-27.73,87.90
42917,131.187686,10.081713,5.63,-0.069,-13.55,-17.39
52407,160.680037,-32.715673,5.63,0.006,-30.95,-0.12
56510,173.770404,54.785375,5.63,1.032,10.66,18.02
61015,187.572758,-23.696420,5.63,1.670,-25.36,0.70
64003,196.725955,-35.861823,5.63,0.050,34.80,-86.36
66438,204.300837,-61.691572,5.63,0.493,149.75,-116.81
66763,205.259822,22.495832,5.63,1.009,-15.28,-26.28
72573,222.581781,82.512487,5.63,0.671,177.66,-223.33
73100,224.095585,49.628999,5.63,0.533,110.79,-226.45
77984,238.875428,-26.265921,5.63,0.141,-34.96,-29.93
79007,241.906462,9.891760,5.63,0.200,-20.84,-7.13
81007,248.148651,5.521221,5.63,-0.044,15.55,-0.41
83635,256.384403,-0.892065,5.63,0.104,4.34,-1.91
85715,262.730713,31.158101,5.63,0.960,3.81,15.59
90541,277.112975,-38.995570,5.63,0.140,-0.21,-41.67
90687,277.549346,-18.728574,5.63,1.057,33.67,-90.48
93498,285.615379,-24.846395,5.63,1.232,-22.90,-177.32
93718,286.240931,31.744257,5.63,1.548,75.55,-76.41
97871,298.328013,-3.114497,5.63,0.231,21.64,13.62
100907,306.892812,38.440523,5.63,0.072,-22.98,-78.60
104031,316.144349,5.502860,5.63,1.650,14.15,0.49
105576,320.751965,-22.669049,5.63,1.641,36.82,0.39
107575,326.808160,2.686131,5.63,0.012,6.28,-2.83
115769,351.812225,-58.476279,5.63,0.983,52.45,69.25
116355,353.659194,33.497276,5.63,1.042,-4.54,21.66
3572,11.412964,74.988126,5.64,0.078,-14.93,-21.86
5081,16.272298,14.946004,5.64,0.420,6.94,53.33
9621,30.913593,25.935449,5.64,0.537,125.66,9.27
10212,32.838177,8.570083,5.64,0.569,-141.20,-114.26
12153,39.157286,12.447846,5.64,0.516,279.53,-85.40
14439,46.598698,13.187403,5.64,1.087,-3.31,-62.68
20087,64.596424,21.579379,5.64,0.277,96.42,-33.92
20484,65.854160,16.777327,5.64,0.310,105.09,-27.62
22545,72.789016,48.740758,5.64,1.013,-43.00,-30.30
24914,80.094227,62.653717,5.64,1.728,-3.00,-2.34
25280,81.118619,-16.975742,5.64,-0.001,34.67,-15.86
33804,105.274789,-25.215646,5.64,-0.165,-4.58,4.65
35181,109.064467,-46.774611,5.64,1.441,1.64,32.07
36732,113.331457,-19.412354,5.64,1.121,24.10,-70.23
37590,115.700643,-26.351254,5.64,0.990,-2.51,-29.55
44356,135.491731,-0.482842,5.64,1.163,-46.67,69.24
47701,145.888631,29.974725,5.64,0.111,-16.87,-103.45
49865,152.732755,-8.418351,5.64,1.304,-0.12,-45.43
56319,173.200580,-40.436336,5.64,1.578,-74.90,58.55
56518,173.805658,-47.372561,5.64,1.682,-87.27,-7.70
56675,174.316427,-75.896541,5.64,0.362,-128.21,-1.21
63916,196.467831,45.268490,5.64,1.135,-14.53,24.63
64607,198.630179,11.331785,5.64,1.514,68.52,-52.81
73369,224.904046,39.265232,5.64,0.336,-31.53,41.85
75730,232.064159,-16.716403,5.64,1.545,16.66,-33.36
76750,235.088996,-73.446635,5.64,-0.040,-12.76,-20.73
81972,251.177509,-40.839623,5.64,-0.093,-11.52,-21.63
83187,255.026196,-54.597002,5.64,0.194,-7.69,-73.04
90313,276.411672,8.032024,5.64,0.884,-4.24,-7.39
92768,283.555217,27.909701,5.64,1.361,-7.54,-71.21
96406,294.006873,-24.719017,5.64,0.185,6.08,-26.37
96807,295.180470,-0.621293,5.64,0.123,12.59,24.51
100591,305.971612,-42.422905,5.64,0.201,-11.08,14.99
104642,317.951002,59.986619,5.64,0.110,-2.90,-3.58
105854,321.594792,-37.829403,5.64,1.185,167.05,-10.91
111068,337.507470,32.572672,5.64,-0.031,30.94,-14.03
114948,349.239451,-62.001134,5.64,0.521,176.00,-26.12
10305,33.197180,-2.393460,5.65,0.546,374.41,-73.08
12247,39.424073,-3.396068,5.65,1.021,38.95,-44.05
17932,57.518548,44.967921,5.65,0.779,-37.80,-26.82
23166,74.755991,-16.376337,5.65,0.447,-121.61,127.52
26394,84.286636,-80.471675,5.65,0.600,311.97,1050.19
28484,90.204991,-51.216553,5.65,0.207,-29.72,95.95
28756,91.084486,-32.172724,5.65,-0.186,-15.62,120.75
33077,103.328512,-19.032779,5.65,0.279,-48.87,6.49
36168,111.747863,-23.086033,5.65,-0.134,-6.65,4.04
39213,120.307956,4.879778,5.65,0.013,-32.14,18.55
47960,146.598512,1.785686,5.65,0.342,-54.69,-41.20
53316,163.574087,-13.758059,5.65,0.832,-6.35,9.53
62325,191.593248,9.540790,5.65,0.989,278.73,-455.04
62500,192.109828,-27.597230,5.65,0.947,-152.82,-63.33
65522,201.459995,-70.627251,5.65,-0.018,-55.50,1.05
65790,202.304318,10.818396,5.65,1.052,-60.34,-35.52
73284,224.663692,-27.657293,5.65,0.262,-47.62,-8.60
73540,225.461268,-83.227776,5.65,0.962,18.65,53.30
73771,226.195680,-83.038269,5.65,1.273,-8.65,-17.65
75043,230.021422,51.958488,5.65,0.122,10.88,11.28
75181,230.456556,-48.316959,5.65,0.639,-1622.71,-275.10
75308,230.794173,-60.657109,5.65,0.489,-81.96,-27.74
76519,234.413372,69.283217,5.65,1.371,-49.11,52.08
85290,261.422348,60.048341,5.65,0.024,-8.10,23.57
85912,263.345175,19.256899,5.65,0.505,-29.48,-91.32
90647,277.437349,77.547070,5.65,1.192,1.59,-0.70
94620,288.822247,21.232099,5.65,0.121,36.38,7.82
94720,289.111594,14.544615,5.65,-0.020,9.15,0.22
98470,300.083995,-33.702749,5.65,0.498,130.79,-289.30
99747,303.579198,-52.445642,5.65,1.497,20.80,-52.67
108699,330.288497,8.257171,5.65,1.440,-7.35,-2.77
115312,350.314629,-26.986742,5.65,0.817,-19.59,-11.20
1288,4.036607,-31.446328,5.66,1.350,117.87,-27.11
3478,11.109276,47.863963,5.66,-0.113,-39.77,8.54
7568,24.365749,-84.769650,5.66,0.939,34.69,23.45
9990,32.169086,58.423605,5.66,0.595,-0.82,-1.63
17527,56.290528,24.839373,5.66,-0.064,19.03,-46.64
17584,56.496855,45.681944,5.66,-0.080,17.51,-18.44
18089,58.000935,6.534914,5.66,0.046,7.60,-2.80
21823,70.350372,48.300989,5.66,0.002,44.67,-44.20
21958,70.788808,-30.765395,5.66,1.391,-30.32,-66.45
25001,80.302868,29.569885,5.66,0.060,-1.54,-0.19
32474,101.662596,-10.107362,5.66,-0.048,-10.77,0.77
36981,114.016240,-14.492773,5.66,-0.067,-6.29,0.88
37023,114.131910,46.180368,5.66,1.560,-28.39,-32.92
39919,122.289644,-48.684410,5.66,-0.101,-10.30,-1.26
39943,122.368916,-16.248907,5.66,-0.153,-8.83,-6.19
39957,122.390132,-56.085475,5.66,0.204,1.56,37.14
42372,129.592748,53.401575,5.66,0.964,-76.32,-14.66
46511,142.302726,-20.749144,5.66,1.587,-19.14,6.94
50520,154.771331,-64.676288,5.66,0.042,-35.18,12.33
50609,155.069680,-47.699100,5.66,1.667,-9.13,4.00
53043,162.796180,56.582237,5.66,1.132,-69.47,5.46
59468,182.963338,25.870355,5.66,1.401,-38.11,-30.87
60425,185.839999,-24.840621,5.66,1.153,-21.40,-19.59
67973,208.800707,-52.160769,5.66,-0.072,-29.45,-21.61
80793,247.445429,-14.550897,5.66,0.823,33.75,7.57
84150,258.067564,-39.506775,5.66,0.042,-13.81,-71.78
85790,262.956560,28.407436,5.66,-0.001,7.46,25.64
95619,291.735293,-29.743105,5.66,-0.014,17.55,-49.32
96496,294.263894,-18.231019,5.66,1.237,10.54,-13.78
101345,308.097973,-9.853641,5.66,0.689,307.59,106.07
102949,312.867647,28.250519,5.66,0.616,3.92,-5.48
106856,324.632807,5.771673,5.66,0.265,112.64,28.64
107144,325.542147,1.285273,5.66,1.446,-5.89,-8.31
111809,339.714431,-33.081383,5.66,0.037,4.25,14.57
113562,345.024025,-25.163987,5.66,1.253,35.14,-79.51
115908,352.253876,-63.110623,5.66,-0.142,39.18,-13.63
116591,354.414746,-13.060306,5.66,1.025,34.83,25.77
655,2.014655,-33.529334,5.67,1.119,-42.75,3.15
2383,7.608228,-48.214698,5.67,0.367,163.44,-87.30
5493,17.578530,42.081577,5.67,0.603,-135.76,-41.87
10513,33.868993,-67.746335,5.67,1.306,43.01,-12.65
14521,46.882920,-78.989423,5.67,0.298,79.07,73.56
16509,53.144652,-50.378849,5.67,1.101,94.26,83.16
18805,60.442221,9.998014,5.67,0.005,5.59,1.13
20049,64.496569,-80.214181,5.67,0.836,28.26,61.02
21295,68.534484,5.568635,5.67,0.055,-15.58,-7.77
24109,77.678629,46.962435,5.67,0.452,57.35,-150.22
26064,83.381791,18.540231,5.67,-0.022,0.15,0.01
26197,83.754193,-6.009269,5.67,-0.228,1.02,-0.27
28812,91.242448,5.419970,5.67,1.047,-7.96,-0.18
30099,95.017616,14.651169,5.67,1.578,-6.26,-17.27
41191,126.084925,-80.914720,5.67,1.018,-151.92,213.07
41242,126.229985,-23.153817,5.67,0.066,-26.59,29.66
42564,130.146902,-45.191115,5.67,1.664,3.36,5.01
43584,133.144268,32.474123,5.67,0.224,-3.78,13.88
47959,146.597238,11.810001,5.67,1.489,-15.45,17.28
51802,158.759125,8.650439,5.67,0.059,-52.74,-5.56
54137,166.130422,-47.679183,5.67,0.256,-115.47,32.74
71783,220.255890,-36.134843,5.67,-0.081,-31.58,-6.17
74087,227.099085,26.301183,5.67,1.240,1.14,-12.41
79399,243.066895,-28.417206,5.67,0.012,-22.99,-40.90
80309,245.946624,61.696379,5.67,0.956,-29.54,33.99
80675,247.063265,-58.599709,5.67,0.008,-22.18,-35.34
89000,272.475023,3.120297,5.67,0.490,13.68,-193.49
90968,278.346389,-38.725933,5.67,-0.060,-0.60,-21.79
92997,284.187831,57.814995,5.67,1.155,-26.37,-59.39
96516,294.322430,16.462769,5.67,1.007,17.24,13.70
98844,301.096471,-0.709021,5.67,1.301,-2.21,-118.27
102962,312.910013,-62.429215,5.67,0.203,83.04,-49.38
104440,317.339654,-73.172270,5.67,0.590,461.31,-287.24
105703,321.141557,26.174545,5.67,0.323,48.93,6.42
379,1.174323,67.166388,5.68,1.051,95.58,23.80
10155,32.656425,19.500404,5.68,1.641,88.73,-27.10
16290,52.495524,-78.351785,5.68,0.932,-11.26,-26.72
17309,55.578937,19.700286,5.68,-0.016,5.82,-13.24
22699,73.199023,42.586626,5.68,0.115,-11.07,0.11
25028,80.382682,-0.416494,5.68,-0.125,-0.28,1.18
32814,102.606249,13.413195,5.68,1.329,-1.86,-7.55
32968,103.000049,23.601743,5.68,1.467,-39.29,-10.11
34473,107.176423,-70.497340,5.68,0.436,17.17,104.08
37174,114.575882,-48.601448,5.68,0.683,-4.18,5.13
41861,128.020720,-53.211960,5.68,0.582,-16.20,16.78
44001,134.396513,15.581235,5.68,0.209,60.93,19.01
47187,144.251032,-25.296847,5.68,1.116,-62.60,36.18
49220,150.703996,21.949271,5.68,-0.178,-13.75,-5.28
57741,177.613687,-62.649383,5.68,0.233,-5.99,0.89
60795,186.896358,55.712752,5.68,1.582,-20.94,-11.43
60957,187.430098,20.896185,5.68,0.093,24.89,-31.29
61658,189.593550,1.854705,5.68,1.592,-79.51,-17.47
67231,206.648647,54.432690,5.68,-0.039,-19.19,-4.51
72154,221.375952,0.717290,5.68,-0.021,-39.85,-7.92
72488,222.328160,-24.251470,5.68,1.275,-20.69,-0.43
72524,222.422340,48.720563,5.68,0.501,-76.93,99.13
74896,229.602141,20.572810,5.68,0.972,-14.57,-13.13
84691,259.702063,28.822984,5.68,0.981,47.98,-6.63
85930,263.414133,16.317706,5.68,1.002,-5.67,-62.67
87314,267.618293,-53.612381,5.68,-0.099,2.43,-10.42
91883,280.965059,31.926919,5.68,0.360,-33.00,-126.13
92747,283.500377,-21.359796,5.68,1.206,2.02,-20.25
97634,297.655538,40.599778,5.68,-0.058,-2.19,-7.67
98375,299.794095,23.101274,5.68,0.345,-70.78,3.07
100754,306.418850,21.409663,5.68,0.921,8.88,-8.67
101899,309.748065,30.334425,5.68,1.088,-27.45,-65.54
102155,310.485407,41.716872,5.68,-0.107,4.07,1.12
103312,313.957525,47.417665,5.68,0.408,-2.82,-3.74
105497,320.501603,49.388699,5.68,1.100,37.46,61.45
112542,341.928129,-14.056405,5.68,-0.016,29.03,-9.44
113657,345.281236,-50.950029,5.68,1.411,88.21,0.28
114210,346.938533,49.295455,5.68,0.449,152.15,132.08
114365,347.433910,59.332689,5.68,0.315,0.14,1.17
114449,347.677591,17.594438,5.68,1.330,24.37,-27.28
116495,354.097279,2.102071,5.68,0.449,-104.50,62.11
2548,8.098979,6.955455,5.69,-0.014,45.91,3.54
4675,15.014780,44.713304,5.69,-0.010,14.72,-25.24
7251,23.357116,58.327345,5.69,1.435,3.78,-4.66
7463,24.035121,-29.907434,5.69,0.335,119.68,47.98
9021,29.038458,37.251804,5.69,1.060,182.88,10.54
13942,44.900273,-25.274339,5.69,0.427,181.75,84.67
19968,64.223117,61.850041,5.69,-0.116,6.07,-21.36
25223,80.926286,-0.159813,5.69,-0.208,1.21,-2.09
25492,81.784470,30.208614,5.69,0.175,0.27,-4.54
31137,97.992965,-58.753841,5.69,-0.057,-0.67,2.39
33827,105.339149,70.808334,5.69,1.337,12.75,-15.80
34579,107.429281,-25.231044,5.69,-0.158,-4.94,3.95
37036,114.170995,-19.702353,5.69,-0.165,-8.12,6.20
37043,114.183024,-48.830170,5.69,-0.037,-7.55,0.87
38427,118.078681,-14.846178,5.69,0.368,-7.73,1.34
54255,166.489781,-27.287812,5.69,-0.067,34.44,-17.10
59831,184.031402,40.660259,5.69,1.586,17.08,-32.06
65198,200.423661,2.087371,5.69,0.045,-61.27,-52.40
65593,201.733850,-41.497565,5.69,1.477,-9.71,1.10
66065,203.149842,-28.692714,5.69,0.037,-95.64,-22.18
68815,211.333755,-76.796676,5.69,1.239,-87.41,-31.23
79072,242.117013,8.534325,5.69,1.575,-13.62,-6.16
83254,255.242254,22.632152,5.69,1.332,-8.70,-23.29
84950,260.438960,53.420422,5.69,1.463,18.54,2.60
85147,261.004484,-62.864132,5.69,-0.147,0.66,-8.95
86011,263.677045,-32.581658,5.69,0.045,3.68,-1.68
87158,267.103136,20.565427,5.69,0.938,25.03,5.52
88122,269.984180,45.501461,5.69,1.562,3.89,-34.03
90662,277.482989,-47.220513,5.69,1.258,29.59,-13.41
92136,281.680517,-10.125039,5.69,0.584,0.37,-3.91
92937,284.025626,18.105799,5.69,1.092,-47.38,-160.08
93393,285.322322,26.291433,5.69,-0.086,-0.74,-9.10
98633,300.494072,-13.637242,5.69,0.079,38.87,10.41
100357,305.297987,63.980087,5.69,1.561,6.14,14.52
101882,309.683270,13.315126,5.69,1.509,2.66,-0.39
103675,315.115408,19.329726,5.69,1.588,-17.03,-59.66
104148,316.504681,-30.124954,5.69,1.047,32.50,-68.66
107253,325.856779,38.283601,5.69,-0.010,34.65,-4.91
108060,328.405696,19.668380,5.69,0.011,22.10,23.51
109056,331.394394,28.964004,5.69,-0.048,30.03,-9.48
194,0.623989,8.485579,5.70,0.315,-93.55,-47.50
522,1.577763,-49.075094,5.70,0.519,575.21,-39.94
3717,11.930007,-18.061423,5.70,1.300,30.18,34.40
5833,18.704919,-0.974294,5.70,0.428,-14.55,205.45
7921,25.449801,-60.789241,5.70,1.264,12.81,-40.52
7941,25.512563,-36.832264,5.70,-0.010,-29.32,-16.70
8714,28.038975,50.792864,5.70,-0.067,18.39,-28.68
9222,29.639582,49.204252,5.70,1.005,6.26,41.23
15619,50.278211,3.675681,5.70,0.964,56.05,-25.17
18262,58.596577,-40.357029,5.70,0.599,-22.06,8.30
19511,62.698902,-8.819821,5.70,1.057,48.06,2.84
28302,89.721840,12.808257,5.70,0.874,-8.64,2.84
29151,92.241268,2.499727,5.70,0.067,-1.75,-14.17
29860,94.317702,5.099696,5.70,0.610,-189.37,171.18
31771,99.664809,39.391115,5.70,1.367,-22.05,-107.49
31870,99.927774,-30.470024,5.70,1.134,-7.33,-191.92
35487,109.867006,-16.394913,5.70,0.346,165.37,-136.41
36348,112.214521,48.184038,5.70,-0.092,-3.18,-44.36
38438,118.123944,-54.367184,5.70,-0.151,-5.44,8.01
43026,131.510218,-2.048768,5.70,1.097,39.64,46.73
43797,133.798988,-54.965547,5.70,0.481,24.23,-91.20
49339,151.087570,-24.285596,5.70,0.303,-117.30,25.29
49934,152.943633,-58.060560,5.70,-0.118,-10.71,6.63
53699,164.807266,-33.737454,5.70,0.374,-4.53,-58.03
54487,167.204517,24.658450,5.70,0.081,10.25,6.08
61571,189.243142,17.089579,5.70,1.436,-35.65,-17.53
62703,192.741265,-52.787395,5.70,0.127,-27.20,-12.02
64053,196.909669,-53.459715,5.70,-0.061,-36.87,-20.40
66320,203.880363,-5.396392,5.70,0.950,15.54,82.55
67848,208.462676,53.728692,5.70,-0.032,-28.60,-6.22
71974,220.806523,-24.997731,5.70,0.006,-21.77,-9.12
74380,227.990688,-48.743576,5.70,0.144,-98.31,-45.39
78868,241.482841,-72.401072,5.70,1.169,-33.29,71.48
85157,261.027562,22.960375,5.70,0.229,-43.53,-36.77
95690,291.950511,-54.325297,5.70,1.406,-5.70,10.26
95823,292.349046,-43.444916,5.70,0.214,93.03,-114.90
97966,298.656865,-8.227226,5.70,-0.079,8.11,-25.71
99500,302.894768,62.078348,5.70,0.530,137.31,80.09
99841,303.849131,33.729370,5.70,0.926,-31.88,-117.82
103389,314.196959,-26.296220,5.70,0.507,95.07,-65.06
105652,320.994750,24.274092,5.70,0.314,136.43,18.11
106559,323.712788,-20.084382,5.70,0.423,-28.98,44.40
107930,328.004260,55.796745,5.70,-0.081,18.90,-0.53
111242,338.067812,76.226468,5.70,0.020,-19.96,-11.12
117567,357.638596,-14.401438,5.70,1.488,38.04,-21.27
88,0.269160,-48.809859,5.71,0.911,-17.92,-6.75
1086,3.378897,41.035727,5.71,0.331,-122.76,-146.91
5296,16.942168,-9.785592,5.71,0.446,149.04,16.99
14930,48.138083,-57.321582,5.71,2.419,18.65,13.55
16112,51.889024,-35.681339,5.71,1.284,76.73,6.38
19554,62.834149,5.523035,5.71,0.360,146.86,5.00
21278,68.478041,-6.738896,5.71,-0.128,-2.65,-4.76
22860,73.778420,-16.740648,5.71,0.953,4.88,-8.94
22881,73.827675,-16.417855,5.71,0.874,11.79,36.48
23668,76.317455,-26.152240,5.71,1.166,10.48,-62.10
26345,84.148723,-6.064752,5.71,-0.212,0.00,0.35
28499,90.243995,47.901974,5.71,-0.007,3.02,-21.03
29234,92.449610,-22.774491,5.71,0.454,87.66,60.76
31564,99.095240,-18.659945,5.71,0.848,-11.82,16.82
35005,108.636043,12.115866,5.71,1.007,-50.09,-17.02
40990,125.477760,-17.586300,5.71,1.050,-92.42,-13.93
41816,127.877380,24.081216,5.71,0.327,-82.12,-45.72
43148,131.828535,-46.155428,5.71,0.554,-3.83,5.21
48613,148.713602,-50.243977,5.71,0.006,-37.02,7.29
49363,151.151438,53.891726,5.71,0.507,-22.58,-3.84
51933,159.134261,-12.228487,5.71,0.528,268.49,-672.31
54522,167.329633,36.309434,5.71,1.400,-44.02,-22.81
56620,174.145518,-33.569975,5.71,1.020,29.35,-33.95
59923,184.377489,28.937103,5.71,0.160,-33.12,35.20
60610,186.340683,-35.186401,5.71,-0.066,-40.55,-6.48
62541,192.225817,14.122633,5.71,0.024,28.96,-20.23
62732,192.824924,-60.329786,5.71,0.344,-5.26,-1.09
67787,208.303963,17.932855,5.71,0.845,-33.54,5.25
73536,225.453814,-0.140259,5.71,1.509,6.45,-15.03
75665,231.887921,-64.531457,5.71,1.646,-12.91,-19.25
77336,236.822301,14.115272,5.71,0.094,-54.99,31.57
88964,272.391100,3.993287,5.71,0.363,50.07,-4.47
90096,275.800698,-12.014708,5.71,0.006,-8.14,-19.62
90497,276.994891,6.194160,5.71,-0.034,-1.25,-23.26
90842,277.984266,-43.507364,5.71,1.322,-1.04,-7.50
92294,282.158158,-65.077489,5.71,0.268,-38.07,-78.20
95557,291.545965,-15.053250,5.71,0.007,17.43,-0.55
96258,293.582336,51.237077,5.71,0.475,31.72,-188.14
98085,299.005264,16.634816,5.71,0.903,1.00,-6.89
100221,304.902907,62.257414,5.71,-0.043,16.74,24.16
105761,321.304239,-9.748140,5.71,0.208,16.65,-169.45
108102,328.543092,-4.275957,5.71,1.185,52.23,-91.47
1982,6.276607,53.046785,5.72,-0.056,25.80,0.30
2353,7.509804,-3.957297,5.72,1.545,8.61,-14.51
3277,10.442925,-56.501455,5.72,0.131,90.15,57.28
10328,33.263522,15.279910,5.72,1.551,99.23,-20.94
12072,38.911426,37.312291,5.72,1.389,-0.91,-11.38
12530,40.307795,-0.695348,5.72,0.511,218.94,-125.30
15411,49.671135,-18.559640,5.72,0.381,124.90,-63.27
16168,52.086167,33.807697,5.72,0.048,28.13,-57.43
17534,56.316163,-47.359454,5.72,0.961,-3.07,-9.03
19983,64.283634,57.860477,5.72,1.108,24.16,-50.06
20400,65.514374,14.077251,5.72,0.315,114.04,-21.40
20842,67.003007,21.620006,5.72,0.270,98.82,-40.59
22086,71.267294,-21.283341,5.72,1.476,16.86,-17.14
27316,86.804790,14.488425,5.72,0.077,3.84,-42.30
28909,91.539009,-66.039689,5.72,-0.024,13.51,27.98
29294,92.644527,-27.154204,5.72,1.072,-9.10,-57.18
31637,99.307674,-36.990684,5.72,-0.112,-9.85,13.59
32740,102.422244,32.606879,5.72,1.298,-39.68,-50.71
35029,108.691774,-46.849672,5.72,-0.109,-10.15,0.10
42146,128.867547,-7.982331,5.72,-0.004,-21.98,16.14
43644,133.344041,61.962214,5.72,0.305,-9.98,22.30
43923,134.208572,45.631755,5.72,1.125,-125.02,-44.75
45158,137.994879,-19.747741,5.72,0.977,-55.93,46.45
46457,142.121641,8.188373,5.72,1.045,-28.58,-30.79
47594,145.562221,69.237706,5.72,1.131,-66.55,-69.40
48287,147.674875,-46.934002,5.72,1.085,-38.82,32.70
48561,148.573619,-45.283527,5.72,-0.114,-17.20,4.42
59309,182.514632,5.806963,5.72,0.352,-159.75,18.33
59746,183.785557,70.200077,5.72,1.179,-24.44,-28.29
66417,204.246249,24.613303,5.72,1.593,-25.95,-2.26
69763,214.161358,-66.587881,5.72,-0.095,-7.14,-5.24
72012,220.935186,40.459203,5.72,1.398,-13.40,20.79
73166,224.298668,16.388140,5.72,0.951,-4.08,-4.98
73184,224.363965,-21.411281,5.72,1.024,1034.18,-1725.60
75260,230.660146,63.341664,5.72,1.315,-15.15,-92.40
75352,230.967757,-12.369413,5.72,1.039,-37.69,-36.45
78970,241.817395,-36.755539,5.72,0.298,52.54,-56.45
79666,243.869489,18.808293,5.72,1.126,-68.39,-84.77
85470,261.990066,-52.297029,5.72,1.169,-15.57,-57.04
85888,263.280460,41.243600,5.72,1.089,-67.50,-62.08
88298,270.476587,-22.780291,5.72,-0.030,-0.49,-2.95
88636,271.456658,32.230722,5.72,1.179,19.10,-19.96
95485,291.339842,-13.897264,5.72,1.372,52.85,55.20
109831,333.684711,42.953964,5.72,0.014,50.49,-21.96
111362,338.419028,56.624637,5.72,0.966,78.48,41.08
111974,340.218826,14.548861,5.72,0.723,272.25,123.47
113184,343.795601,-4.987878,5.72,0.881,29.13,-8.54
113307,344.199259,-47.969226,5.72,0.226,-26.30,1.82
118114,359.387454,-82.169743,5.72,1.055,-26.62,-25.15
4200,13.407412,-62.871353,5.73,1.574,74.42,0.65
12871,41.364386,-63.704532,5.73,0.932,19.39,-8.81
20579,66.121420,34.130841,5.73,-0.054,20.50,-34.17
21819,70.332232,28.615067,5.73,0.018,37.35,-30.04
25194,80.850019,-39.678436,5.73,1.626,26.66,5.04
26966,85.840245,-18.557443,5.73,-0.014,18.45,-13.20
31190,98.162410,-32.030454,5.73,-0.180,-2.84,2.87
33715,105.065935,16.079005,5.73,1.641,-0.44,-3.02
37322,114.932623,-38.139328,5.73,-0.125,-22.54,16.90
40023,122.613450,25.508180,5.73,0.825,-71.82,-348.06
40772,124.821599,62.507139,5.73,0.891,-20.48,8.41
44923,137.267702,-18.328599,5.73,0.000,-63.20,20.86
47189,144.260794,16.437959,5.73,1.223,-16.99,-3.01
50786,155.544397,41.229867,5.73,0.531,-120.17,-138.60
53377,163.742584,34.034908,5.73,1.032,-57.68,-45.20
55797,171.488268,55.850341,5.73,0.988,-71.92,48.81
57029,175.393752,31.745984,5.73,0.440,-351.85,30.63
57670,177.424163,34.931739,5.73,0.467,-118.21,7.65
60329,185.550143,-68.307199,5.73,1.038,-2.45,-48.14
66400,204.202122,-26.495236,5.73,0.220,-92.70,15.43
66727,205.168742,19.955663,5.73,0.017,-46.46,23.23
67664,207.947598,-69.401247,5.73,1.704,3.94,-4.78
77986,238.877544,42.566152,5.73,-0.102,-23.28,16.79
78661,240.880817,76.793889,5.73,0.051,-17.52,20.44
82422,252.662342,29.806545,5.73,1.626,-5.54,-2.99
83535,256.103021,-57.712107,5.73,-0.097,-3.54,-24.38
86731,265.840162,24.327646,5.73,0.683,-116.66,72.26
91973,281.200791,37.594565,5.73,0.285,19.23,20.65
93552,285.823693,-38.253182,5.73,0.328,13.31,14.51
95656,291.858211,52.320503,5.73,-0.002,-13.16,-27.58
98754,300.875053,16.031273,5.73,-0.095,5.05,-7.73
98767,300.903941,29.898079,5.73,0.749,683.32,-524.06
99825,303.819075,-27.032536,5.73,0.878,1241.35,-181.46
100859,306.759191,49.383224,5.73,0.339,68.79,58.48
104978,318.940984,-53.263050,5.73,0.191,35.09,-14.12
106654,324.045433,-26.171457,5.73,0.234,107.81,-24.30
107162,325.595586,41.077023,5.73,0.055,23.38,-1.60
111546,338.967852,39.634341,5.73,-0.160,1.11,-4.39
113222,343.935388,36.351394,5.73,-0.051,19.89,-1.54
117088,356.050109,-64.404535,5.73,1.393,14.42,34.60
1354,4.237712,61.533194,5.74,0.898,-6.00,-3.46
3765,12.093888,5.283389,5.74,0.890,758.04,-1141.22
12002,38.677457,-7.859288,5.74,1.393,60.32,-64.45
12122,39.038652,-30.044964,5.74,1.017,-15.95,-5.75
12640,40.591344,20.011577,5.74,-0.017,27.49,-46.08
14677,47.403032,29.077112,5.74,0.115,22.14,-13.22
16142,52.003950,-11.286487,5.74,1.102,-1.48,-46.39
17342,55.678059,59.969385,5.74,1.736,0.56,2.75
20825,66.941846,-62.521214,5.74,1.005,-11.73,3.50
23474,75.687269,-22.795088,5.74,1.188,61.22,14.58
26344,84.146770,54.428684,5.74,1.671,-7.14,-10.59
28984,91.739654,-21.812290,5.74,1.584,-6.12,-3.67
30840,97.163519,-32.371297,5.74,-0.160,-2.14,7.55
32810,102.597291,-31.706094,5.74,0.094,-1.70,15.12
33277,103.827878,25.375636,5.74,0.573,-35.75,25.14
34387,106.956187,7.471295,5.74,1.176,6.69,-33.29
35643,110.323081,45.228170,5.74,0.342,-49.53,12.12
38783,119.077726,-60.526462,5.74,1.554,-4.33,10.59
41299,126.398126,2.102249,5.74,1.528,-21.42,-16.40
42923,131.216387,-37.147260,5.74,-0.139,-8.27,4.27
44504,136.001679,54.283877,5.74,0.034,-1.38,4.12
45962,140.599979,-46.047502,5.74,0.903,-3.02,23.71
46813,143.085123,-19.400326,5.74,0.135,-33.68,9.30
50448,154.508961,65.108374,5.74,0.163,-89.48,-9.28
52338,160.451272,68.443560,5.74,1.315,-29.43,-24.78
52487,160.963394,-64.249052,5.74,0.012,-16.35,4.05
54829,168.378296,-59.619317,5.74,-0.106,-7.52,-0.57
56080,172.424427,15.413386,5.74,1.371,-28.06,-47.74
61212,188.150361,-13.858974,5.74,0.376,-146.68,-53.89
65595,201.738415,78.643796,5.74,0.769,-140.35,30.28
66666,204.999573,-49.950001,5.74,1.496,-99.40,18.73
67942,208.704737,-67.652064,5.74,1.490,-16.82,-14.59
71111,218.128874,55.398046,5.74,1.529,5.68,-14.75
71280,218.665257,49.368232,5.74,1.560,-45.83,50.41
71453,219.183961,-40.211526,5.74,-0.112,-22.67,-22.05
71568,219.552800,43.642053,5.74,1.481,-102.95,31.79
72250,221.620950,-47.441080,5.74,0.066,-39.79,-14.74
74750,229.152894,-60.903987,5.74,-0.057,-1.55,-4.09
75974,232.732977,64.208505,5.74,0.976,-111.90,77.48
77645,237.778365,-55.055525,5.74,0.017,-2.95,-3.08
78279,239.742332,-65.037569,5.74,-0.066,-9.49,-6.78
79349,242.908538,23.494830,5.74,1.519,-21.23,-11.72
81734,250.427253,1.181101,5.74,0.336,-101.96,53.42
82110,251.588448,-58.503568,5.74,-0.101,-2.22,-10.78
83196,255.039494,-24.988937,5.74,0.407,49.14,-54.89
84769,259.904363,80.136399,5.74,1.499,18.49,0.16
86313,264.539637,-10.926247,5.74,1.228,-14.40,-8.61
88038,269.731997,-36.858409,5.74,0.915,12.10,13.51
88136,270.037778,80.003794,5.74,0.516,46.91,124.03
88684,271.562973,-4.751178,5.74,0.968,142.64,-30.41
90664,277.486154,-57.523083,5.74,0.987,56.44,-24.91
90991,278.412517,-14.853591,5.74,0.043,27.26,-9.49
91315,279.389630,62.526463,5.74,-0.045,-8.40,52.56
98332,299.671575,-69.163713,5.74,0.224,69.18,-100.60
106886,324.740084,57.489050,5.74,0.200,-1.71,-5.04
108165,328.721492,56.611233,5.74,0.655,-3.72,-2.20
109209,331.868822,19.475436,5.74,0.331,121.91,36.78
117125,356.169509,-78.791445,5.74,1.108,54.95,1.16
117314,356.816422,-11.910899,5.74,1.068,-48.26,-93.56
7276,23.428054,-7.025143,5.75,0.639,176.82,-81.49
7916,25.436659,-11.323668,5.75,0.443,60.10,-411.71
10718,34.499254,57.899808,5.75,1.175,60.79,5.04
14060,45.291527,-7.662836,5.75,1.043,97.77,-72.10
19525,62.745925,33.586814,5.75,1.412,-1.52,-8.91
22936,74.029487,52.869717,5.75,0.105,-2.59,18.06
24426,78.620158,-35.977031,5.75,1.009,11.33,14.20
26019,83.280485,-35.139308,5.75,1.085,100.02,-28.13
29225,92.433272,23.113470,5.75,0.192,-1.05,-1.43
30827,97.142036,30.493070,5.75,0.779,0.34,-14.95
31940,100.120155,77.995797,5.75,1.488,14.25,-6.02
32617,102.079533,-1.318839,5.75,0.292,-37.74,-34.33
32698,102.318392,-2.272028,5.75,-0.098,-8.82,-4.33
33024,103.206197,8.380448,5.75,0.270,-32.90,-30.86
34360,106.844121,-23.840734,5.75,-0.117,-2.55,5.11
34722,107.846167,26.856669,5.75,0.130,-20.57,-33.50
35152,108.988231,27.897427,5.75,1.605,-14.07,-3.24
36396,112.342128,-10.326657,5.75,1.616,-6.96,-2.73
41515,126.997607,-35.113788,5.75,-0.151,-6.91,11.03
43798,133.801746,-18.241207,5.75,1.327,17.87,7.11
46657,142.692006,-31.889171,5.75,0.066,24.54,-20.88
48982,149.901157,29.645325,5.75,1.059,-94.44,-37.84
54840,168.414207,-53.231903,5.75,1.309,-16.39,37.23
59229,182.224327,-44.325886,5.75,0.240,-47.03,-42.33
62894,193.341249,-60.328486,5.75,0.295,-4.12,-0.97
63024,193.735567,47.196738,5.75,1.451,-17.24,-6.50
65466,201.277853,23.854438,5.75,0.090,-9.95,-8.06
74066,227.050611,-40.583856,5.75,-0.113,-28.59,-30.38
74239,227.577716,-26.332601,5.75,1.045,-32.15,-8.39
74582,228.579866,-70.079456,5.75,3.271,4.39,-8.24
79005,241.901836,-12.745343,5.75,0.018,-41.67,-27.64
80375,246.105528,55.205046,5.75,0.001,11.87,20.67
85185,261.131373,16.301076,5.75,0.074,12.58,-28.83
86782,265.996513,53.801755,5.75,0.017,13.32,-16.35
97473,297.175200,11.815920,5.75,0.546,15.95,-9.79
98478,300.096277,-66.948888,5.75,1.033,-3.67,-194.28
102092,310.348260,-31.598142,5.75,1.551,110.84,-60.44
102208,310.646249,82.531106,5.75,0.000,30.77,21.68
104364,317.136271,-63.928271,5.75,1.180,-6.33,4.50
104516,317.564803,53.563110,5.75,-0.111,22.52,-3.70
105282,319.869740,49.510289,5.75,-0.119,14.52,1.98
106003,322.033995,32.225137,5.75,0.333,134.05,79.39
109023,331.297148,26.673618,5.75,1.249,28.42,29.23
110023,334.277092,-5.387212,5.75,0.878,-4.20,19.51
110103,334.552479,62.804364,5.75,1.256,42.73,9.80
115537,351.055161,-51.891084,5.75,1.611,23.17,-37.03
115755,351.780545,42.911969,5.75,-0.007,87.42,17.07
7751,24.946846,-56.196441,5.76,0.880,286.10,16.66
8993,28.962634,23.577343,5.76,1.185,12.06,-8.88
12692,40.761678,55.106071,5.76,-0.110,34.78,-21.32
13654,43.952095,18.331676,5.76,1.452,-8.08,-14.91
16285,52.479979,-42.634253,5.76,0.205,-59.48,-1.45
16511,53.149708,9.373558,5.76,-0.072,32.55,-49.15
17579,56.476933,24.554621,5.76,-0.036,19.44,-45.36
18212,58.411125,48.650568,5.76,1.040,37.72,-30.08
20268,65.171889,6.130907,5.76,0.914,-13.06,-44.79
21192,68.156428,-3.209500,5.76,-0.117,17.97,-16.69
22325,72.135536,-16.329581,5.76,0.537,7.09,39.68
26219,83.814395,-33.080009,5.76,1.120,28.70,117.16
29433,93.005579,19.790572,5.76,-0.071,1.96,-11.82
30069,94.920639,-34.396595,5.76,-0.080,4.39,1.84
30591,96.431898,-48.176849,5.76,-0.061,-3.81,-20.28
30836,97.155872,-17.466033,5.76,1.118,16.89,9.83
31737,99.595913,28.984391,5.76,-0.001,-18.70,-15.52
37329,114.949511,-38.260676,5.76,-0.071,-10.37,9.71
38474,118.199463,-5.428187,5.76,0.412,-21.36,-28.80
42090,128.682931,36.419719,5.76,0.051,-26.73,-41.19
44936,137.297926,-12.357708,5.76,0.937,20.75,0.61
51561,157.989370,-45.066714,5.76,-0.194,-15.40,1.41
56445,173.591900,3.060415,5.76,0.480,-181.62,-102.66
61379,188.676902,-44.672517,5.76,0.683,-75.86,-206.23
62576,192.322968,27.552326,5.76,0.051,-92.90,21.73
64445,198.137298,11.556170,5.76,1.499,-50.68,-30.57
65144,200.240679,-46.880058,5.76,1.106,-74.13,20.84
65420,201.138068,-5.163922,5.76,0.415,157.73,-36.24
68276,209.662203,21.696321,5.76,-0.002,-9.52,-42.08
72378,221.989852,-26.646133,5.76,-0.007,-10.65,-8.83
72487,222.327814,46.116393,5.76,0.482,-7.35,-77.32
74184,227.374664,-67.084127,5.76,0.675,-3.94,-2.59
76568,234.567265,46.797995,5.76,0.353,97.18,-100.38
78045,239.024822,-60.482305,5.76,0.087,-36.48,-70.88
80054,245.105128,-55.139671,5.76,0.970,19.61,-14.30
80898,247.805990,22.195439,5.76,1.605,-10.21,7.76
83367,255.577752,25.505378,5.76,1.018,55.19,99.25
84690,259.699328,-44.129707,5.76,-0.049,-11.78,-16.14
85068,260.779636,-56.525556,5.76,0.994,7.48,3.75
85169,261.078317,-60.673769,5.76,-0.067,0.52,-12.29
86254,264.379577,24.309969,5.76,0.114,-6.19,9.29
87836,269.174246,-28.065349,5.76,0.207,31.86,-18.17
89968,275.345785,-18.859984,5.76,0.670,-2.76,-6.48
90762,277.768619,16.928606,5.76,0.053,-33.04,-20.79
91322,279.399810,-0.309424,5.76,0.067,11.74,-19.83
91854,280.905495,-64.551311,5.76,0.967,14.53,-46.80
95572,291.600527,13.023658,5.76,0.456,14.10,59.03
96141,293.224125,-53.185601,5.76,0.300,32.87,-6.87
97816,298.157092,-54.971037,5.76,0.915,20.52,4.41
97928,298.534469,-8.574165,5.76,1.664,7.87,-18.97
100097,304.603159,55.397171,5.76,0.118,-7.58,-31.19
101427,308.323387,-80.964826,5.76,1.122,8.35,-14.88
103673,315.089851,-51.265634,5.76,0.480,-88.47,132.61
105696,321.103328,-41.006695,5.76,-0.036,26.40,-0.23
109620,333.093523,63.291072,5.76,1.645,3.72,-15.08
110602,336.112625,-13.529404,5.76,0.970,50.69,14.24
110785,336.655075,4.393638,5.76,0.519,286.36,52.92
111196,337.907616,-85.967402,5.76,1.020,-37.64,61.25
113503,344.799157,11.728941,5.76,0.293,26.84,-40.09
117756,358.210385,-8.996699,5.76,1.171,61.73,-23.61
1191,3.727089,-9.569551,5.77,-0.084,22.64,-8.45
2006,6.350903,1.939724,5.77,0.855,-14.33,-12.89
5361,17.139365,58.263479,5.77,-0.019,17.15,-12.39
20591,66.155934,33.959888,5.77,0.400,54.69,-83.07
22336,72.150843,-5.673439,5.77,0.631,312.68,-249.28
25583,82.006669,17.239242,5.77,1.634,16.53,-46.15
25751,82.478221,1.789261,5.77,-0.192,1.64,-0.34
32809,102.590721,-17.084558,5.77,1.435,-6.80,1.27
34888,108.279981,-11.251361,5.77,1.508,-2.75,8.04
35941,111.139350,27.637819,5.77,0.368,14.32,15.45
37369,115.061343,38.344567,5.77,1.654,-40.19,-11.53
38994,119.710654,-60.824488,5.77,-0.082,-4.54,10.73
40155,122.999880,-46.644370,5.77,0.626,-3.65,7.61
40344,123.555372,-35.490072,5.77,1.024,-46.16,21.91
46225,141.364074,-61.950612,5.77,0.137,-115.54,55.95
47013,143.722453,72.205864,5.77,0.530,72.02,-76.06
50027,153.201638,4.614690,5.77,1.178,-48.72,-4.37
52452,160.837118,4.747750,5.77,1.168,19.69,-32.96
54811,168.311208,-44.372221,5.77,1.661,-5.40,1.92
56078,172.411033,-24.464058,5.77,0.067,-49.69,19.40
59607,183.354411,-38.929159,5.77,-0.144,-29.09,-11.69
64692,198.883521,40.855172,5.77,0.198,-120.26,11.09
67663,207.946793,-46.898630,5.77,-0.153,-15.69,-14.83
68390,210.001025,-25.010180,5.77,0.480,-194.14,-91.78
74006,226.858055,-49.088635,5.77,0.920,22.29,9.50
76376,233.987824,54.630568,5.77,0.051,-38.19,-0.57
81300,249.088265,-2.323836,5.77,0.827,455.22,-307.63
81641,250.161196,4.219815,5.77,-0.004,-0.23,-10.70
85139,260.990057,8.852587,5.77,1.251,4.22,-6.91
87558,268.309416,6.101254,5.77,0.425,-127.82,69.89
90804,277.857054,-10.795793,5.77,0.379,1.67,-17.60
104185,316.626007,31.184668,5.77,0.554,3.98,-4.78
106393,323.235740,49.977601,5.77,-0.042,15.81,11.86
106897,324.754636,20.265454,5.77,0.314,122.57,-1.14
114775,348.743895,-41.105125,5.77,1.160,110.13,-111.80
115280,350.221536,38.182475,5.77,0.468,129.56,-61.21
117491,357.364482,1.076195,5.77,0.167,-0.25,-26.32
117628,357.838560,9.313510,5.77,1.661,-9.84,-65.52
343,1.082339,-16.528890,5.78,1.084,53.77,-60.27
1074,3.331452,-84.994021,5.78,1.710,10.97,17.40
2876,9.113925,60.326217,5.78,0.294,3.05,-1.10
8046,25.832240,60.551371,5.78,-0.010,13.57,-15.78
8433,27.173661,32.689487,5.78,0.572,-166.73,297.35
8778,28.217032,-16.929124,5.78,0.260,41.36,-51.94
12186,39.244254,-34.577345,5.78,0.653,-18.27,-259.92
12803,41.137380,15.311900,5.78,-0.024,4.29,-15.63
14893,48.059327,27.257013,5.78,-0.106,11.77,-18.34
15876,51.123663,33.536018,5.78,-0.001,31.87,-22.99
18081,57.973818,34.359129,5.78,-0.036,4.28,-4.22
20297,65.241798,-81.580227,5.78,0.359,9.07,126.08
21148,68.007679,53.910845,5.78,0.119,-3.19,-5.99
21588,69.539068,16.033389,5.78,0.312,113.05,-40.40
22024,71.022158,-8.503574,5.78,-0.076,4.44,1.51
25041,80.431507,8.428563,5.78,-0.114,-2.20,-2.97
25397,81.499263,-19.695353,5.78,0.441,3.43,-19.06
27280,86.717310,9.522500,5.78,0.888,-33.29,-64.54
29388,92.902411,48.711125,5.78,0.100,14.30,-55.85
29451,93.083875,32.693389,5.78,1.646,-8.69,-4.02
30463,96.057831,-60.281398,5.78,-0.001,-30.78,29.99
31446,98.815956,0.890222,5.78,0.004,-3.36,-2.33
32851,102.707579,-0.540427,5.78,0.396,22.12,-187.07
33914,105.572877,15.336069,5.78,1.140,4.79,-25.03
34215,106.412504,9.185837,5.78,1.513,41.94,-14.99
35120,108.914234,7.977737,5.78,1.537,23.64,2.20
36362,112.270505,-31.456230,5.78,-0.185,-10.44,5.47
36848,113.645106,-27.012449,5.78,1.045,-46.86,71.46
37223,114.682935,-36.496842,5.78,-0.148,-6.84,4.84
38160,117.303942,-60.284029,5.78,0.428,-37.41,140.08
38210,117.420817,-66.195973,5.78,-0.040,-1.81,-0.58
39221,120.336448,59.047318,5.78,0.421,25.30,32.64
43669,133.452787,-60.353931,5.78,-0.088,-10.05,9.22
45122,137.889121,-46.583929,5.78,-0.218,-7.17,7.65
50078,153.366851,-51.755805,5.78,0.136,-53.27,6.95
58952,181.311411,76.905958,5.78,1.029,147.22,-92.36
60969,187.475809,-56.524969,5.78,1.572,5.79,11.99
61498,189.004475,-39.869447,5.78,0.003,-55.92,-24.00
64332,197.787254,-42.232828,5.78,0.521,-76.67,-26.10
72208,221.524989,15.131741,5.78,1.335,-85.07,19.27
72934,223.595442,-11.898330,5.78,0.982,-55.68,-7.09
77562,237.529628,-53.209675,5.78,-0.076,-27.60,-39.07
77990,238.885088,-60.177474,5.78,0.355,-47.33,-71.19
78142,239.338886,-36.185314,5.78,1.095,-9.83,-12.37
79497,243.344999,-55.540846,5.78,0.365,-100.49,-41.91
82775,253.743772,-41.150854,5.78,0.132,-0.16,-1.36
85699,262.695708,86.968024,5.78,0.239,56.09,9.68
86552,265.317632,-46.921811,5.78,-0.004,10.77,-7.68
87393,267.897799,-60.164018,5.78,1.008,-0.14,-15.69
91405,279.627981,-23.504846,5.78,-0.018,-0.53,-19.60
93845,286.659837,24.250758,5.78,0.104,58.30,14.37
101475,308.478482,46.693862,5.78,-0.140,9.66,1.82
103226,313.699385,-17.922853,5.78,1.122,-58.88,-17.03
105928,321.811811,-21.196128,5.78,1.440,-24.64,-33.95
107887,327.892648,19.826649,5.78,-0.100,20.51,13.33
109471,332.656085,11.624672,5.78,1.617,-46.82,-54.38
110668,336.293299,-70.431471,5.78,0.396,121.79,-62.31
117887,358.694364,0.109344,5.78,1.466,-40.93,-14.63
1657,5.189744,32.911229,5.79,1.595,-29.44,-17.29
7118,22.930215,-30.282925,5.79,1.073,-4.43,-64.34
10540,33.941399,25.783099,5.79,0.439,176.41,-66.38
12114,39.015969,6.883364,5.79,0.918,1806.27,1442.50
12444,40.052099,-9.452684,5.79,0.524,-138.45,-78.69
15192,48.949886,57.140625,5.79,0.644,-1.95,-2.00
16591,53.395927,39.899590,5.79,0.139,17.06,-45.98
17585,56.503399,67.201881,5.79,0.347,82.08,-113.37
21253,68.392082,-62.823631,5.79,1.028,-117.21,-19.34
22913,73.958984,15.040306,5.79,-0.085,-4.54,-11.54
23068,74.452690,23.948585,5.79,1.109,2.61,-9.37
23088,74.539068,25.050521,5.79,0.018,26.23,-47.62
26169,83.686593,-73.741367,5.79,1.717,0.06,37.09
27549,87.511153,9.871222,5.79,0.876,14.82,-1.68
28899,91.523049,-29.758522,5.79,0.041,10.94,-41.69
30011,94.745739,-20.925620,5.79,-0.155,-3.32,3.90
31992,100.272688,0.495335,5.79,-0.094,-7.48,-5.04
35998,111.285155,-13.751976,5.79,0.432,-202.90,-0.91
36024,111.355306,-25.217765,5.79,-0.103,-8.66,-0.89
36251,111.965261,-11.556862,5.79,0.583,-2.13,-2.31
37508,115.466118,13.480514,5.79,1.669,-35.61,-24.95
42177,128.966833,-50.969677,5.79,-0.132,-13.69,10.46
43012,131.480145,-79.504570,5.79,1.595,-26.11,81.26
43603,133.200086,-38.724131,5.79,1.508,-3.06,18.39
45743,139.887965,-15.834534,5.79,1.285,36.93,-52.86
45915,140.430418,56.699249,5.79,1.511,-10.55,-11.91
48339,147.800140,-59.425673,5.79,1.354,28.40,-41.59
51420,157.526916,38.925143,5.79,0.087,-15.68,-4.62
52478,160.930487,57.199329,5.79,-0.038,17.38,-51.66
54561,167.472423,-32.367457,5.79,0.027,17.54,-29.60
54863,168.507528,8.060955,5.79,1.128,46.23,-106.76
60463,185.936609,-38.911351,5.79,-0.064,-56.54,-12.46
63414,194.914773,-3.811942,5.79,0.203,-48.20,6.57
64179,197.301760,10.022468,5.79,1.025,22.78,0.18
66681,205.045009,-64.576554,5.79,0.401,-69.60,0.46
76532,234.450245,-23.141515,5.79,1.074,-31.72,-75.18
78649,240.830662,36.631820,5.79,0.586,8.03,-13.52
80672,247.060240,-37.179816,5.79,1.104,15.06,-26.90
83150,254.891592,-69.268132,5.79,-0.103,-13.94,-13.12
88817,271.956288,26.097267,5.79,0.127,-10.47,29.79
91118,278.802456,18.203392,5.79,0.006,21.25,7.46
94434,288.306957,-25.906764,5.79,1.387,-2.11,-9.21
95793,292.254119,1.950529,5.79,0.088,-0.51,-33.35
97985,298.701011,36.995655,5.79,0.773,11.16,8.54
102026,310.135665,-16.124359,5.79,0.997,-68.21,73.94
106592,323.823443,-3.983293,5.79,1.110,-9.59,-4.80
108758,330.460742,52.882246,5.79,-0.106,9.99,2.67
109240,331.959720,21.703092,5.79,-0.077,-45.18,-68.26
110578,336.028619,-4.837001,5.79,-0.033,26.35,-7.77
110992,337.292544,26.763209,5.79,1.252,26.09,-4.42
113048,343.417328,44.749201,5.79,0.282,-2.97,-15.72
113902,345.998457,-41.479032,5.79,1.069,12.25,55.93
171,0.540188,27.084489,5.80,0.690,778.59,-918.72
418,1.275552,61.313965,5.80,-0.067,14.29,2.24
3583,11.439308,-47.552176,5.80,0.635,183.96,78.36
4267,13.646750,19.188436,5.80,-0.016,11.05,-7.69
5550,17.792871,37.724138,5.80,-0.095,-15.54,-6.96
12239,39.400028,65.745358,5.80,1.561,42.97,-8.85
13055,41.948478,81.448666,5.80,1.300,18.78,-78.40
13834,44.521147,20.668810,5.80,0.415,234.79,-31.64
18217,58.429969,57.975369,5.80,0.182,85.08,-93.81
19571,62.900731,-20.356278,5.80,0.165,45.73,49.83
23916,77.084116,-8.665274,5.80,-0.059,3.68,-20.78
25708,82.348757,-3.446371,5.80,1.149,-28.01,-9.45
28855,91.363204,-35.513687,5.80,0.027,13.88,16.09
33248,103.761409,-20.404851,5.80,0.048,0.38,-10.35
34339,106.779525,-40.893296,5.80,-0.158,-10.62,11.30
34975,108.545295,-3.901759,5.80,1.585,-34.21,-8.09
35785,110.716927,55.281470,5.80,-0.078,-11.23,-32.04
35984,111.237828,51.887344,5.80,1.610,9.46,-35.14
37710,116.040597,-36.062713,5.80,0.320,-79.39,85.83
38848,119.247787,15.790382,5.80,1.285,-28.28,-41.64
40866,125.087219,20.747832,5.80,1.137,64.81,-45.59
42028,128.506821,-2.151605,5.80,0.007,-33.38,20.68
44075,134.682437,-16.133246,5.80,0.521,244.35,213.46
44256,135.190613,-60.963847,5.80,1.211,-4.42,7.76
47498,145.258762,-57.259441,5.80,1.083,76.24,-41.64
47943,146.541837,6.708614,5.80,1.639,5.68,-24.03
49764,152.375832,-68.682833,5.80,0.015,-19.74,22.09
50493,154.658994,-56.110675,5.80,0.481,-239.33,115.90
52980,162.575247,-8.897727,5.80,0.156,-5.33,-14.72
55716,171.245778,11.430310,5.80,1.376,-101.94,-7.36
55849,171.697103,-53.159956,5.80,0.517,-40.94,16.76
56601,174.074754,27.781302,5.80,0.248,19.72,20.04
59920,184.373176,53.191441,5.80,1.330,38.50,-45.45
72210,221.528135,-23.152862,5.80,0.980,25.85,-64.04
72552,222.493277,28.615833,5.80,0.046,18.80,-0.72
76878,235.478159,18.463899,5.80,0.207,-73.00,56.85
79757,244.186548,29.150302,5.80,0.063,23.60,-17.05
85998,263.652878,9.586724,5.80,0.040,6.63,-9.77
92367,282.363673,-45.810239,5.80,0.891,74.90,57.31
98512,300.201348,-45.112932,5.80,0.295,3.39,5.82
98819,301.026938,17.071161,5.80,0.600,-394.07,-406.42
109332,332.245794,-18.519573,5.80,-0.154,0.17,-7.47
110009,334.219167,-9.040037,5.80,1.158,-58.02,-12.11
111660,339.303596,75.371792,5.80,1.594,44.70,7.85
113031,343.369546,-11.616519,5.80,-0.082,23.03,1.93
5494,17.581039,25.458040,5.81,1.466,2.92,-113.75
10871,34.976028,-55.944842,5.81,1.570,23.32,18.71
11090,35.709842,41.396535,5.81,0.289,-74.20,-97.68
12148,39.146265,7.730078,5.81,1.040,-56.19,-21.21
14187,45.732674,-46.975042,5.81,1.304,24.77,2.42
16368,52.715344,-66.489718,5.81,-0.055,16.99,1.70
17798,57.148846,-20.902936,5.81,1.602,-29.81,-16.70
20465,65.773587,-24.892119,5.81,1.507,19.59,-15.64
24732,79.555220,73.268136,5.81,-0.023,-7.94,-26.82
26545,84.681361,-40.707358,5.81,-0.078,-2.31,21.19
28287,89.656486,-44.034586,5.81,1.061,-12.02,9.49
32402,101.473839,-52.409714,5.81,1.551,-3.55,9.14
35202,109.132737,-38.318940,5.81,-0.133,-7.91,4.93
50384,154.311669,23.106456,5.81,0.500,-413.29,-97.22
53762,164.997620,-43.807135,5.81,-0.064,-62.71,10.03
64927,199.615448,34.098293,5.81,1.366,29.23,4.55
65247,200.567874,-52.182952,5.81,0.072,-4.47,-1.95
66563,204.675525,-29.560680,5.81,0.431,-86.56,-77.17
67143,206.403907,-26.115985,5.81,0.023,-71.63,-10.23
77738,238.069091,55.826582,5.81,0.972,-23.82,54.06
86620,265.491827,72.157576,5.81,0.530,34.97,-273.61
89609,274.298455,-17.373852,5.81,1.569,-1.78,-14.18
90342,276.494882,29.828990,5.81,0.068,23.23,-24.45
95222,290.589624,-0.252278,5.81,1.093,60.43,-27.28
99026,301.556829,53.165067,5.81,0.445,212.85,255.21
99663,303.364872,60.640433,5.81,1.476,39.03,55.82
105413,320.270002,7.354546,5.81,1.663,41.25,-17.88
114167,346.811694,-50.686625,5.81,0.486,-37.53,-23.32
115191,349.968255,42.078034,5.81,1.512,47.78,4.25
116582,354.383463,44.429035,5.81,-0.064,15.16,-17.00
118281,359.872224,33.724133,5.81,0.539,-59.03,-104.99
7078,22.806327,70.264789,5.82,0.489,137.53,-76.00
13835,44.523700,-23.606138,5.82,1.334,71.99,51.95
16340,52.653884,48.103655,5.82,-0.033,21.23,-24.00
16846,54.197120,0.588155,5.82,0.885,-32.98,-163.45
17891,57.402588,63.297104,5.82,0.189,-17.80,-56.65
22573,72.867495,-34.906232,5.82,0.105,24.68,-22.43
28992,91.765285,-34.312022,5.82,-0.137,2.83,0.44
30703,96.767232,-58.002105,5.82,1.279,-8.51,-4.43
31072,97.804572,-35.258861,5.82,0.813,-2.48,8.55
31173,98.113345,32.454941,5.82,0.188,-26.51,-17.52
38159,117.303610,-46.857741,5.82,-0.142,-3.32,9.67
41621,127.281554,-44.160432,5.82,-0.160,-7.39,7.50
55581,170.784022,-56.779369,5.82,-0.004,-31.63,5.72
59728,183.748260,-20.844233,5.82,1.052,1.34,5.55
60584,186.263432,56.777858,5.82,1.622,-14.25,-12.46
64822,199.308013,-43.979442,5.82,0.187,-4.03,-15.47
65536,201.533430,72.391498,5.82,1.652,22.62,-9.19
68079,209.082889,-46.592729,5.82,1.140,-138.60,-90.31
74096,227.148187,25.108637,5.82,1.233,-1.91,-0.69
75944,232.668281,-16.609458,5.82,1.056,23.95,-2.61
76207,233.507239,-40.066349,5.82,1.695,-39.18,-34.50
76569,234.567675,-21.016153,5.82,1.077,63.82,-71.39
78442,240.213162,4.427180,5.82,1.003,-43.01,75.24
85207,261.175167,-21.441413,5.82,0.939,-14.94,-27.00
87812,269.076679,0.670356,5.82,0.058,-3.72,-0.36
91532,280.001668,-7.790708,5.82,1.536,-21.13,-37.30
91974,281.206680,-25.010863,5.82,0.033,-1.21,-20.86
92027,281.368150,5.500123,5.82,0.041,15.54,1.96
92488,282.743771,-9.774102,5.82,0.594,6.33,2.54
93580,285.884329,1.818935,5.82,0.182,23.71,-68.65
95785,292.237823,24.768681,5.82,1.023,8.61,17.03
100276,305.089152,17.793003,5.82,1.500,16.32,-30.88
111600,339.147789,-31.663693,5.82,1.074,-41.23,-39.38
112590,342.046112,37.416842,5.82,1.024,-42.58,-63.48
113084,343.528795,40.376836,5.82,1.136,97.09,28.91
116250,353.331440,-77.385332,5.82,0.681,15.66,1.79
3299,10.514316,66.147613,5.83,1.042,-9.79,-8.55
5021,16.081454,61.580244,5.83,0.569,-79.86,-24.77
8544,27.535751,22.275357,5.83,0.743,-14.32,-7.55
13108,42.133596,18.283870,5.83,1.216,42.54,-32.75
26396,84.286826,26.924528,5.83,-0.075,11.11,-22.68
29379,92.884605,24.420379,5.83,1.110,0.99,-52.04
29575,93.476019,-3.741423,5.83,0.910,-18.42,20.25
29629,93.652944,-4.568463,5.83,-0.155,-6.50,2.35
35749,110.605821,-5.982808,5.83,0.352,-12.53,-8.44
36812,113.566225,3.371736,5.83,-0.018,-3.19,-4.53
39380,120.767374,-32.463571,5.83,1.225,-13.05,9.61
40077,122.795019,-48.462004,5.83,-0.146,-17.24,4.02
45559,139.282217,-14.574058,5.83,1.049,-17.27,-4.63
45675,139.676506,-51.560660,5.83,0.474,-5.22,3.50
48748,149.147792,-33.418550,5.83,1.202,34.33,22.02
56035,172.269598,61.777786,5.83,0.382,-113.93,239.58
58181,178.993365,56.598563,5.83,1.101,7.70,-1.22
62512,192.163903,60.319897,5.83,0.467,107.79,-30.60
67861,208.488529,-47.128154,5.83,-0.053,-7.89,-4.30
70663,216.801248,-46.134064,5.83,0.311,-152.52,-78.14
71573,219.563355,54.023386,5.83,0.007,17.54,-19.04
73566,225.526579,-28.060528,5.83,0.164,84.22,-34.14
80351,246.045114,6.948171,5.83,0.018,4.57,14.72
81289,249.046716,46.613325,5.83,1.044,-11.23,3.31
81472,249.609589,-43.398376,5.83,-0.053,-11.68,-20.60
85379,261.684343,48.260072,5.83,0.121,0.22,-3.02
85760,262.864471,-80.859028,5.83,1.617,-2.27,-43.34
88818,271.956510,26.101221,5.83,0.158,-1.92,24.37
97376,296.865734,38.407617,5.83,-0.087,4.45,-1.16
100069,304.529125,40.732098,5.83,0.073,-2.51,-6.53
103359,314.106000,50.728650,5.83,0.337,40.36,-21.22
103810,315.537485,56.669611,5.83,-0.058,9.75,1.14
104680,318.056951,-40.268828,5.83,0.450,57.41,-219.43
105164,319.546108,-4.519512,5.83,-0.130,11.82,13.69
108875,330.829259,11.386556,5.83,-0.050,16.71,-1.63
110787,336.676860,78.785943,5.83,0.171,-14.09,-37.12
114382,347.490170,-42.861169,5.83,0.475,-348.82,-50.54
840,2.578539,-5.248517,5.84,0.973,34.98,-29.01
873,2.678106,-12.579804,5.84,1.000,149.39,-38.22
6502,20.879034,-30.945506,5.84,1.612,-15.51,-45.83
9132,29.432231,27.804524,5.84,1.576,13.40,-58.83
10035,32.288881,-43.516471,5.84,1.197,-48.33,-51.42
11840,38.219409,34.542456,5.84,1.083,-54.69,-19.22
12288,39.577482,-30.193883,5.84,0.476,98.67,-73.97
14110,45.483722,-9.961393,5.84,1.092,43.54,-5.52
15305,49.360842,-47.751738,5.84,1.228,-6.90,30.31
19454,62.500933,86.626352,5.84,0.393,142.70,-87.62
22407,72.329414,32.588268,5.84,0.250,25.80,-31.74
23148,74.712447,-82.470523,5.84,0.932,-5.10,4.12
23883,76.980978,21.704836,5.84,0.168,1.75,-6.24
34758,107.923379,-20.883116,5.84,-0.038,-9.30,21.62
35025,108.674769,24.885202,5.84,1.554,54.80,-89.50
36721,113.290740,-24.710780,5.84,0.156,-1.83,20.07
50336,154.174331,25.370698,5.84,1.206,-128.51,3.18
52139,159.782481,37.910111,5.84,0.595,-220.38,-45.73
56606,174.093254,-61.052437,5.84,-0.102,-12.94,1.70
61916,190.346021,-46.145727,5.84,1.475,-70.95,59.98
63143,194.073509,54.099483,5.84,0.204,-78.10,2.54
64587,198.572319,-78.447445,5.84,1.040,-8.41,-3.72
64623,198.680680,-48.956805,5.84,1.061,-108.72,-89.45
69829,214.368511,15.263361,5.84,1.678,15.33,7.73
71002,217.818275,-67.717054,5.84,1.006,36.16,-58.80
74539,228.472174,-26.193559,5.84,1.139,-14.01,-4.17
76594,234.642502,50.423352,5.84,0.847,-4.69,-28.20
78168,239.418623,-20.983026,5.84,0.012,-10.00,-22.35
81741,250.439563,-33.145621,5.84,0.653,-58.83,-56.81
82716,253.612256,-42.478876,5.84,0.626,0.57,-6.33
85889,263.280779,-41.173058,5.84,0.041,2.43,-3.60
87472,268.082332,-34.416830,5.84,1.129,3.35,-4.86
88670,271.530837,-8.323915,5.84,0.184,-2.45,-16.72
91461,279.809462,-47.909804,5.84,0.233,26.39,14.85
92822,283.696539,48.859724,5.84,0.452,-49.54,-132.66
95188,290.461803,-18.308162,5.84,1.062,102.34,-92.96
95582,291.619528,19.891610,5.84,1.558,0.64,-48.14
95732,292.086653,2.930067,5.84,-0.003,2.66,-15.24
99572,303.107314,-12.617022,5.84,0.476,193.25,-195.60
106062,322.248988,22.179404,5.84,1.370,33.24,13.06
108226,328.879129,65.320812,5.84,-0.037,5.74,-1.37
111810,339.719242,19.522492,5.84,0.922,-45.17,-94.22
112417,341.542105,44.545977,5.84,0.358,142.77,32.07
12686,40.747781,53.526182,5.85,1.125,57.18,-31.68
18606,59.718422,-5.469524,5.85,1.001,-46.75,-174.03
20271,65.178466,-7.592491,5.85,-0.124,4.47,-1.10
21604,69.565994,20.684742,5.85,-0.019,-13.89,-8.23
33377,104.133585,46.273986,5.85,-0.079,-3.59,4.98
34819,108.109950,24.128703,5.85,0.397,-15.74,-44.94
44406,135.686762,7.298263,5.85,1.100,-9.32,1.43
45314,138.534291,-44.145854,5.85,-0.113,-24.23,12.97
45386,138.738191,-37.602366,5.85,0.827,4.08,-12.26
48734,149.108443,8.933108,5.85,1.129,-84.71,20.41
52922,162.351902,-59.323778,5.85,0.008,-16.79,-5.94
52948,162.431179,-9.852629,5.85,1.074,9.78,-27.17
57841,177.923403,-30.834096,5.85,0.554,-10.46,-293.31
59608,183.358310,10.262360,5.85,0.262,-94.48,-7.95
66798,205.374237,64.822440,5.85,0.073,55.02,-11.71
72959,223.658003,-33.300561,5.85,1.429,-8.58,-5.75
74100,227.163390,-42.867870,5.85,-0.123,-20.52,-21.29
76509,234.383511,54.508783,5.85,1.098,-35.17,-20.49
77370,236.907974,55.376615,5.85,0.249,12.64,4.82
91438,279.722697,-21.051502,5.85,0.673,-74.88,-151.87
94336,288.021731,49.854238,5.85,0.666,-205.02,624.33
95352,290.985369,43.388237,5.85,0.924,16.30,-27.36
111643,339.245083,-40.590865,5.85,0.060,45.18,-69.65
113622,345.178740,3.012008,5.85,1.343,5.06,-83.58
114641,348.360452,11.065016,5.85,1.004,-9.12,-5.97
117722,358.125201,-14.251207,5.85,1.252,-95.97,-4.18
1372,4.287667,47.947415,5.86,-0.079,4.05,-3.97
3750,12.036981,72.674458,5.86,1.010,133.71,9.87
8387,27.045428,16.955631,5.86,-0.039,55.87,-32.97
10326,33.253968,-21.000237,5.86,1.006,55.83,40.75
13339,42.923968,46.842002,5.86,0.903,-26.24,-25.75
16989,54.621893,-7.391709,5.86,0.980,-1.06,-63.16
20341,65.362709,-0.097867,5.86,1.320,-19.81,-124.66
21972,70.839994,49.973826,5.86,0.013,-5.18,-15.33
23475,75.689042,-4.210126,5.86,1.212,42.23,2.02
25488,81.772158,-40.943773,5.86,0.239,3.27,108.48
25887,82.899952,-45.925405,5.86,1.349,18.57,36.13
29616,93.619104,17.906378,5.86,0.253,-2.89,-10.63
31039,97.696422,58.163457,5.86,0.934,-30.02,-338.85
33937,105.638727,16.674465,5.86,1.659,-11.92,-7.32
35347,109.517738,-43.986773,5.86,-0.117,-9.82,-5.56
36399,112.356708,-7.551474,5.86,0.487,50.78,125.93
38712,118.880990,8.863057,5.86,0.369,-6.92,-89.51
40357,123.599493,-45.834548,5.86,-0.176,-8.83,10.71
43370,132.509340,-29.463010,5.86,0.948,-15.79,5.43
45585,139.365142,-74.734676,5.86,-0.024,-29.08,35.19
46618,142.593913,-15.577193,5.86,1.193,-92.37,-65.37
46736,142.887223,-35.714329,5.86,1.287,156.61,-173.39
48893,149.595458,72.879598,5.86,1.155,-69.92,-36.52
49893,152.803305,37.401971,5.86,1.282,-20.32,-29.01
53778,165.048745,-14.083299,5.86,1.501,-8.79,-28.65
61420,188.783974,21.881431,5.86,1.242,21.99,-19.56
61720,189.764519,-30.422349,5.86,1.207,-38.64,-15.55
69929,214.659568,-18.715882,5.86,0.013,-65.60,-35.37
71182,218.374876,-52.679481,5.86,1.085,-2.78,-17.07
71184,218.385295,-54.998616,5.86,0.482,-93.43,-4.98
72567,222.565495,23.911765,5.86,0.576,144.73,32.42
77052,236.007691,2.515525,5.86,0.684,-44.96,-144.73
77541,237.489670,-48.912382,5.86,0.068,-27.63,-10.43
79098,242.182197,-23.685353,5.86,0.020,-10.21,-25.79
79320,242.824031,-41.119498,5.86,0.273,-79.37,-125.52
82172,251.832270,42.238980,5.86,1.504,2.29,-25.31
82621,253.355238,-20.415489,5.86,0.685,-58.05,-27.26
85049,260.730117,-58.010289,5.86,1.075,-5.59,-15.56
88101,269.903186,-4.820912,5.86,1.561,-2.50,-88.30
89099,272.773068,-41.359020,5.86,0.295,32.46,-38.30
89115,272.815674,-75.890794,5.86,1.253,16.71,-294.43
89234,273.142358,-73.671779,5.86,0.464,-54.84,-262.65
94157,287.490225,-41.892229,5.86,-0.080,-0.17,-11.02
97081,295.937841,41.773084,5.86,1.598,19.09,10.07
100062,304.505730,-21.809900,5.86,1.002,35.39,-24.74
100738,306.361752,-28.663279,5.86,1.101,11.73,4.05
102772,312.323356,-25.781195,5.86,-0.069,12.83,-18.62
112997,343.259495,16.841261,5.86,1.132,-20.97,-27.59
116380,353.745960,71.642049,5.86,1.681,5.26,-2.44
117503,357.420667,36.425397,5.86,0.806,0.20,-47.81
207,0.650342,66.098963,5.87,1.073,3.32,1.14
5926,19.049591,71.743845,5.87,2.042,-1.59,-1.18
6226,19.951217,-0.508995,5.87,0.635,5.35,-13.91
9572,30.743973,-15.305950,5.87,0.966,25.62,7.32
20804,66.869875,11.212332,5.87,0.049,-2.51,-13.20
26487,84.504635,7.541455,5.87,-0.061,11.39,-14.74
27533,87.472956,-22.971924,5.87,0.055,-15.31,21.41
28011,88.875648,-4.616496,5.87,1.173,27.05,-20.54
30666,96.664963,-1.507264,5.87,0.070,-10.11,-29.40
31665,99.409995,56.857507,5.87,0.006,-9.26,9.79
32753,102.457689,16.202913,5.87,-0.136,-14.94,-10.44
35341,109.509271,40.883363,5.87,0.181,-15.04,12.15
35626,110.268085,-25.891676,5.87,1.604,-11.92,13.44
36444,112.498937,-52.651288,5.87,1.010,-22.51,53.54
37915,116.543995,-37.933700,5.87,-0.111,-19.53,12.37
39184,120.208183,-54.151296,5.87,-0.134,-26.20,8.56
39191,120.232759,25.392820,5.87,1.021,17.78,6.49
46652,142.680139,33.655828,5.87,1.032,-21.01,-48.17
52841,162.058882,-31.687854,5.87,0.028,-29.19,1.61
55763,171.388033,-37.747548,5.87,1.503,-41.69,-11.45
62360,191.692586,-33.315414,5.87,1.326,11.60,-28.28
62641,192.545024,37.516884,5.87,0.170,-88.59,21.83
67836,208.429627,-53.373281,5.87,0.009,-15.97,-17.43
69965,214.754692,-25.816317,5.87,0.518,-356.39,366.76
70657,216.779638,-65.821612,5.87,1.502,-18.48,-14.36
77909,238.664742,-25.243679,5.87,-0.065,-12.29,-25.45
84248,258.325469,-67.196372,5.87,1.070,-156.26,-90.10
86219,264.286821,72.455757,5.87,1.016,24.06,15.34
86847,266.175024,-42.729300,5.87,0.163,5.18,-0.97
90637,277.398793,23.866206,5.87,-0.096,0.05,-1.95
98416,299.947873,-9.957284,5.87,0.598,-246.73,-392.36
99889,304.002530,45.579659,5.87,0.447,9.25,-54.94
100574,305.934855,37.476448,5.87,-0.173,5.09,0.17
102891,312.673757,-12.544730,5.87,1.075,127.05,-72.39
105412,320.268024,-4.560152,5.87,0.912,-12.89,11.04
109730,333.411042,28.608027,5.87,1.169,74.04,-3.99
1493,4.659241,31.517234,5.88,-0.014,58.09,-2.91
2475,7.856688,33.581682,5.88,1.133,49.61,-16.26
3093,9.842061,21.251374,5.88,0.850,-461.07,-370.88
4346,13.926684,-7.347040,5.88,1.520,-6.99,-44.82
7601,24.479084,-82.975289,5.88,0.620,122.30,120.70
11348,36.501567,-15.341115,5.88,0.116,-44.31,-54.13
11670,37.634642,25.235214,5.88,0.412,61.69,-72.93
14086,45.406043,-28.090482,5.88,0.794,282.98,-440.90
19129,61.513210,68.679965,5.88,1.543,7.29,3.00
20020,64.417772,-63.255492,5.88,-0.061,5.48,35.53
21323,68.658300,28.961204,5.88,-0.048,-0.64,-21.87
24203,77.938960,1.037055,5.88,0.662,0.95,-11.12
26865,85.558160,-22.373737,5.88,0.080,-0.16,8.88
28854,91.362582,-10.242659,5.88,0.374,21.43,26.03
29679,93.785005,-20.272260,5.88,1.322,2.37,30.66
29852,94.289885,-37.253443,5.88,0.139,-5.51,-22.63
30545,96.318362,-0.945353,5.88,0.564,238.30,-218.04
30972,97.512417,46.685536,5.88,1.448,-6.64,7.50
31159,98.080109,4.855995,5.88,0.997,-35.56,1.57
31946,100.134350,71.748760,5.88,1.223,4.23,10.70
32226,100.911025,3.932535,5.88,-0.046,-0.60,-2.88
33415,104.233871,46.705538,5.88,1.093,-92.66,-76.25
40305,123.459160,56.452318,5.88,1.016,-21.44,-29.59
41074,125.708082,-26.348235,5.88,0.379,-5.06,6.20
41935,128.229399,38.016787,5.88,1.106,-104.55,-172.32
44024,134.481554,-48.572934,5.88,1.060,-16.42,9.63
46620,142.597722,-58.361904,5.88,1.676,-28.81,26.67
50685,155.264284,68.747734,5.88,0.241,-54.63,-34.17
53723,164.878975,-16.353681,5.88,1.600,-43.14,-8.55
55086,169.174692,49.476277,5.88,1.102,-85.18,-11.02
61181,188.041230,-73.001043,5.88,1.078,40.72,-5.29
61558,189.197378,-5.831851,5.88,0.072,-27.51,-19.46
62402,191.828856,62.781139,5.88,0.215,20.02,6.54
65323,200.828772,-4.924388,5.88,1.431,-19.50,-16.10
65550,201.569070,46.028104,5.88,0.985,30.17,-19.98
67194,206.556806,41.088849,5.88,0.211,-113.84,-42.28
71353,218.881241,-41.517380,5.88,-0.085,-21.56,-23.19
73310,224.723517,-11.143864,5.88,1.274,-106.68,-61.53
73493,225.304475,-38.058315,5.88,1.246,30.42,-34.37
74296,227.786641,-84.787822,5.88,-0.031,3.22,4.03
74901,229.608887,-0.461237,5.88,1.507,-11.60,1.28
83176,254.990433,-25.092162,5.88,1.607,2.68,-15.00
87460,268.056913,-34.799184,5.88,-0.111,3.29,-5.35
90915,278.192279,23.616776,5.88,1.490,13.32,10.21
90930,278.230540,-73.965384,5.88,0.992,6.89,-87.25
94013,287.107853,52.425864,5.88,1.086,-100.41,-54.95
94630,288.853483,30.526445,5.88,1.665,35.18,-26.23
97783,298.050021,-19.044862,5.88,0.979,-2.46,-53.25
98609,300.436278,24.800425,5.88,-0.134,6.72,-0.78
104171,316.597470,71.432079,5.88,0.386,-48.18,-116.00
107232,325.768334,-14.399759,5.88,0.255,-3.75,20.35
109972,334.110469,57.220225,5.88,0.950,47.37,5.36
111259,338.109894,39.779755,5.88,0.166,4.73,-8.87
111394,338.512037,-1.574179,5.88,0.977,39.70,-37.28
111934,340.093248,-30.658362,5.88,1.297,-107.65,-209.53
114366,347.435908,-28.088576,5.88,1.311,18.93,1.74
1630,5.101633,30.935615,5.89,-0.098,15.27,-0.64
2903,9.197132,15.231760,5.89,-0.146,0.91,-14.18
3170,10.102734,-59.455681,5.89,0.564,883.26,443.01
9001,28.976974,37.277801,5.89,1.599,9.42,-6.27
9307,29.898313,21.058605,5.89,1.031,140.80,-14.35
9353,30.037603,3.097635,5.89,0.610,231.21,-255.20
11033,35.520738,-17.662028,5.89,1.231,9.02,-58.12
11381,36.646517,-20.042864,5.89,1.247,86.18,101.46
11548,37.202244,29.931584,5.89,0.591,-65.37,72.52
13121,42.191122,25.188073,5.89,-0.033,54.17,-3.92
13949,44.916117,41.033053,5.89,1.445,14.69,-46.40
14502,46.829237,64.057602,5.89,-0.020,-13.65,-3.18
18735,60.202858,18.194069,5.89,0.319,129.49,-28.27
19284,61.997548,17.339921,5.89,1.497,7.66,-10.06
24162,77.829705,-2.490786,5.89,0.462,81.46,1.44
28139,89.205781,11.521196,5.89,1.111,105.96,-56.71
28271,89.601830,1.837127,5.89,0.223,6.01,-7.83
37031,114.144875,5.862104,5.89,0.602,-108.76,27.66
37752,116.142497,-37.942955,5.89,-0.115,-22.23,15.72
38267,117.599519,-50.509365,5.89,1.088,-66.60,-42.50
40875,125.108322,57.743245,5.89,0.421,57.08,13.92
41081,125.729916,-52.123777,5.89,0.018,-22.75,19.48
41676,127.442892,67.297415,5.89,0.972,-65.13,10.67
42008,128.431195,4.757015,5.89,1.066,-14.30,-6.17
43121,131.733571,12.110076,5.89,0.120,-65.20,-51.06
44283,135.285365,-68.683918,5.89,1.634,16.20,1.01
44307,135.350538,32.252295,5.89,0.088,0.30,0.72
50860,155.776407,33.908155,5.89,0.147,-14.13,-4.29
52043,159.511091,-57.256311,5.89,-0.128,-15.58,0.72
54537,167.410643,43.207752,5.89,1.564,-66.98,-6.43
56287,173.083319,-66.961835,5.89,1.136,-0.10,4.68
58103,178.750095,-63.279179,5.89,0.210,-8.83,-0.51
58720,180.657320,-69.192271,5.89,-0.080,-39.05,-6.89
58858,181.069067,21.459163,5.89,0.248,35.20,-4.43
62931,193.453848,-60.376240,5.89,0.200,-3.03,-1.74
63033,193.744609,-44.151406,5.89,0.633,-237.30,-230.98
65241,200.540541,5.154851,5.89,0.109,-69.02,-35.55
67605,207.788369,34.664530,5.89,1.635,10.00,-53.78
69493,213.419454,-0.845124,5.89,0.489,207.42,-139.09
72432,222.158572,-36.634585,5.89,1.369,-12.94,-46.04
75565,231.560534,-68.309189,5.89,1.000,123.08,9.26
77442,237.143401,28.156777,5.89,0.608,-2.10,-11.52
79357,242.948353,42.374509,5.89,1.464,-6.95,24.71
80212,245.621141,-43.912024,5.89,1.121,-8.44,-11.32
81710,250.346377,-68.296094,5.89,-0.078,-14.06,-11.79
84500,259.132160,1.210584,5.89,0.023,-4.39,-15.73
86248,264.363799,-50.059485,5.89,1.109,0.84,-89.48
88469,270.968519,-24.360726,5.89,0.031,0.64,-1.71
92117,281.619095,-0.961640,5.89,0.131,20.00,-21.79
92312,282.222401,19.328771,5.89,0.022,15.96,-21.00
93104,284.507924,38.266183,5.89,-0.090,-5.25,2.13
93574,285.873679,-68.755533,5.89,0.553,-20.83,-4.46
96016,292.840059,26.617110,5.89,0.915,11.33,25.23
96234,293.535343,-40.034633,5.89,0.105,4.44,-2.12
96620,294.671449,54.973395,5.89,0.482,35.41,163.89
97229,296.416316,7.613158,5.89,0.180,53.84,0.10
101084,307.362942,56.068179,5.89,-0.052,4.57,4.63
101843,309.577521,-81.288970,5.89,1.692,0.60,-38.24
103460,314.419223,-16.031544,5.89,0.180,51.27,1.73
105269,319.842418,38.237482,5.89,0.505,-0.18,-3.33
112833,342.762239,85.373461,5.89,1.340,13.22,114.38
114745,348.654236,74.231255,5.89,-0.010,41.34,5.54
116853,355.286963,-11.680662,5.89,0.984,68.51,3.24
116918,355.486275,7.250646,5.89,0.101,-27.64,-40.94
330,1.056932,62.287665,5.90,0.274,-0.99,-0.37
3193,10.176588,-4.351806,5.90,1.091,-15.29,-14.48
3456,11.049647,-38.421979,5.90,1.144,247.02,120.68
3834,12.307910,-24.136527,5.90,0.944,77.47,-59.62
7321,23.569155,37.237198,5.90,-0.067,12.62,-21.00
7359,23.704364,18.460672,5.90,1.536,30.10,-65.92
11102,35.727727,-51.092289,5.90,0.213,22.09,66.01
19076,61.333956,22.009222,5.90,0.620,172.61,-130.08
20873,67.097236,14.741026,5.90,0.325,109.72,-21.27
24294,78.200484,-6.057114,5.90,0.960,21.87,-31.50
27973,88.745918,31.701933,5.90,0.144,-45.10,-179.84
28343,89.840766,49.924546,5.90,1.194,-4.57,-2.54
28823,91.264251,42.981986,5.90,0.358,-44.61,-144.20
33372,104.107678,9.956600,5.90,-0.085,-16.05,-8.98
34982,108.564678,-9.947539,5.90,1.528,-4.69,2.80
35476,109.843217,2.740720,5.90,1.069,-2.18,-10.75
36143,111.676965,-34.140708,5.90,-0.153,-8.10,6.36
36640,113.024238,-8.880919,5.90,0.540,-92.20,-167.52
37995,116.802327,-22.519535,5.90,-0.180,-7.61,10.34
39251,120.406366,-37.283732,5.90,0.147,-2.31,4.97
42614,130.272185,-48.922689,5.90,-0.186,-4.64,3.62
43894,134.127409,40.201567,5.90,0.378,-81.85,-38.31
46460,142.127491,-66.701989,5.90,0.012,-34.47,45.82
47544,145.396272,31.277840,5.90,1.579,15.54,-9.58
48519,148.428862,5.958569,5.90,1.662,-2.92,1.72
51556,157.964016,32.379538,5.90,0.114,17.10,6.89
53530,164.282841,-50.765049,5.90,0.173,-37.55,12.92
55249,169.729090,1.650531,5.90,1.040,-38.19,-55.95
57606,177.161544,14.284197,5.90,0.303,-103.25,5.17
60030,184.667909,-0.787145,5.90,0.168,33.51,-16.17
64515,198.347427,-50.699786,5.90,-0.011,-33.58,-17.68
68092,209.116222,1.050548,5.90,0.217,-28.09,13.65
71571,219.558355,18.298536,5.90,1.099,-29.10,-64.51
72296,221.771077,-38.290438,5.90,1.336,52.75,-82.59
73087,224.055158,14.446266,5.90,-0.031,-12.78,-0.08
74386,228.017802,18.976004,5.90,1.414,-16.41,11.38
75696,231.964347,60.670224,5.90,1.441,-16.90,-3.14
78877,241.526601,-23.606244,5.90,-0.071,-10.98,-29.18
85409,261.801920,-50.630366,5.90,0.063,3.04,-1.93
90485,276.956185,-29.816902,5.90,0.517,-0.84,15.16
97122,296.076673,69.337119,5.90,0.072,8.78,-22.17
98526,300.245713,8.557769,5.90,1.529,11.14,-13.96
101067,307.334952,36.454733,5.90,0.407,2.58,-1.58
114407,347.540496,-40.591436,5.90,1.565,22.14,-45.65
8404,27.108433,3.685404,5.91,0.970,-9.17,17.68
10440,33.633174,-41.166701,5.91,0.965,-20.87,-26.12
11867,38.279329,-34.649923,5.91,1.064,-17.41,-17.94
12181,39.237830,38.733983,5.91,0.502,145.04,-165.36
14109,45.475627,26.462342,5.91,0.141,-13.85,4.93
15514,49.982554,27.071307,5.91,0.860,-24.74,-71.10
16518,53.166757,35.461720,5.91,-0.084,-6.72,3.66
17595,56.539016,6.803655,5.91,0.992,-1.82,-55.42
17618,56.614266,-29.338166,5.91,0.110,7.18,3.80
17805,57.162151,0.227871,5.91,1.224,65.55,-6.01
20380,65.465922,56.506300,5.91,0.112,-14.56,7.06
20417,65.594713,20.821418,5.91,1.660,-1.99,-1.04
21452,69.100969,64.261620,5.91,-0.009,-26.03,-7.37
23408,75.459793,0.722167,5.91,1.267,4.84,-22.75
29678,93.785239,13.851073,5.91,-0.231,24.21,10.65
33421,104.252236,33.681036,5.91,0.878,-24.49,0.99
34798,108.050910,-25.942609,5.91,-0.170,-5.28,8.62
35509,109.948373,7.143091,5.91,0.537,61.20,-59.18
39995,122.515832,58.248423,5.91,1.365,-19.45,-74.21
42172,128.962724,6.620538,5.91,0.530,-134.77,-131.00
42452,129.823546,52.711699,5.91,1.167,-29.26,-31.38
46482,142.196610,-62.273203,5.91,1.102,-65.40,28.42
46734,142.884136,-31.871831,5.91,0.258,-49.22,-0.09
49812,152.531490,-8.408163,5.91,0.026,-28.51,-2.92
50103,153.441584,-40.346076,5.91,1.204,-73.96,8.47
51610,158.140086,-44.618450,5.91,0.920,-12.76,-23.62
53257,163.380750,69.854045,5.91,1.010,-397.51,-67.48
53423,163.926404,0.736931,5.91,0.425,103.00,-3.41
53449,164.006179,6.185384,5.91,1.256,-22.45,-5.48
59517,183.091610,-62.950773,5.91,0.253,-5.17,-0.08
60308,185.489327,-56.374384,5.91,1.533,-10.77,-0.77
62103,190.908425,-1.576815,5.91,0.850,48.10,-74.58
62861,193.267767,-54.952484,5.91,1.309,-96.63,4.68
64226,197.449531,16.848649,5.91,1.450,-65.58,-15.39
64246,197.513619,38.498872,5.91,0.294,-71.11,44.86
64466,198.203193,-66.226766,5.91,0.048,25.31,7.85
64580,198.550624,-58.683908,5.91,1.084,-55.30,-11.67
66454,204.347906,-46.427840,5.91,-0.110,-28.19,-15.97
66903,205.664100,78.064326,5.91,1.000,-64.25,45.78
67782,208.293179,28.648062,5.91,0.202,-121.46,28.52
71115,218.135925,22.259961,5.91,0.391,-126.48,40.38
72438,222.185672,-66.593536,5.91,-0.106,-7.49,-11.14
72773,223.146959,-63.809817,5.91,0.660,-10.05,-4.11
73350,224.846311,4.567773,5.91,1.615,1.17,-4.75
73507,225.362956,60.204424,5.91,0.107,-13.04,11.94
78747,241.153796,-37.862668,5.91,0.409,-128.48,-116.19
79596,243.593213,-33.011042,5.91,1.021,-8.41,-18.79
82350,252.394476,13.261200,5.91,0.015,-29.03,-24.26
82672,253.501685,-57.909209,5.91,1.592,-40.80,-122.49
83478,255.913812,13.605429,5.91,0.010,-21.43,-33.96
83491,255.961976,-38.152487,5.91,0.409,90.49,-34.72
84709,259.734834,-34.989572,5.91,1.082,1149.24,-90.80
85048,260.728060,-37.220693,5.91,1.075,19.96,-38.37
87491,268.147764,1.305050,5.91,1.573,-32.72,-14.91
92133,281.679492,52.987970,5.91,-0.096,10.13,-3.99
92931,284.002803,-23.173718,5.91,-0.021,-1.70,-13.69
93179,284.695515,13.906773,5.91,0.251,0.94,-51.42
94556,288.664674,-45.193431,5.91,0.902,48.12,-39.61
95038,290.066684,57.645117,5.91,1.626,28.34,4.94
95456,291.266879,-29.309209,5.91,1.278,-13.12,-61.77
97598,297.558551,-47.557360,5.91,1.678,8.52,-12.99
97774,298.029881,47.931819,5.91,-0.174,-6.25,-9.81
99531,303.002911,26.478831,5.91,-0.107,4.48,-10.08
100017,304.377635,66.852966,5.91,0.602,468.52,296.81
101870,309.645785,23.680507,5.91,0.953,4.09,-5.32
102358,311.091837,56.488409,5.91,1.643,9.84,-1.60
102487,311.541557,-21.513991,5.91,0.066,23.45,-17.01
104105,316.371711,78.126322,5.91,-0.065,19.04,28.71
112778,342.590702,41.953403,5.91,0.062,8.28,-3.93
113174,343.760766,37.076805,5.91,0.397,88.52,9.25
114430,347.614015,43.544737,5.91,0.450,-202.18,-207.65
116323,353.537311,-1.247535,5.91,0.299,107.44,-13.24
3760,12.072269,7.299920,5.92,1.104,111.61,3.41
4962,15.904198,61.074830,5.92,0.512,-1.54,-2.96
6564,21.085354,-6.914669,5.92,0.407,31.05,5.12
6631,21.271981,-64.369436,5.92,1.561,23.15,-17.10
7016,22.595320,-26.207855,5.92,1.327,43.67,1.40
8588,27.716725,11.043446,5.92,0.302,-69.33,-27.84
13225,42.561445,-35.843686,5.92,0.899,51.52,20.27
14844,47.928552,81.470712,5.92,0.149,-45.62,-0.93
14913,48.106996,-44.419654,5.92,0.440,82.73,-2.61
23446,75.595038,-31.771540,5.92,1.170,-6.44,85.28
25471,81.703347,34.391828,5.92,0.138,-0.22,-7.33
26108,83.516898,-1.470205,5.92,1.535,-13.93,-19.99
27965,88.736194,19.749624,5.92,-0.145,0.39,-4.14
30986,97.547002,-10.081506,5.92,1.373,-7.27,-2.27
31037,97.692889,-27.769589,5.92,-0.156,-7.55,5.87
32366,101.346168,-31.792922,5.92,0.491,-204.91,-304.13
32463,101.635078,8.587169,5.92,-0.173,-4.99,-6.76
37364,115.056380,-19.660890,5.92,1.158,-3.67,11.85
40881,125.133955,24.022357,5.92,-0.039,-20.67,-17.84
41080,125.725422,-7.543136,5.92,1.635,-9.84,6.28
42001,128.410195,-38.848833,5.92,-0.114,-21.04,7.43
42265,129.274110,9.655596,5.92,0.083,-27.15,-6.77
43589,133.160904,-48.359098,5.92,-0.148,-13.44,0.33
45270,138.393647,-47.338440,5.92,-0.051,-25.00,13.35
46897,143.358732,-22.864018,5.92,0.023,-70.04,55.27
52863,162.169028,-1.958915,5.92,1.608,-18.58,7.93
62561,192.278297,83.417794,5.92,0.015,-22.05,15.52
64390,197.964090,-69.942020,5.92,0.415,35.02,1.26
66247,203.668660,-13.214306,5.92,0.020,-47.98,-7.32
66878,205.595599,82.752511,5.92,0.993,32.67,-42.51
67210,206.579577,38.503656,5.92,0.948,-48.88,-12.56
67292,206.864937,-50.249321,5.92,0.279,58.93,12.64
68333,209.822736,-50.369606,5.92,0.957,28.47,-16.71
73415,225.047242,-77.160525,5.92,1.052,-13.33,-10.26
80991,248.106898,60.823347,5.92,0.039,20.65,-9.79
81729,250.402910,26.916989,5.92,0.402,0.89,-44.83
98383,299.835063,45.772582,5.92,0.185,11.54,-16.72
103360,314.107865,49.195831,5.92,1.054,11.34,6.78
104968,318.926632,77.012261,5.92,1.531,22.95,14.63
108195,328.797246,-61.886388,5.92,0.393,43.53,-90.56
110532,335.883979,-7.194443,5.92,0.998,-6.21,8.95
112067,340.489161,14.516444,5.92,1.114,94.55,-21.21
114921,349.165784,-44.489142,5.92,1.053,3.44,-9.88
636,1.945232,-22.508475,5.93,0.141,70.10,-34.71
2611,8.293015,54.895081,5.93,1.037,70.08,-39.36
5594,17.931427,-2.251025,5.93,1.403,-57.83,-22.21
13473,43.393138,-38.437087,5.93,0.437,58.88,34.27
13479,43.396954,-22.376123,5.93,1.041,85.60,-76.11
14036,45.183722,10.870472,5.93,1.593,81.25,-34.38
15004,48.349410,48.176999,5.93,0.972,16.89,-18.75
15357,49.510383,-28.797036,5.93,0.337,155.37,-16.12
16029,51.593832,-27.317609,5.93,0.934,7.67,53.45
16358,52.689146,6.188744,5.93,0.953,42.38,-16.79
18199,58.388766,-46.893589,5.93,1.220,17.65,-35.18
18723,60.169264,-30.490710,5.93,0.036,47.49,5.15
24019,77.437731,28.030608,5.93,0.311,55.86,-60.57
25790,82.609056,15.360543,5.93,0.103,-13.48,-38.58
26762,85.273285,0.337686,5.93,0.311,12.30,27.76
27249,86.626539,56.115718,5.93,0.164,20.18,-58.91
27737,88.084092,-57.156000,5.93,0.656,17.99,-78.63
28790,91.167363,-45.079550,5.93,0.493,-79.98,254.28
29196,92.385173,22.190274,5.93,1.626,-6.99,-4.97
31448,98.823319,9.988354,5.93,1.508,0.34,-7.70
34017,105.876477,29.339093,5.93,0.595,155.73,-828.01
35304,109.390501,52.131115,5.93,1.259,-0.63,-17.80
37046,114.196028,55.755155,5.93,1.123,-10.87,-39.00
37140,114.474495,48.773911,5.93,0.221,-32.62,-28.48
37428,115.243845,23.018558,5.93,1.561,-7.21,-13.04
37949,116.666830,65.455631,5.93,1.183,28.15,18.39
45461,138.969791,72.946462,5.93,0.179,-85.32,-56.00
49164,150.500438,-60.420900,5.93,0.263,-7.42,3.90
50885,155.860450,-4.074045,5.93,-0.048,-50.51,4.24
50993,156.247920,-58.576318,5.93,0.315,-74.09,6.12
53394,163.821929,-60.517208,5.93,1.065,-36.09,84.30
55874,171.789897,-12.356807,5.93,0.490,-98.30,23.82
58158,178.917205,-28.477037,5.93,1.499,3.82,-27.16
63165,194.132167,-72.185182,5.93,1.115,-15.99,-12.08
63688,195.772335,-71.475723,5.93,0.002,-11.18,-2.39
68670,210.860729,-56.213381,5.93,1.207,-66.41,-21.61
69995,214.849646,-37.002807,5.93,0.082,-48.77,-41.11
71759,220.176502,13.534361,5.93,0.238,53.76,-14.71
76424,234.121648,16.119098,5.93,0.354,71.54,-5.54
77086,236.094534,-41.819018,5.93,-0.007,-17.70,-28.98
78542,240.523153,52.916006,5.93,1.498,1.80,-36.56
79120,242.245420,3.454445,5.93,1.471,-36.32,12.17
79137,242.296097,6.380510,5.93,0.988,258.17,-746.68
79953,244.796802,49.038078,5.93,1.369,-21.35,33.40
81523,249.771813,-37.217263,5.93,-0.035,-11.77,-43.93
83896,257.198107,-30.403569,5.93,0.276,-11.89,-66.39
84731,259.802129,-59.694591,5.93,1.389,-1.74,-8.39
85520,262.162132,-55.169665,5.93,1.113,3.08,-8.76
87074,266.903303,-14.725781,5.93,0.009,-22.19,-17.58
87813,269.079339,-15.812361,5.93,0.024,-9.61,-66.17
90844,277.987452,-1.002966,5.93,0.170,10.03,-4.63
91347,279.476782,-21.397565,5.93,0.189,-2.57,-65.66
92398,282.441303,32.812833,5.93,-0.154,1.87,-5.19
93624,285.989674,-51.018245,5.93,1.236,40.42,-147.68
93763,286.421581,-15.660393,5.93,-0.015,0.74,-10.36
94311,287.941713,31.283464,5.93,-0.062,-3.17,-3.16
96977,295.685852,32.426744,5.93,0.118,2.10,-1.21
103836,315.612718,-38.530558,5.93,1.106,154.93,-169.51
103956,315.948270,53.285823,5.93,1.001,42.14,32.09
105811,321.445917,36.667408,5.93,0.033,6.91,-8.89
109577,332.963887,16.040597,5.93,0.951,-2.94,-18.79
112041,340.399758,41.548978,5.93,0.998,140.88,59.98
112241,341.021717,39.465417,5.93,1.490,7.68,-28.38
117541,357.561034,-9.974327,5.93,1.133,139.84,78.32
117761,358.231334,-3.155378,5.93,1.069,77.52,-42.58
1096,3.425918,-26.022154,5.94,1.548,37.59,-78.73
2377,7.582974,59.977564,5.94,-0.003,16.26,-3.94
2787,8.886458,-0.505459,5.94,0.444,143.36,-61.94
3521,11.238015,-42.676325,5.94,0.297,-89.06,-96.11
7643,24.614559,-36.527953,5.94,1.045,-13.27,-122.36
8423,27.161841,37.952936,5.94,0.975,111.84,-27.04
8593,27.726995,-50.206127,5.94,0.154,-47.97,-4.30
10234,32.899340,-1.825349,5.94,0.967,-11.27,-33.24
13367,42.994785,68.888517,5.94,0.700,2.00,-8.17
15669,50.468216,49.071059,5.94,0.468,180.91,-63.45
19376,62.256503,13.398298,5.94,0.052,14.76,-7.30
20619,66.272334,-61.238246,5.94,1.533,-18.82,21.69
21247,68.377590,72.528826,5.94,0.306,29.36,-90.83
25291,81.160527,31.143163,5.94,0.034,-10.61,-6.20
31676,99.423501,61.481900,5.94,0.899,-208.21,-274.56
32938,102.926874,-36.230126,5.94,0.183,-40.47,-59.14
34358,106.843381,34.009362,5.94,1.507,-18.27,-30.43
34817,108.107625,-36.544400,5.94,-0.145,-9.76,7.48
36156,111.734704,20.257582,5.94,0.336,2.26,-10.36
38167,117.311056,-35.243308,5.94,-0.051,-6.14,8.88
41117,125.841131,18.332280,5.94,0.175,-53.59,-33.05
41578,127.155616,14.210854,5.94,0.201,-13.81,-13.08
45661,139.608100,35.364126,5.94,0.177,-48.17,-18.99
56148,172.629878,43.173043,5.94,0.524,-49.20,81.81
56318,173.198088,-7.827524,5.94,1.380,-7.54,0.44
56727,174.452113,-67.620354,5.94,1.013,-84.13,-10.46
60157,185.045144,-22.175627,5.94,0.824,-105.42,-30.25
70384,216.003668,8.244004,5.94,0.066,-6.18,-14.32
77272,236.645343,55.474602,5.94,1.404,-120.14,77.50
82902,254.120008,-52.283643,5.94,-0.069,-35.74,-42.44
84105,257.911145,-48.873388,5.94,1.786,5.94,-4.36
85382,261.692355,34.695697,5.94,-0.017,-27.61,43.04
86266,264.400851,-15.571037,5.94,0.357,0.99,-0.64
87390,267.885721,-40.772328,5.94,1.572,-51.34,-55.00
88694,271.598513,-36.019808,5.94,0.615,105.44,7.99
101123,307.474549,-18.582985,5.94,0.062,25.56,-79.45
104101,316.361620,5.958489,5.94,0.538,-117.36,-119.06
107374,326.222014,62.460574,5.94,0.312,-2.98,-2.80
108849,330.765592,-76.118266,5.94,0.399,27.81,-66.28
111925,340.076670,53.845972,5.94,0.946,6.41,-18.33
113686,345.382092,-4.711480,5.94,0.992,14.07,7.55
4903,15.726149,41.345199,5.95,0.161,-16.96,-16.95
5661,18.189030,-37.856404,5.95,0.281,88.99,-30.76
7447,23.977772,17.433790,5.95,0.259,149.18,21.16
12821,41.206959,67.824709,5.95,0.136,17.48,-32.55
16664,53.610930,24.464475,5.95,0.123,2.70,-33.96
17846,57.283845,43.963023,5.95,0.279,-7.03,29.53
19996,64.330129,-6.472160,5.95,1.078,-15.13,-7.31
20241,65.060072,41.808153,5.95,0.962,16.12,-34.45
20892,67.162560,-19.458598,5.95,1.215,37.76,-113.46
21042,67.668039,-35.653580,5.95,1.005,1.51,31.23
23261,75.076447,39.394704,5.95,0.415,-10.93,-1.21
27253,86.645661,1.168538,5.95,0.773,-80.05,-141.79
27713,88.032211,-9.041979,5.95,0.100,-2.97,32.31
28085,89.059151,-22.840055,5.95,1.107,117.77,32.79
31599,99.194168,-13.320977,5.95,1.562,-2.16,-24.25
33729,105.099003,-8.406825,5.95,-0.075,-7.18,1.69
35054,108.738127,-41.426418,5.95,-0.146,3.39,9.56
35127,108.930100,-10.583603,5.95,1.173,29.20,-1.01
36345,112.213165,-31.848412,5.95,-0.156,-11.55,4.40
36496,112.628776,-54.399432,5.95,1.585,13.27,27.46
37478,115.396486,3.624827,5.95,-0.032,-2.20,-20.11
40693,124.599085,-12.629770,5.95,0.754,279.30,-989.03
41321,126.465070,-64.600655,5.95,0.971,-15.03,15.18
42147,128.869674,-26.843533,5.95,0.393,-31.26,18.68
43899,134.142217,-16.708682,5.95,1.544,-8.89,-27.02
44892,137.197588,26.630012,5.95,0.654,-139.12,-370.44
44897,137.213353,33.882497,5.95,0.585,-191.06,-115.40
46859,143.232413,-13.516806,5.95,1.501,-8.27,1.09
48191,147.367286,-37.186785,5.95,1.245,-88.86,8.06
48527,148.458796,-51.146715,5.95,-0.152,-13.68,0.55
50319,154.135071,23.503013,5.95,0.655,-200.23,33.89
52577,161.266761,67.411382,5.95,2.382,4.38,0.74
53035,162.772667,-3.092641,5.95,1.475,-54.06,-10.92
53334,163.623323,-61.826613,5.95,1.736,4.92,-3.85
54049,165.902614,-0.000832,5.95,1.218,-60.23,-0.41
56473,173.677070,16.796916,5.95,-0.156,-8.78,-0.55
56970,175.177051,-53.968549,5.95,1.670,-10.83,-23.94
58460,179.823074,33.167021,5.95,1.153,-0.15,-7.13
58921,181.238525,-60.968238,5.95,1.691,-25.02,-5.59
59050,181.596183,-65.709426,5.95,0.613,-51.58,-11.20
59285,182.422022,1.898328,5.95,1.120,42.12,-180.44
60595,186.299170,-11.610513,5.95,0.043,-58.99,-31.89
62207,191.248651,39.278578,5.95,0.557,-359.75,139.32
64224,197.438701,-10.329309,5.95,1.490,-14.98,-7.31
68009,208.912454,-82.666134,5.95,1.411,-25.06,-23.27
76716,234.986191,-59.907815,5.95,0.505,-121.90,-215.20
76877,235.477931,-76.081865,5.95,-0.034,-8.20,-38.98
77939,238.751544,-19.382881,5.95,-0.013,-10.63,-18.38
79797,244.272842,-67.941080,5.95,0.159,-44.74,-84.65
82650,253.426821,-43.050891,5.95,1.643,-15.13,-31.80
83235,255.154139,-35.933976,5.95,1.161,-8.01,-64.36
84226,258.243987,-32.438327,5.95,0.071,1.98,-1.99
84425,258.900324,-38.592951,5.95,0.580,-169.82,-388.80
87875,269.267929,0.066687,5.95,0.110,20.54,-9.23
90606,277.333420,-80.232554,5.95,1.173,-23.34,-63.39
93862,286.731647,-48.299115,5.95,-0.017,12.70,-12.30
98461,300.066327,-37.701717,5.95,0.989,19.54,-1.15
100501,305.688729,41.026133,5.95,1.632,1.26,-49.66
103545,314.674471,-14.483081,5.95,0.244,-54.64,-19.31
111045,337.441420,-27.107235,5.95,0.362,119.31,-20.31
116368,353.705544,-15.245792,5.95,1.350,49.92,-87.88
116714,354.792333,75.292848,5.95,0.124,7.09,13.99
117265,356.653022,66.782251,5.95,-0.049,7.50,-2.76
117500,357.413969,28.842328,5.95,0.187,62.75,25.01
118092,359.332417,-62.956612,5.95,0.101,86.18,11.60
1706,5.369762,-77.426857,5.96,1.397,14.23,-6.44
8598,27.737869,51.933698,5.96,0.419,41.16,-115.50
9631,30.950513,-0.340146,5.96,0.851,82.76,-43.09
10296,33.156301,24.167794,5.96,1.366,41.64,-6.28
15968,51.401056,-69.336594,5.96,0.415,-0.41,64.81
22361,72.209430,75.941544,5.96,0.283,37.56,-133.28
24786,79.709316,-18.130199,5.96,0.572,385.00,61.32
26535,84.658220,-6.573958,5.96,-0.216,0.39,-0.42
27560,87.554418,4.423499,5.96,1.361,7.86,-38.28
27747,88.097538,19.867856,5.96,0.549,-5.57,-3.14
33603,104.737612,3.602364,5.96,1.056,-3.59,-3.65
33929,105.606340,17.755455,5.96,1.518,21.03,27.15
34002,105.824706,9.138347,5.96,0.126,-23.58,3.06
34349,106.805421,-51.968388,5.96,0.996,-11.91,42.99
35084,108.838615,-52.499518,5.96,1.099,-42.22,120.13
39527,121.176698,-50.590400,5.96,1.213,-8.61,1.70
39659,121.576665,22.635512,5.96,1.652,-7.43,-9.03
40932,125.300425,-57.973230,5.96,-0.092,-3.07,4.24
41328,126.481653,-14.929755,5.96,0.167,-10.96,38.68
42365,129.579158,32.802028,5.96,1.111,-24.29,-3.04
43553,133.049073,45.312900,5.96,1.233,-11.02,-33.32
43587,133.150554,28.331388,5.96,0.869,-485.48,-234.40
45590,139.379857,46.817199,5.96,0.063,14.11,11.91
47224,144.368413,-36.095991,5.96,1.118,-25.61,-1.43
47401,144.866319,67.272324,5.96,1.528,-27.75,-38.67
52127,159.748770,-58.816886,5.96,1.692,-76.65,13.10
56452,173.624804,-32.833342,5.96,0.811,-670.98,823.84
61158,187.983970,-63.505899,5.96,0.263,-28.91,25.05
66427,204.275216,-44.143169,5.96,0.936,-51.05,-14.27
66924,205.729428,-41.400951,5.96,1.019,-51.69,-37.81
66984,205.917066,-42.067511,5.96,-0.075,-13.49,-4.31
68455,210.219227,-66.268851,5.96,0.352,-116.10,-24.20
69174,212.396093,-51.504645,5.96,-0.053,-32.69,-10.97
70894,217.460457,0.828911,5.96,0.159,15.70,7.26
74696,228.973589,-48.073641,5.96,0.210,5.08,-8.39
81966,251.165641,-53.152290,5.96,1.230,-10.74,-9.66
89440,273.804038,-20.387969,5.96,-0.023,2.83,-1.90
89448,273.821037,68.755965,5.96,1.055,17.17,-63.73
93537,285.765848,-19.245658,5.96,1.158,2.63,-11.42
100256,305.000797,13.548101,5.96,0.299,-2.65,-4.03
101082,307.363807,81.090738,5.96,0.942,67.05,221.67
103371,314.144909,44.924727,5.96,0.020,-0.24,-2.22
106642,324.010176,45.374587,5.96,1.341,64.44,1.85
107302,326.004078,-14.749396,5.96,0.219,-22.48,10.31
107350,326.129960,14.772215,5.96,0.587,231.08,-113.45
108505,329.722950,62.697952,5.96,1.640,12.03,14.14
110179,334.752902,-13.304971,5.96,1.075,72.65,-9.91
115144,349.850440,-18.075400,5.96,1.534,3.96,9.58
4572,14.629162,66.351825,5.97,-0.008,43.44,-13.19
5510,17.639822,2.445708,5.97,1.491,-8.69,-15.94
5778,18.531867,16.133542,5.97,-0.082,-30.59,-26.18
6492,20.853969,20.468990,5.97,1.677,-5.59,-9.30
7906,25.413509,30.047135,5.97,1.015,-8.10,-6.50
9533,30.646158,13.476728,5.97,1.584,-0.08,-4.99
13679,44.057202,8.381778,5.97,0.478,69.83,-88.32
14764,47.661564,11.872693,5.97,-0.061,30.74,-26.98
15334,49.440572,39.283414,5.97,0.056,22.23,-16.69
17027,54.754690,-5.625707,5.97,0.921,-13.53,-207.06
18170,58.291494,17.327156,5.97,0.354,143.97,-29.93
20614,66.237749,19.042092,5.97,0.378,110.73,-32.50
21847,70.458654,38.280420,5.97,0.593,241.54,-97.88
22697,73.196198,27.897572,5.97,0.368,44.73,-35.83
23831,76.853675,-12.491009,5.97,0.606,136.07,-107.12
26386,84.268131,11.035044,5.97,1.592,52.25,-16.18
26926,85.724616,-6.796315,5.97,0.447,12.26,60.59
27435,87.145434,-4.094087,5.97,0.639,62.39,-230.65
27588,87.625106,2.024717,5.97,0.953,0.51,-6.94
28110,89.116815,9.509420,5.97,-0.038,0.32,-9.91
29771,94.032069,-16.618009,5.97,-0.167,-9.19,0.90
41250,126.238398,-42.769850,5.97,-0.159,-12.12,6.83
48802,149.306550,57.418351,5.97,0.895,35.74,-63.78
50480,154.617775,-41.668498,5.97,-0.063,-28.24,3.13
52340,160.464900,-79.783302,5.97,-0.071,-17.50,5.82
63533,195.290084,17.123203,5.97,0.971,-9.00,-23.01
65545,201.547837,-1.192484,5.97,0.183,-114.57,5.20
67239,206.680562,25.702381,5.97,0.523,-18.34,-59.46
67485,207.439285,61.489546,5.97,0.974,62.67,-95.69
73937,226.638387,-30.918413,5.97,-0.076,-23.00,-28.66
76311,233.817571,53.922139,5.97,1.184,-17.96,2.08
79938,244.751804,-14.872823,5.97,1.475,-21.18,-1.13
84656,259.597001,38.811214,5.97,1.011,-12.39,74.11
86575,265.384686,6.313164,5.97,1.271,-2.97,-3.22
86871,266.232683,-57.545510,5.97,0.912,18.09,-12.25
89047,272.631384,54.285952,5.97,0.943,108.16,246.87
96760,295.029779,-23.429055,5.97,1.038,29.69,-12.77
99171,302.007312,-0.678020,5.97,1.023,116.60,-67.94
101986,310.013399,43.459016,5.97,1.186,-69.45,-56.74
104752,318.328905,-36.423536,5.97,0.967,34.19,3.61
105224,319.716722,11.203335,5.97,1.612,21.12,15.51
105727,321.205837,80.524854,5.97,0.950,42.61,-11.38
106340,323.060730,-33.944613,5.97,0.051,-5.81,-4.04
108975,331.153162,-26.822336,5.97,-0.167,12.59,-9.54
109602,333.033698,24.950637,5.97,1.500,10.24,1.73
111515,338.901497,-23.991079,5.97,0.984,25.95,-6.34
113801,345.684530,-20.870396,5.97,0.946,-56.81,-129.81
114189,346.869365,21.134372,5.97,0.259,107.88,-50.08
518,1.564744,58.436690,5.98,0.687,247.36,17.77
3697,11.848431,6.740981,5.98,0.941,14.42,-10.26
6711,21.577496,43.457886,5.98,0.520,108.31,-60.45
7740,24.919866,16.405886,5.98,1.119,82.41,-11.56
12562,40.392219,-14.549412,5.98,0.429,-5.85,55.86
15241,49.146635,32.184219,5.98,0.988,-4.10,-83.07
16339,52.653743,-47.375174,5.98,0.116,64.60,20.03
16599,53.412925,54.974861,5.98,0.114,-41.31,-1.63
21986,70.894699,-8.794246,5.98,0.645,28.84,-29.27
22840,73.711285,0.467178,5.98,-0.116,-0.49,-4.89
24831,79.848696,-27.368864,5.98,-0.022,-3.46,-8.09
26606,84.826304,29.215230,5.98,0.144,-1.48,-7.25
28562,90.429386,48.959469,5.98,1.437,7.10,-9.89
36055,111.463349,-5.774954,5.98,0.901,-6.02,-2.92
36236,111.928911,-22.859198,5.98,-0.088,-1.28,-0.42
39014,119.757548,-45.215863,5.98,-0.143,-11.58,7.92
41674,127.440226,-46.331728,5.98,-0.127,-25.27,14.48
43550,133.041878,42.002885,5.98,1.251,-32.72,-61.99
45412,138.809826,34.633400,5.98,0.839,-157.52,47.81
49844,152.657066,-41.714933,5.98,1.239,28.07,-129.15
51623,158.199236,-58.666750,5.98,0.290,-6.54,2.16
52827,162.022566,-59.919169,5.98,0.274,-7.58,2.71
57165,175.863338,-37.190102,5.98,1.449,-19.05,-21.81
64033,196.851292,-59.860490,5.98,0.435,-11.78,-8.06
66907,205.680921,34.988995,5.98,0.857,13.01,11.00
68498,210.335041,8.894909,5.98,0.089,32.96,-1.19
74224,227.530597,-38.792461,5.98,0.867,-24.53,-20.85
74561,228.525061,31.787918,5.98,1.552,42.18,-30.19
77412,237.055466,13.789334,5.98,1.272,-8.84,-105.44
83216,255.112397,-48.647563,5.98,0.883,-16.98,-80.41
83693,256.584146,-37.227531,5.98,0.076,-7.95,-24.42
83854,257.061885,-17.608967,5.98,1.011,4.62,-34.99
84402,258.834565,-14.584126,5.98,1.096,-18.86,-5.88
85442,261.906488,-29.724490,5.98,0.010,-8.10,-31.72
85543,262.233706,-36.778268,5.98,1.112,-3.09,-5.04
88550,271.209957,-35.901360,5.98,1.160,-14.00,-33.55
89156,272.937965,33.447027,5.98,0.045,13.52,12.14
93287,285.014777,-66.653514,5.98,0.977,12.33,-42.60
95999,292.795596,-68.433887,5.98,1.638,17.19,-13.42
96481,294.218529,11.273198,5.98,0.881,9.16,3.21
96840,295.273035,13.815708,5.98,-0.078,0.00,-10.95
103652,315.016475,7.516180,5.98,0.283,48.10,6.98
107129,325.504500,35.510196,5.98,2.500,5.45,1.94
109466,332.640433,-4.266864,5.98,0.981,72.36,3.50
111967,340.203570,-57.422306,5.98,1.450,56.62,-6.61
115065,349.597215,41.773703,5.98,0.215,-9.58,-11.03
116728,354.838197,74.002615,5.98,0.889,-8.53,5.56
671,2.073136,-8.824025,5.99,1.034,-34.13,-35.67
2159,6.811197,-25.547133,5.99,1.022,32.93,-15.26
3352,10.673499,-60.262682,5.99,1.318,263.68,-51.74
4552,14.559143,33.951059,5.99,1.000,35.25,-71.86
4998,16.009950,52.502309,5.99,1.447,1.44,-61.03
10729,34.519165,57.516326,5.99,1.039,-13.48,-1.81
11095,35.718642,-73.645821,5.99,1.088,-81.59,11.84
12608,40.527465,-38.383718,5.99,0.917,20.46,12.95
18339,58.817391,-12.099051,5.99,0.323,-76.94,-22.14
22176,71.569933,18.734862,5.99,1.221,73.03,-69.79
22220,71.685299,40.312680,5.99,0.934,8.99,-37.10
24575,79.075635,34.312212,5.99,0.199,-4.05,43.22
25187,80.827131,-8.415588,5.99,-0.037,-1.73,-2.91
25816,82.702707,41.462078,5.99,1.112,2.01,-34.37
26624,84.879805,-3.564709,5.99,0.294,-3.88,2.10
27939,88.683493,0.968615,5.99,1.328,-2.90,0.01
29692,93.823795,-18.477013,5.99,1.058,19.43,-61.46
29711,93.873583,-4.914636,5.99,0.097,22.68,-34.41
31876,99.948856,12.982803,5.99,0.063,-15.00,-14.14
34914,108.350040,-22.674146,5.99,1.481,24.69,-39.10
35712,110.514490,0.177126,5.99,-0.069,1.92,-2.01
37345,114.991632,-37.579413,5.99,-0.040,-1.41,-3.89
39236,120.376191,16.455323,5.99,-0.024,4.25,-5.94
46101,141.022899,-61.648787,5.99,1.060,-0.82,-47.52
47559,145.449750,-55.213770,5.99,-0.119,-12.34,3.26
53272,163.425539,-70.720338,5.99,-0.020,-29.45,0.48
53726,164.886412,36.093224,5.99,1.595,67.25,-51.05
55280,169.820181,-64.582597,5.99,0.471,-301.28,43.90
62058,190.788384,-56.176196,5.99,-0.074,-31.16,-11.39
62786,192.987292,-39.680385,5.99,-0.098,-27.07,-18.97
63494,195.149827,-3.368608,5.99,1.119,-19.39,49.42
70363,215.952659,-53.176210,5.99,1.099,-58.08,-9.46
70987,217.795150,-38.869777,5.99,1.060,5.50,28.23
75256,230.655192,62.047169,5.99,-0.033,9.30,-38.47
81854,250.775570,77.513471,5.99,0.430,56.38,206.46
81992,251.250868,-28.509656,5.99,0.103,-28.20,-0.47
82611,253.323300,47.416498,5.99,1.325,-40.83,93.55
82806,253.852827,-63.269626,5.99,0.059,7.66,-13.72
84431,258.922902,23.742704,5.99,1.335,-41.52,23.17
85751,262.847017,-56.920954,5.99,-0.045,-0.85,-4.16
88012,269.662709,-28.759076,5.99,-0.077,-0.82,-5.21
89587,274.221212,-3.006737,5.99,0.890,18.11,-273.27
90052,275.647138,12.029644,5.99,0.056,8.90,14.61
92391,282.420646,-5.912834,5.99,1.568,0.23,-11.69
92833,283.718837,33.968580,5.99,0.922,-5.60,-1.78
96895,295.454538,50.525446,5.99,0.643,-147.75,-158.85
98738,300.818303,18.501041,5.99,1.420,11.41,-19.67
101909,309.770703,15.838236,5.99,-0.145,-2.33,-15.14
102162,310.510505,-76.180569,5.99,0.450,190.83,-9.43
102945,312.857051,-5.626636,5.99,0.464,95.77,1.25
103219,313.684481,75.925467,5.99,0.946,30.92,42.29
105574,320.734464,-9.319273,5.99,1.516,-27.44,-23.40
112117,340.653655,-47.210008,5.99,0.584,6.15,-331.43
112862,342.837268,-29.536274,5.99,0.907,-7.54,-14.49
115806,351.918204,25.167369,5.99,-0.066,27.28,-36.06
116653,354.598705,-76.869507,5.99,0.907,78.48,-18.47
116768,354.979115,9.677321,5.99,0.212,89.12,-11.16
3137,9.966312,-44.796333,6.00,1.142,42.69,16.74
9564,30.718724,64.901494,6.00,0.029,-12.57,-11.69
10215,32.842678,-10.051746,6.00,0.418,-27.30,-171.15
11687,37.688472,0.255876,6.00,0.168,-51.92,-52.15
11843,38.225625,15.034465,6.00,0.572,-15.48,36.89
20075,64.566975,-20.715306,6.00,1.597,4.85,19.17
20493,65.884820,20.982130,6.00,0.029,15.93,-35.07
23766,76.623567,61.169941,6.00,1.380,41.94,-75.92
27265,86.689556,15.822504,6.00,-0.061,5.36,-3.04
29808,94.148330,-39.264349,6.00,0.163,-15.33,-18.78
30318,95.651768,12.570315,6.00,0.319,-53.62,-32.04
34182,106.326543,22.637481,6.00,-0.027,-0.95,-9.30
34561,107.389023,-16.234508,6.00,0.040,-1.28,-0.58
35611,110.228829,-26.963852,6.00,-0.172,-4.97,5.63
40183,123.128319,-46.264308,6.00,-0.113,-5.50,9.34
40889,125.167982,72.407293,6.00,1.537,2.52,-24.97
43392,132.587588,-42.089800,6.00,-0.114,-6.01,3.60
50546,154.862006,48.397031,6.00,1.022,-105.97,-110.66
51194,156.855831,-65.704714,6.00,0.091,-81.88,20.57
51200,156.866992,41.601212,6.00,0.166,-47.23,-72.72
59384,182.750374,81.709837,6.00,1.618,-25.80,-1.71
60979,187.491180,-41.735862,6.00,1.515,4.92,-16.09
61688,189.686195,-18.250165,6.00,0.310,-122.68,26.64
62983,193.578092,-11.648596,6.00,0.068,-138.92,10.56
63340,194.697096,75.472475,6.00,1.030,13.18,13.77
63948,196.588679,21.153510,6.00,0.393,-69.06,-46.54
65129,200.201430,-55.800698,6.00,0.236,-3.89,4.02
66575,204.704016,-57.622702,6.00,1.138,-11.47,-6.09
66925,205.733825,-56.767960,6.00,-0.096,-7.42,-4.76
67545,207.602803,5.497222,6.00,0.899,10.42,0.71
68101,209.137440,-54.704116,6.00,0.780,-41.31,-225.92
71094,218.084466,26.677342,6.00,0.230,-69.92,-23.82
72848,223.350166,19.152271,6.00,0.841,-442.75,216.84
76810,235.246197,16.024629,6.00,0.908,22.16,-16.80
77678,237.881317,-47.060719,6.00,1.152,-113.11,-33.41
78665,240.893270,-32.000467,6.00,0.470,-37.60,-29.22
83601,256.320118,0.703374,6.00,0.578,-15.67,-335.11
84631,259.520552,17.317914,6.00,0.015,11.87,-11.12
86561,265.340855,51.818182,6.00,1.068,-28.54,-0.27
87616,268.478215,-34.752710,6.00,-0.060,2.45,-4.70
91525,279.970039,52.196024,6.00,-0.067,5.44,21.39
93855,286.717158,-16.229236,6.00,-0.025,-1.28,-16.61
96198,293.423350,49.262347,6.00,1.545,3.04,-11.47
97402,296.952072,25.384112,6.00,0.993,67.54,-21.98
97499,297.259107,-10.870712,6.00,1.233,30.84,-21.34
105080,319.309290,55.797969,6.00,1.447,16.78,13.32
107487,326.567744,-9.275954,6.00,1.629,17.60,7.85
108612,330.032996,6.717436,6.00,-0.112,14.53,0.70
110873,336.942585,31.839975,6.00,1.442,50.84,28.63
760,2.332620,79.714641,6.01,0.203,106.17,-39.37
3436,10.958702,-12.011307,6.01,1.107,-0.84,-207.83
6981,22.470113,18.355675,6.01,0.162,59.05,-2.64
8475,27.314840,47.896952,6.01,0.170,-20.22,-11.46
8998,28.973914,1.849519,6.01,0.549,158.44,190.44
9859,31.705096,25.704589,6.01,-0.030,18.57,-14.54
10203,32.800251,25.936955,6.01,1.365,-8.85,-6.95
16266,52.413282,-6.804239,6.01,1.020,-84.93,-89.94
17007,54.698573,-27.943117,6.01,-0.027,21.55,25.85
21137,67.965388,15.851639,6.01,0.338,107.59,-32.38
21269,68.450745,9.413623,6.01,1.061,-6.14,-22.96
21459,69.121115,23.340986,6.01,0.380,109.97,-53.86
28930,91.593491,29.512425,6.01,1.730,12.72,-4.67
31758,99.647631,-16.873486,6.01,0.042,-8.37,-24.83
33800,105.271574,-58.940296,6.01,0.297,-56.89,147.82
34055,105.965013,12.594259,6.01,1.584,-6.69,-6.87
37394,115.147965,-8.185358,6.01,0.153,21.28,-29.37
39122,120.061327,-48.981616,6.01,0.042,-34.18,43.93
41282,126.329262,-21.046106,6.01,0.402,-34.39,61.85
41597,127.212524,-9.748595,6.01,0.427,-4.28,5.01
43726,133.575790,-5.434533,6.01,0.661,-413.14,30.44
46288,141.592957,-1.464066,6.01,1.313,-1.37,-5.23
48341,147.808433,-4.243281,6.01,0.171,13.76,-28.25
50536,154.820332,-12.528100,6.01,0.258,-17.73,-13.01
50635,155.129934,54.216854,6.01,1.128,-34.89,-6.03
51213,156.912441,9.762411,6.01,-0.043,7.85,-6.27
51905,159.069489,-16.344333,6.01,1.638,-30.43,2.93
54136,166.130332,38.241361,6.01,0.165,-72.10,1.36
59364,182.692095,27.281529,6.01,0.123,-10.44,-9.60
63490,195.136288,-33.505092,6.01,0.386,-74.19,-71.81
63584,195.446467,63.610163,6.01,0.427,-171.55,25.53
64212,197.411347,37.423132,6.01,1.169,-105.99,5.86
64979,199.767803,35.127935,6.01,0.277,-29.97,17.54
66015,203.011943,-18.728836,6.01,0.196,-96.54,-17.83
68279,209.666438,14.649417,6.01,1.430,-62.85,-58.63
70949,217.689119,4.772317,6.01,1.421,1.14,-12.70
75674,231.911957,25.101657,6.01,1.654,5.74,-12.72
77358,236.872536,-37.915792,6.01,0.715,-416.81,-213.86
85333,261.579207,7.595669,6.01,0.592,0.02,-7.82
86527,265.243948,-32.214448,6.01,1.673,-2.03,-6.55
87445,268.019708,39.981964,6.01,1.341,-12.64,51.50
88190,270.151573,33.213739,6.01,1.516,-4.12,-23.61
89827,274.966964,29.666383,6.01,1.319,-2.46,3.56
98575,300.349338,-22.737279,6.01,0.981,9.86,-11.60
99579,303.132214,51.463602,6.01,1.139,-14.99,-15.31
102080,310.317557,14.582879,6.01,1.235,-8.52,0.39
102805,312.407233,12.544891,6.01,0.420,54.06,97.46
103734,315.303613,36.026025,6.01,0.994,-3.86,-6.36
105891,321.687312,52.898525,6.01,-0.109,15.62,5.02
111314,338.261233,69.913372,6.01,0.334,128.63,71.24
112998,343.265707,60.101023,6.01,1.748,12.75,2.24
117956,358.889520,47.355822,6.01,1.170,-10.83,-7.40
118071,359.265116,42.658238,6.01,0.712,5.21,-2.38
1196,3.744924,8.821023,6.02,0.312,97.67,-24.96
9220,29.638408,61.697816,6.02,-0.042,12.93,-11.41
14748,47.612682,26.896071,6.02,1.278,2.76,66.86
19261,61.924609,15.162843,6.02,0.397,127.06,-22.75
23377,75.393859,-39.718126,6.02,0.893,-4.39,33.25
24072,77.578355,37.301851,6.02,0.720,2.62,1.05
25482,81.749252,-68.622496,6.02,0.346,-10.85,-19.76
31852,99.888016,28.263158,6.02,-0.087,-5.66,-9.75
33614,104.761992,38.052615,6.02,1.218,-42.86,-122.69
34999,108.617731,-10.316249,6.02,-0.173,-3.85,1.55
35213,109.159906,-23.311053,6.02,0.317,-33.67,46.62
37823,116.325211,-43.752559,6.02,-0.069,-9.37,-2.77
38732,118.944148,-43.845058,6.02,-0.111,-12.42,1.40
39261,120.427057,60.324408,6.02,0.158,-33.56,-22.24
41224,126.178194,42.005218,6.02,1.591,9.02,9.84
43620,133.265844,-56.649574,6.02,-0.023,-22.86,36.45
45418,138.823576,-58.388380,6.02,-0.101,-17.25,1.14
45481,139.016808,-44.898734,6.02,0.269,-5.59,4.44
48414,148.051130,2.453899,6.02,-0.040,-185.01,95.35
50174,153.624324,21.168233,6.02,0.573,-143.16,-72.05
52366,160.546957,31.697043,6.02,1.617,-3.18,-18.84
55564,170.713544,64.330427,6.02,0.085,-4.48,35.35
57240,176.054883,25.218304,6.02,1.533,-13.62,9.75
60771,186.853523,-63.788960,6.02,0.052,-13.81,-10.90
61936,190.391457,62.713082,6.02,0.051,-30.71,-17.68
61951,190.456271,-19.759134,6.02,0.397,-179.95,17.10
62757,192.903794,3.056739,6.02,1.288,-36.59,20.08
67005,205.978315,52.064427,6.02,0.017,-19.56,-5.79
69090,212.115446,-74.850723,6.02,0.581,-242.32,180.31
71277,218.660491,36.626177,6.02,1.379,-24.54,-46.60
74421,228.141697,-72.770561,6.02,-0.002,-14.43,-15.72
76935,235.655131,-49.489499,6.02,1.315,-4.14,-22.55
79601,243.639442,73.394808,6.02,0.063,-10.86,34.33
81873,250.842139,-67.432311,6.02,0.037,15.60,-31.10
81911,250.965579,34.038663,6.02,0.321,-72.92,57.56
82037,251.373653,1.020145,6.02,-0.012,-3.84,6.63
90651,277.444779,-14.582023,6.02,0.006,21.87,15.08
90759,277.762297,-41.913757,6.02,0.138,-2.99,-31.45
91373,279.526966,39.668305,6.02,1.444,6.69,8.60
91915,281.076105,61.048096,6.02,0.967,0.12,19.41
94382,288.153018,21.554560,6.02,0.069,14.51,4.79
94755,289.214145,46.998393,6.02,0.479,-10.10,291.80
102011,310.074490,60.504813,6.02,0.443,13.73,185.72
102033,310.151101,29.805447,6.02,0.163,20.61,43.05
106171,322.584621,52.957958,6.02,0.080,21.00,16.65
107423,326.370022,-71.008822,6.02,-0.099,13.09,-11.43
108626,330.100930,-55.883451,6.02,-0.061,23.69,-14.44
116097,352.862174,-44.843529,6.02,1.014,45.30,-20.42
3604,11.544996,44.861508,6.03,-0.063,17.64,-4.56
5074,16.219251,5.656301,6.03,1.525,29.08,-16.31
7387,23.811290,-58.139394,6.03,0.382,284.01,-33.05
13387,43.078942,-62.909598,6.03,1.249,61.96,6.27
15353,49.495789,-66.926885,6.03,0.133,57.15,13.07
15850,51.042143,12.629642,6.03,1.227,25.97,-21.32
16181,52.110696,22.804277,6.03,0.951,0.02,-111.40
23380,75.400099,61.078432,6.03,0.448,16.40,-179.31
24384,78.472224,-52.030721,6.03,1.392,0.20,-13.99
26427,84.363984,-5.938386,6.03,-0.210,2.51,-2.18
27421,87.093178,20.869524,6.03,-0.051,8.19,-17.88
28154,89.233823,24.249696,6.03,0.346,1.45,-2.71
30794,97.060358,70.535291,6.03,0.103,-0.76,11.81
31617,99.257874,-38.146616,6.03,1.030,-1.52,45.24
33044,103.264752,35.788008,6.03,1.455,-1.62,-5.44
33243,103.745501,-2.803587,6.03,1.102,-5.25,-0.45
33444,104.304685,57.563249,6.03,1.495,13.15,15.61
34780,108.008256,-63.190054,6.03,-0.011,-2.30,-1.98
38325,117.773961,54.129111,6.03,0.496,-40.30,53.28
38394,117.986679,19.325178,6.03,1.125,-48.52,-38.20
38868,119.316173,8.641276,6.03,1.000,-3.43,-23.23
40231,123.248903,16.514349,6.03,0.890,-10.85,-12.03
41214,126.151752,-4.716863,6.03,0.460,25.73,-56.30
42895,131.125200,-65.825682,6.03,0.217,-63.56,104.15
53465,164.060447,42.008392,6.03,1.123,14.40,-97.54
53791,165.086510,42.912021,6.03,0.584,-107.87,-122.13
60467,185.946148,42.542709,6.03,0.366,-80.13,14.40
60599,186.312804,23.926302,6.03,1.094,56.82,-41.09
70325,215.834434,-50.772234,6.03,1.360,-11.72,-7.18
71530,219.444986,-67.931328,6.03,0.506,-348.26,-281.37
74000,226.834761,18.441947,6.03,0.073,43.15,-49.97
79490,243.320724,-53.671164,6.03,1.965,-3.95,-3.14
82259,252.112438,-14.909400,6.03,0.192,-17.12,-8.79
84792,259.972301,-17.756479,6.03,0.040,-3.16,-26.60
87532,268.239993,-35.624183,6.03,0.342,9.28,-54.04
88020,269.676322,36.287916,6.03,0.949,6.61,-49.09
89637,274.401038,-34.107235,6.03,-0.096,-5.30,-9.31
94598,288.761202,20.203150,6.03,0.895,4.02,-11.20
95002,289.971002,11.534911,6.03,0.087,42.44,22.14
95408,291.125720,-27.865906,6.03,-0.117,11.07,-16.26
96387,293.951256,36.944543,6.03,-0.080,3.92,-1.69
98143,299.183929,36.250599,6.03,-0.140,1.21,-0.18
101160,307.574796,10.895916,6.03,-0.019,19.25,3.52
111869,339.893018,37.592814,6.03,0.854,11.22,1.16
113044,343.407251,-48.598088,6.03,0.621,216.70,-81.49
117880,358.659752,-40.300137,6.03,0.572,367.44,30.51
117957,358.891013,57.412169,6.03,0.155,-3.13,-0.44
2789,8.888816,-54.821748,6.04,1.001,22.48,-51.27
3988,12.818273,61.805498,6.04,1.880,-2.03,-1.87
5824,18.676666,6.995196,6.04,1.081,-13.62,-24.67
5936,19.078760,33.114807,6.04,1.163,27.97,-35.89
9568,30.737675,77.916275,6.04,1.107,-5.33,-5.03
12862,41.336940,4.711730,6.04,0.312,69.35,-41.63
22144,71.481229,-39.356573,6.04,1.065,-58.13,-18.99
22354,72.185940,3.588564,6.04,1.200,-1.25,-15.39
23643,76.227191,-3.039672,6.04,-0.117,1.61,-0.98
23777,76.653048,-13.122658,6.04,-0.030,20.17,14.81
26264,83.900544,-78.820883,6.04,-0.018,12.55,18.18
26712,85.149628,31.358219,6.04,0.037,-5.00,-8.87
27341,86.862074,-10.532917,6.04,0.135,-11.46,-16.97
27778,88.167001,33.917441,6.04,1.579,18.21,8.50
28500,90.251891,27.572367,6.04,0.218,0.53,-1.89
28520,90.304605,-25.417712,6.04,0.027,-12.13,-20.70
28637,90.702456,49.905785,6.04,-0.033,14.37,-43.75
29371,92.866304,13.638604,6.04,0.021,-4.90,-17.81
29993,94.703293,-15.024994,6.04,1.663,0.99,16.67
32368,101.347405,-23.462489,6.04,1.205,-19.70,23.38
36017,111.333235,-21.982598,6.04,0.227,-1.61,2.98
40818,124.957701,3.948086,6.04,0.964,26.42,-22.09
42049,128.555614,8.452374,6.04,0.332,6.45,-14.42
44213,135.092761,-43.173992,6.04,-0.154,-8.89,0.51
45033,137.586902,21.996405,6.04,0.890,3.50,4.44
45058,137.661689,30.963219,6.04,1.373,-9.41,-33.05
45814,140.123679,-37.581635,6.04,1.396,-17.36,-21.77
51551,157.953051,-28.237092,6.04,0.501,-81.10,-4.58
51560,157.986059,-45.069656,6.04,-0.096,-19.96,-1.70
52113,159.710170,-12.443642,6.04,-0.007,-46.88,10.15
58453,179.795322,-51.696748,6.04,1.277,-15.46,-5.21
64994,199.829140,-72.035478,6.04,1.341,-5.64,-51.40
67271,206.805850,-9.709350,6.04,1.418,-0.29,-43.20
71581,219.580567,-38.794134,6.04,1.422,42.25,-20.85
76372,233.972448,11.265685,6.04,1.125,-32.98,-11.83
78046,239.028482,-39.864321,6.04,0.130,4.05,-17.70
78286,239.768235,49.881178,6.04,0.289,21.48,-55.61
80021,245.017877,21.132737,6.04,0.938,-23.66,-51.93
83138,254.839873,56.688505,6.04,1.165,-52.85,36.63
85788,262.954569,-46.036776,6.04,0.805,2.53,-2.62
86178,264.153022,30.785193,6.04,0.158,30.58,-5.66
89279,273.270099,38.773475,6.04,-0.057,-6.68,7.54
91852,280.900392,36.556465,6.04,1.040,21.54,57.61
92008,281.297910,-61.095139,6.04,1.484,24.25,-23.55
92394,282.431985,-72.995713,6.04,0.033,2.07,-4.11
93354,285.229990,33.802150,6.04,0.983,5.64,3.11
97087,295.964363,34.162715,6.04,-0.071,6.39,3.95
97515,297.298039,-28.788733,6.04,0.403,119.95,-98.62
97674,297.754560,-65.604703,6.04,0.317,99.70,-158.12
103301,313.919344,4.532696,6.04,0.824,60.96,11.26
103777,315.438624,-26.880934,6.04,0.073,15.24,-24.68
109624,333.107257,-14.193841,6.04,0.386,26.09,-47.47
110498,335.752073,62.419328,6.04,0.035,19.59,11.99
113137,343.664822,-70.073887,6.04,0.660,-43.19,73.20
115272,350.208891,-50.306379,6.04,0.423,49.67,-74.02
2224,7.052886,16.445101,6.05,1.580,18.37,-14.57
2235,7.083467,10.190341,6.05,0.447,32.79,-203.14
3356,10.678708,-38.463467,6.05,-0.024,2.49,-6.25
8366,26.944539,-80.176169,6.05,0.338,-71.73,-58.41
10054,32.356017,81.295928,6.05,0.118,-34.14,7.13
10403,33.510536,47.484387,6.05,0.406,-82.13,-60.10
10438,33.621265,66.524442,6.05,0.641,-6.91,-5.56
13402,43.132878,-12.769254,6.05,0.862,398.11,-189.55
13713,44.138769,47.164004,6.05,1.305,-2.78,1.05
14315,46.158548,1.863606,6.05,1.045,26.17,-0.68
17921,57.479408,22.244263,6.05,-0.006,23.88,-45.90
18485,59.265841,23.175591,6.05,0.031,8.95,-16.98
18592,59.678641,-57.102388,6.05,0.439,25.85,11.55
19730,63.436697,72.126230,6.05,1.019,8.51,-34.13
21611,69.590602,-77.655978,6.05,1.080,-7.03,-10.49
23442,75.582450,74.269269,6.05,1.562,11.83,40.76
25007,80.320252,-34.345066,6.05,-0.176,0.57,6.20
26942,85.756906,56.581453,6.05,0.951,16.09,28.70
29843,94.264661,-22.714601,6.05,0.576,127.42,-258.64
30272,95.514826,59.372098,6.05,0.153,-5.55,0.60
30570,96.387260,23.327209,6.05,0.020,-5.97,-16.60
30711,96.797821,-25.855972,6.05,0.545,-171.52,-215.83
31646,99.350179,6.135381,6.05,0.018,-1.84,0.68
31859,99.900924,-23.695643,6.05,-0.031,4.40,-7.84
33094,103.390646,-28.538720,6.05,0.708,282.83,-441.94
36395,112.341569,-14.998095,6.05,0.479,-187.77,-231.28
37580,115.681696,34.000225,6.05,0.469,-83.50,-2.81
38370,117.918179,-42.888222,6.05,-0.181,-6.44,8.14
38975,119.631148,16.518690,6.05,1.468,-7.30,-4.35
39067,119.896113,13.242205,6.05,1.325,-20.60,-16.16
41373,126.605174,-52.807502,6.05,0.062,-37.95,1.04
41574,127.153352,24.145051,6.05,0.246,-39.17,-47.96
42794,130.801287,-79.070150,6.05,0.229,-30.83,28.12
45127,137.920613,-39.258871,6.05,-0.108,-20.70,10.71
46093,140.997245,-51.737091,6.05,0.528,-4.71,4.40
46114,141.067816,-39.425439,6.05,0.193,12.96,-26.01
46328,141.684088,-64.929857,6.05,0.147,-63.33,64.17
48119,147.166913,-56.411926,6.05,0.937,-58.39,14.77
48876,149.531753,8.314045,6.05,1.357,17.59,-27.03
50109,153.457184,27.135827,6.05,0.844,-28.99,-3.32
51302,157.183166,-3.742316,6.05,0.059,0.69,-28.28
52959,162.473890,27.973872,6.05,0.399,-10.54,31.22
55595,170.824892,0.132069,6.05,1.464,-39.64,-7.97
56364,173.311712,-16.280273,6.05,0.590,19.99,-44.13
57214,175.979531,-6.677061,6.05,0.960,56.23,-41.77
57646,177.311522,16.243013,6.05,0.278,38.16,-53.99
58041,178.547965,-57.410191,6.05,0.050,-9.67,-2.82
58697,180.586150,-85.631761,6.05,1.290,-56.44,1.55
59551,183.195966,-70.151787,6.05,1.780,-7.65,-0.27
59895,184.264011,-16.693741,6.05,0.113,-49.20,2.07
60851,187.080462,-64.340961,6.05,0.022,-36.16,-11.79
61103,187.839284,7.604283,6.05,1.523,-20.97,10.66
64320,197.743608,-52.566854,6.05,-0.079,-35.20,-17.88
67890,208.569799,-28.569429,6.05,1.129,-168.90,-66.42
72310,221.806909,-21.324878,6.05,1.649,-13.90,2.82
74716,229.043615,-43.484978,6.05,-0.128,-7.82,-7.76
76608,234.675701,-39.127747,6.05,0.204,15.37,5.22
77454,237.210063,-52.438227,6.05,1.385,2.24,-11.83
81440,249.506493,-6.537992,6.05,0.165,-7.45,-9.23
81904,250.948349,-38.156241,6.05,-0.054,-9.72,-43.20
83100,254.717725,-37.620415,6.05,0.179,10.23,-38.08
83255,255.243508,-86.364297,6.05,0.043,8.21,0.00
85783,262.934896,-26.269654,6.05,-0.065,-2.83,-22.57
86462,264.989686,31.202443,6.05,1.599,-9.41,11.15
87516,268.205091,-34.114821,6.05,1.241,2.37,-4.83
87722,268.783454,-36.475633,6.05,0.074,2.88,-5.22
89470,273.878182,-18.661572,6.05,0.165,0.53,-2.15
93925,286.878505,-28.636782,6.05,1.579,-0.03,-7.67
100232,304.930169,-1.078593,6.05,1.093,41.59,32.39
104217,316.717468,38.734414,6.05,1.309,4107.40,3143.72
104914,318.777581,-17.345090,6.05,0.978,-0.04,-19.86
105432,320.341368,32.612768,6.05,0.062,14.40,-14.29
2852,9.028761,-22.842211,6.06,0.297,-71.44,-50.35
3269,10.399897,24.629065,6.06,0.298,104.68,-23.40
3489,11.131348,-62.497606,6.06,0.446,103.16,6.29
4979,15.953986,1.366945,6.06,0.271,122.42,-40.69
13832,44.509716,38.614969,6.06,1.403,-5.01,-17.76
14365,46.337623,40.582191,6.06,1.011,-25.04,-4.29
17437,56.026781,48.523685,6.06,1.552,0.02,-12.02
19823,63.757493,57.460363,6.06,0.600,-3.09,-0.49
20715,66.587920,8.590282,6.06,-0.010,3.43,-5.46
21239,68.342027,-10.785407,6.06,1.379,-0.82,30.04
22488,72.567430,-41.321010,6.06,0.408,-3.02,66.56
22842,73.713436,44.060998,6.06,-0.032,21.34,-56.40
35442,109.758005,-19.280311,6.06,0.612,-2.47,3.06
37248,114.751398,-53.273380,6.06,-0.118,-17.58,9.42
37843,116.371424,-14.690485,6.06,0.110,-15.08,-21.41
38319,117.759872,33.233636,6.06,0.150,-17.78,7.02
48835,149.427524,-48.414070,6.06,-0.127,-9.34,-1.84
50851,155.751904,6.542884,6.06,1.119,-16.27,-98.74
53818,165.170151,-31.839619,6.06,0.527,-77.49,102.97
55140,169.329257,-67.823499,6.06,1.753,14.18,-6.64
59898,184.276517,-65.692936,6.06,0.021,-37.57,-9.34
62026,190.707482,-55.946961,6.06,-0.023,-34.64,-16.52
64790,199.187692,-65.138126,6.06,0.431,-98.97,-54.65
65289,200.719253,-72.146674,6.06,0.049,-17.73,-15.46
70874,217.404476,-76.729014,6.06,1.180,-27.54,-28.27
70892,217.457018,31.791171,6.06,-0.013,-19.80,7.01
71639,219.795894,-46.583956,6.06,0.508,-198.09,-215.82
72122,221.298917,-1.417527,6.06,1.608,-56.73,-0.71
73107,224.128620,-32.636710,6.06,1.413,-3.44,-30.61
79622,243.722651,-25.476922,6.06,0.027,-9.79,-22.09
80558,246.708594,2.347984,6.06,0.919,20.93,-16.42
82780,253.758954,25.730728,6.06,0.921,20.13,-19.42
83504,255.991787,13.567736,6.06,1.050,22.66,-130.21
83853,257.056901,-1.079378,6.06,0.074,-10.55,-40.37
89597,274.253827,-51.068244,6.06,-0.046,0.91,-10.85
92098,281.554203,41.441811,6.06,-0.120,0.98,-0.14
92243,281.989054,31.756845,6.06,-0.139,0.10,-3.85
95167,290.417671,79.602894,6.06,0.072,22.75,-26.33
95978,292.751211,70.989259,6.06,1.416,-10.91,32.98
97892,298.397413,59.708525,6.06,0.033,42.12,55.57
102989,312.994818,-33.177960,6.06,0.029,7.09,-5.62
103414,314.294043,0.463932,6.06,1.217,11.81,-62.98
107173,325.637281,10.824345,6.06,-0.115,17.39,-12.57
108494,329.682402,-21.182929,6.06,1.621,27.77,-6.28
112127,340.679391,-44.248122,6.06,0.956,33.74,35.43
117105,356.104180,-70.490376,6.06,0.910,245.19,61.31
544,1.652210,29.021935,6.07,0.752,379.94,-178.34
1465,4.571939,11.206283,6.07,1.036,-32.75,-28.60
4185,13.367563,37.418317,6.07,1.139,11.25,-44.41
5483,17.547620,15.673971,6.07,1.535,20.41,-24.51
6522,20.945066,78.726048,6.07,0.389,-4.29,3.24
8983,28.943608,-60.861137,6.07,0.356,14.17,66.77
9999,32.190282,-17.779104,6.07,1.661,-10.90,-21.00
12160,39.179377,31.607666,6.07,1.052,-25.35,0.47
12584,40.451387,-3.213777,6.07,1.175,-11.04,-12.48
15118,48.735608,42.503619,6.07,1.093,52.72,7.23
15870,51.108812,20.803513,6.07,-0.028,2.55,-9.84
19302,62.064424,37.727972,6.07,0.943,-100.33,-197.03
29569,93.438931,51.172624,6.07,1.051,-2.07,-63.63
29728,93.917406,6.066208,6.07,-0.124,-0.79,-17.38
32504,101.756219,-21.015417,6.07,-0.159,-15.17,6.24
34768,107.964127,5.654715,6.07,-0.016,-12.25,-5.19
38147,117.257558,13.371888,6.07,1.367,38.53,-7.86
40341,123.545997,-32.140728,6.07,-0.159,-7.01,6.79
41361,126.573901,-39.058975,6.07,-0.009,-7.92,7.76
43002,131.455414,-25.388106,6.07,0.084,-26.32,7.64
43822,133.873352,-7.971089,6.07,0.220,7.71,-26.34
44342,135.453673,27.902783,6.07,0.243,-64.19,-77.89
49926,152.897866,-58.827827,6.07,1.647,-24.57,26.79
50044,153.254852,-59.918094,6.07,-0.072,-15.31,2.60
51448,157.611057,64.257813,6.07,0.178,-50.85,-50.74
54294,166.622081,-58.675036,6.07,1.210,-10.06,5.86
54540,167.416324,67.210275,6.07,0.225,-87.45,-27.39
59353,182.640759,-37.870268,6.07,0.190,46.10,-33.24
60992,187.517601,58.767810,6.07,0.988,31.19,-14.92
65951,202.816008,42.106086,6.07,1.075,-95.49,27.69
69241,212.628797,-70.305450,6.07,1.718,-5.89,-5.84
69298,212.758051,-69.719268,6.07,0.190,-31.27,-20.52
71154,218.290098,-30.714972,6.07,1.030,40.41,-39.68
72308,221.802469,-52.205249,6.07,0.084,-6.64,-2.93
74493,228.330076,-19.647454,6.07,0.124,-48.01,-48.64
75369,231.021368,45.271025,6.07,1.212,-14.52,2.34
77801,238.300781,13.197991,6.07,0.598,-150.56,-562.69
78575,240.664163,-29.135777,6.07,1.304,34.54,-9.53
78685,240.940472,4.986792,6.07,0.960,-38.08,17.25
80910,247.845288,-26.537552,6.07,1.085,-28.16,-37.56
81670,250.252517,24.858700,6.07,1.316,-34.48,2.02
81728,250.400891,-24.467939,6.07,0.214,-54.70,-9.49
82012,251.299175,43.217292,6.07,1.415,-8.63,-50.54
82162,251.790666,2.064563,6.07,0.140,-11.00,-15.19
82691,253.541925,-41.825033,6.07,0.126,0.42,-2.86
83481,255.923681,-47.160584,6.07,0.072,-0.30,5.28
89096,272.768364,-47.513048,6.07,1.193,-2.92,-29.98
90487,276.959675,3.748590,6.07,1.610,-1.97,-8.09
91196,279.055190,65.488514,6.07,0.279,20.28,83.43
93720,286.242800,30.733448,6.07,1.575,21.82,-21.53
98959,301.381195,-67.319257,6.07,0.648,844.55,-674.69
101949,309.888797,40.579656,6.07,-0.134,6.67,0.84
103703,315.215768,-17.530855,6.07,1.267,-31.09,-17.44
104538,317.630477,10.048880,6.07,0.022,-0.23,17.23
104765,318.360105,36.633262,6.07,0.223,0.44,0.60
105558,320.675133,30.309864,6.07,1.079,38.64,7.54
106938,324.867056,-10.576769,6.07,1.034,27.36,-52.30
107097,325.392786,40.805338,6.07,0.068,-17.45,-47.70
112635,342.184332,62.938531,6.07,1.194,13.87,-49.67
116030,352.664743,38.662212,6.07,0.992,30.97,17.08
116737,354.866354,-46.637898,6.07,0.240,22.44,40.99
1939,6.123622,-2.218961,6.08,1.216,-34.51,-42.42
4366,13.993843,27.209354,6.08,0.133,-19.87,11.09
14819,47.828245,-3.811555,6.08,1.670,-4.25,-16.65
20109,64.666587,-52.860275,6.08,0.489,45.84,73.10
20347,65.380380,-25.728457,6.08,0.371,37.06,-50.38
23743,76.550581,59.021403,6.08,1.112,-1.83,-26.15
24349,78.381472,1.967684,6.08,0.421,6.06,-0.05
25532,81.902038,-21.375791,6.08,1.032,18.41,32.16
26363,84.218414,40.182385,6.08,1.032,-4.33,-4.18
28677,90.824472,42.911887,6.08,0.979,104.99,-132.78
29347,92.806900,-26.482114,6.08,-0.021,0.82,5.42
31168,98.096973,11.673606,6.08,1.069,1.64,-35.37
40085,122.819180,9.821269,6.08,-0.104,-6.92,-15.99
41262,126.270397,35.011436,6.08,1.261,-12.43,-11.14
44315,135.380849,5.640995,6.08,1.111,-29.30,-3.92
48396,147.998027,-16.534611,6.08,1.035,13.18,-67.52
50292,154.037550,-11.203417,6.08,1.096,-23.72,-0.67
52150,159.816407,-74.493384,6.08,1.683,-18.48,0.08
53379,163.754335,-42.251092,6.08,-0.061,-45.98,-2.52
59396,182.771863,-61.277380,6.08,0.398,-115.80,-18.38
68673,210.864559,-41.423305,6.08,-0.112,-33.79,-16.51
73309,224.720802,-4.988995,6.08,0.509,-358.55,-107.53
81659,250.213996,12.395057,6.08,0.046,-30.61,-5.51
83494,255.973420,34.790237,6.08,0.200,-60.78,-6.13
84311,258.555854,-56.888512,6.08,1.728,4.22,-5.91
84524,259.178137,-6.244957,6.08,1.100,-8.86,-7.58
86476,265.049777,-2.152276,6.08,1.608,-6.55,-10.32
87926,269.423676,-76.177946,6.08,1.205,1.16,-1.34
92524,282.842322,-3.317805,6.08,0.299,0.60,-21.29
93966,286.988675,16.854125,6.08,0.705,65.61,-304.46
95898,292.543890,2.904076,6.08,1.820,2.26,-1.20
96882,295.405183,-65.854239,6.08,1.556,14.47,-71.82
97028,295.789981,30.677880,6.08,0.003,2.53,4.30
100764,306.450036,-40.795973,6.08,1.364,-105.35,-86.76
101919,309.794290,21.817406,6.08,-0.043,30.19,15.86
105860,321.610887,19.375598,6.08,0.235,80.23,17.28
109276,332.071902,25.543612,6.08,0.311,-26.97,-36.91
115433,350.736161,-60.055830,6.08,1.603,82.77,-5.34
117075,356.004383,-45.083128,6.08,0.978,325.70,1.93
117340,356.887703,46.832577,6.08,-0.135,1.21,-5.01
394,1.221728,34.659553,6.09,0.632,769.11,100.49
5121,16.403753,-9.979239,6.09,1.012,-30.48,-34.24
8820,28.346153,-38.594703,6.09,1.125,128.67,29.48
9295,29.857835,12.294957,6.09,0.186,7.90,-33.42
9318,29.921165,-66.066573,6.09,1.176,34.00,6.20
10176,32.720143,39.039578,6.09,-0.054,-7.99,-21.52
11603,37.397327,9.565624,6.09,1.022,-2.17,2.01
12611,40.535147,-46.524212,6.09,0.876,9.99,-94.30
15988,51.489003,49.120823,6.09,-0.073,22.75,-27.12
17453,56.117445,20.928770,6.09,0.028,26.61,-13.80
17707,56.883832,55.922049,6.09,-0.020,27.11,-36.61
18481,59.257068,6.040132,6.09,0.058,37.24,-67.99
19641,63.130519,17.277507,6.09,1.081,49.14,-19.59
20106,64.656080,-22.969828,6.09,0.302,51.96,43.85
21242,68.353746,43.063880,6.09,0.370,5.65,5.34
21298,68.559196,-6.837717,6.09,1.384,-23.27,-37.78
22034,71.054214,40.786511,6.09,0.040,11.13,-23.13
22441,72.433665,15.904238,6.09,1.551,3.90,-6.92
23216,74.943089,53.155478,6.09,1.462,-13.21,-11.22
25216,80.907176,16.699352,6.09,0.141,-27.50,-21.87
25317,81.231579,-44.225705,6.09,1.195,-2.00,8.59
27118,86.257493,4.008194,6.09,0.320,-11.00,-34.02
28686,90.853228,11.681077,6.09,-0.035,-11.84,-5.03
29705,93.858985,-9.035751,6.09,-0.081,-13.31,-2.47
29789,94.079394,23.970048,6.09,0.897,-13.64,-8.59
31813,99.772049,22.030940,6.09,1.027,13.23,-24.20
34142,106.196010,-22.031602,6.09,1.225,14.49,-35.48
34253,106.509418,-38.382888,6.09,0.702,6.64,14.23
34318,106.718682,-24.960581,6.09,1.341,-12.51,3.76
37406,115.206491,57.082875,6.09,1.440,-24.11,-4.35
38845,119.240884,-42.406515,6.09,1.361,21.49,16.42
39340,120.628429,63.090340,6.09,0.580,-12.01,-13.79
43204,132.020288,-6.558761,6.09,1.282,13.95,-32.15
48017,146.825569,79.136730,6.09,0.303,-29.88,-20.44
49293,150.920793,-9.573770,6.09,1.671,-6.32,-9.17
51676,158.355822,-58.190157,6.09,0.325,-7.75,3.39
51816,158.793541,-43.664662,6.09,0.940,-46.01,30.87
54214,166.391582,-11.088727,6.09,0.301,25.80,-71.37
55979,172.076929,-72.473969,6.09,0.101,-25.85,-3.45
56789,174.639763,46.834276,6.09,0.401,-35.43,-27.36
60603,186.326705,-27.748999,6.09,1.272,2.41,-1.23
65783,202.283267,-64.675777,6.09,0.117,-60.73,-7.09
68431,210.136891,-78.589959,6.09,0.007,-14.19,-9.03
69491,213.416013,-54.625600,6.09,0.051,-18.03,-11.15
72965,223.677461,-65.991066,6.09,-0.061,-6.38,-12.23
74479,228.281993,-36.091370,6.09,-0.081,-22.90,-22.85
79332,242.869735,16.665679,6.09,0.020,2.15,5.75
79692,243.964546,-14.849119,6.09,0.098,6.56,1.45
80788,247.438427,-57.756317,6.09,1.459,-2.41,-2.30
84489,259.090341,-35.749465,6.09,0.479,-111.08,-342.47
85302,261.476555,16.917538,6.09,1.528,-13.95,16.44
86064,263.832964,-53.352884,6.09,0.025,-6.28,-18.27
86311,264.535189,-42.880203,6.09,-0.057,-4.66,-29.62
87174,267.158683,-55.401827,6.09,0.283,-21.39,34.56
87379,267.795962,-53.130270,6.09,0.010,15.79,0.65
87404,267.935630,-45.600687,6.09,0.949,11.16,-7.98
87744,268.848407,55.971091,6.09,0.316,35.70,124.46
89023,272.536369,16.476617,6.09,0.574,-1.65,-11.42
93134,284.588799,-31.035856,6.09,1.347,-46.95,-48.81
94929,289.750626,-15.535886,6.09,1.420,-88.85,-281.33
95235,290.638961,33.518235,6.09,1.052,3.44,-29.87
95929,292.637978,3.444400,6.09,-0.019,13.17,1.39
99762,303.612323,-63.415864,6.09,0.308,-39.21,30.80
100325,305.193844,-14.784893,6.09,-0.016,42.64,0.37
100486,305.655471,31.265021,6.09,1.363,-8.47,-22.64
101017,307.194734,-35.595813,6.09,-0.094,1.69,-20.76
101626,308.965287,-69.610478,6.09,1.293,30.71,-44.55
105768,321.325053,-71.799073,6.09,1.265,17.40,4.88
113234,343.964760,-31.633205,6.09,1.358,-13.79,-10.96
117420,357.135331,-6.380377,6.09,1.452,1.42,-20.20
117931,358.819061,-31.921469,6.09,-0.093,17.66,0.84
1501,4.675625,43.791148,6.10,-0.074,23.31,-2.72
4501,14.415149,45.839395,6.10,1.028,11.25,-6.63
9085,29.248567,-51.766850,6.10,0.487,348.83,249.36
14392,46.417289,56.069025,6.10,1.049,17.36,-24.31
17475,56.170461,46.099871,6.10,0.291,-1.55,-23.73
20781,66.774654,-46.946836,6.10,0.470,66.47,-275.40
22955,74.083695,36.168546,6.10,0.352,0.12,-3.86
23617,76.165221,74.066994,6.10,0.018,7.03,-15.94
23680,76.348810,1.177636,6.10,3.332,3.88,-3.81
25098,80.592300,-56.134454,6.10,-0.091,-5.02,21.84
26300,84.011889,-47.313727,6.10,1.159,-8.71,-7.97
26315,84.066446,47.715338,6.10,0.295,14.38,-19.63
26395,84.286501,-11.775460,6.10,0.051,20.52,-22.66
32332,101.231974,-70.433773,6.10,1.335,-15.57,5.94
33041,103.255886,38.869140,6.10,0.406,-3.40,7.20
34338,106.777003,4.910598,6.10,-0.129,-16.25,-6.74
34782,108.017163,-30.821421,6.10,0.273,-43.60,23.11
37854,116.398005,-56.722597,6.10,0.397,-3.99,10.95
42928,131.229848,-21.167836,6.10,0.195,-24.66,4.12
43351,132.458908,-72.551260,6.10,0.185,-6.36,8.07
44708,136.641836,-55.802429,6.10,-0.132,-9.56,7.04
45184,138.108562,-7.109880,6.10,0.232,-19.81,21.56
48218,147.458841,21.179458,6.10,0.257,-43.98,-14.42
51245,157.008661,-49.405692,6.10,1.506,19.10,-44.93
51795,158.740678,-23.176330,6.10,0.496,-99.70,34.01
52112,159.709705,-42.753414,6.10,0.661,-19.46,-12.22
55528,170.596446,-44.645847,6.10,0.926,-44.80,-31.72
57211,175.970101,-62.878243,6.10,0.063,13.47,-15.26
60591,186.285937,-42.514258,6.10,0.652,-134.49,-22.30
64496,198.302239,18.727128,6.10,1.201,-216.03,-49.28
65376,200.974662,37.033948,6.10,1.637,14.63,-11.14
65892,202.607076,-6.470295,6.10,0.341,44.20,12.32
67714,208.076625,12.165159,6.10,0.042,26.88,-9.71
69623,213.755325,-29.281869,6.10,0.040,-37.72,-14.42
70270,215.661333,-48.319846,6.10,-0.130,-6.27,-4.42
70952,217.692915,63.185764,6.10,0.428,-177.43,9.85
72097,221.231541,-58.477389,6.10,1.013,-85.63,-42.23
72121,221.295692,-55.601622,6.10,-0.066,-6.47,-7.72
73354,224.863342,-43.159812,6.10,0.597,-9.78,-8.49
75742,232.113387,-51.597922,6.10,1.067,-2.55,-4.88
76337,233.888656,17.655587,6.10,0.975,-77.08,-13.25
78355,239.975620,-54.020891,6.10,-0.016,-6.98,-8.01
78726,241.074329,-33.213635,6.10,0.338,-29.40,-34.06
82453,252.750159,-37.514481,6.10,0.124,-6.44,-12.60
87671,268.613003,-34.466711,6.10,0.055,1.90,-4.62
89527,274.023232,2.377586,6.10,1.550,-6.83,-28.61
91119,278.806261,34.458001,6.10,-0.115,2.83,8.41
91606,280.234990,62.749335,6.10,0.978,9.36,53.87
92551,282.902171,36.539099,6.10,-0.100,-5.19,-2.84
96724,294.937184,33.978908,6.10,0.094,-3.62,12.23
98044,298.841849,58.250376,6.10,1.021,20.19,-75.18
100758,306.427199,-2.800280,6.10,1.193,-4.95,-40.00
101221,307.768046,-15.056052,6.10,0.797,-39.47,-47.97
103646,314.998410,-36.129499,6.10,0.400,103.88,-58.20
103894,315.770108,38.657429,6.10,1.011,18.54,-6.06
105841,321.564326,-54.660554,6.10,0.366,1.24,38.69
106243,322.790074,12.137513,6.10,-0.047,18.11,-15.74
106703,324.203122,-33.047892,6.10,0.226,74.04,-1.89
107186,325.661701,49.600265,6.10,0.993,3.03,-3.30
107197,325.689050,59.270841,6.10,1.349,-4.33,1.44
107664,327.122256,38.648579,6.10,-0.072,24.01,-1.60
109509,332.759601,-21.232686,6.10,0.503,123.93,-42.66
109902,333.895969,-44.451494,6.10,0.988,6.85,-2.14
116307,353.481246,20.840970,6.10,1.654,-12.30,-15.15
365,1.152484,42.092561,6.11,0.159,-11.94,-12.73
696,2.139532,-17.578040,6.11,1.664,14.92,-47.27
1415,4.429440,51.433094,6.11,-0.151,-4.19,-1.62
2629,8.346772,-71.266215,6.11,0.265,73.49,-13.04
3685,11.806501,19.578686,6.11,0.270,107.75,6.66
4363,13.981373,-27.775827,6.11,1.674,10.75,-5.10
5993,19.271059,44.902090,6.11,1.590,11.75,-40.32
7271,23.413592,-78.504486,6.11,0.970,-30.96,-137.42
7361,23.711802,-31.892214,6.11,1.109,-69.78,-42.29
11524,37.147732,-31.102402,6.11,1.106,-36.49,-17.72
13997,45.049501,38.131808,6.11,-0.057,18.15,-27.76
14040,45.211981,-2.878641,6.11,1.751,7.41,9.65
14749,47.613482,-48.734096,6.11,1.118,16.73,-25.01
14821,47.841367,13.047803,6.11,1.038,-15.66,17.08
17181,55.192931,25.329526,6.11,0.097,9.58,-13.95
20255,65.104316,18.742725,6.11,0.404,119.59,-48.17
20765,66.737226,-24.081288,6.11,0.143,-6.88,-14.09
21718,69.946703,-1.052438,6.11,0.943,22.83,-8.78
22597,72.930759,9.975096,6.11,0.060,2.38,-7.30
22844,73.720516,-58.547818,6.11,0.442,100.99,68.25
22847,73.728409,-39.628661,6.11,1.423,-6.24,22.28
23511,75.827657,41.441653,6.11,0.188,-1.11,-2.86
24041,77.513585,-0.565199,6.11,1.098,2.14,-50.78
26414,84.330460,8.951880,6.11,-0.170,-0.59,-2.28
27937,88.671349,-49.627043,6.11,-0.148,-5.23,13.82
30407,95.899665,-9.874739,6.11,1.841,-2.82,4.80
31674,99.419947,-12.984812,6.11,0.994,9.26,-124.82
32775,102.504205,-60.249409,6.11,0.457,4.80,107.92
36807,113.553603,-33.463584,6.11,0.297,-55.92,63.25
38246,117.523641,-19.523562,6.11,1.265,-7.60,5.81
40324,123.494605,-36.340795,6.11,-0.185,-7.21,7.69
40926,125.281869,-64.105954,6.11,0.930,-7.58,-19.95
41163,125.980036,10.632116,6.11,1.507,3.69,-22.13
41319,126.458307,17.046638,6.11,0.448,-192.75,-152.48
41907,128.174482,-73.356965,6.11,0.946,-54.26,72.09
46840,143.172527,1.864239,6.11,0.614,-21.01,-36.05
48943,149.776330,-23.950783,6.11,-0.101,-23.22,5.30
49259,150.835853,-46.636165,6.11,0.041,-28.39,-10.77
54185,166.267265,-49.392326,6.11,-0.019,-36.36,11.03
54742,168.126601,-18.499800,6.11,-0.004,-19.65,-25.54
55106,169.242423,-7.134708,6.11,0.211,-7.15,7.68
59750,183.793911,-10.309940,6.11,0.470,31.97,-1012.44
61404,188.726932,-67.756889,6.11,1.514,-11.89,-2.40
62394,191.806731,11.958133,6.11,0.122,44.68,-18.39
62875,193.297129,-3.553090,6.11,0.493,-263.79,-3.45
63211,194.282513,46.176920,6.11,1.012,-9.40,-53.88
66086,203.200718,24.347210,6.11,0.969,66.50,-192.22
66574,204.690963,-70.444753,6.11,1.415,-65.71,-31.61
67696,208.004156,-31.619136,6.11,0.478,-32.13,-29.24
75342,230.931942,-1.022315,6.11,0.264,76.73,-28.21
77574,237.567837,-45.401633,6.11,0.299,39.58,-33.54
78078,239.138879,-14.829353,6.11,0.243,71.62,-35.20
80066,245.135948,-39.430235,6.11,-0.079,-14.10,-45.00
80514,246.547561,11.407461,6.11,1.065,-48.05,13.02
83359,255.565733,64.600655,6.11,0.960,-20.32,34.34
83575,256.207278,48.804132,6.11,1.091,26.77,-71.48
86118,263.998185,20.996278,6.11,0.184,6.71,-15.06
88127,270.014023,80.000524,6.11,0.521,54.58,130.47
93523,285.719238,19.661014,6.11,1.317,6.31,-1.53
94144,287.450551,-19.803456,6.11,1.156,24.01,-82.87
95965,292.725158,-21.312184,6.11,0.121,15.13,-22.03
97423,297.012537,-13.703555,6.11,0.193,25.57,-24.95
98485,300.110283,-43.043332,6.11,1.634,22.07,12.32
99913,304.082428,21.598763,6.11,1.039,8.10,-25.73
101507,308.548566,-13.721262,6.11,0.543,69.24,70.39
105370,320.139579,60.756454,6.11,1.005,-43.02,-19.80
105949,321.855426,59.750114,6.11,1.720,-21.73,-16.04
107140,325.534808,45.765745,6.11,1.415,0.55,-19.84
109303,332.170258,45.742138,6.11,0.763,-52.48,47.88
109659,333.219680,73.307143,6.11,1.006,21.48,20.59
111567,339.032908,35.577646,6.11,0.997,5.29,-58.50
113167,343.747809,1.064891,6.11,0.192,20.32,5.48
114258,347.098099,-79.480600,6.11,0.145,92.62,-36.52
1302,4.089586,43.595106,6.12,0.068,35.61,-23.43
1319,4.141905,8.240190,6.12,0.919,-28.01,-14.69
4829,15.507558,-57.002429,6.12,0.935,6.46,16.53
5170,16.532207,-23.992369,6.12,1.076,-41.03,-33.59
9586,30.793780,73.850565,6.12,0.162,-27.15,1.91
10138,32.600007,-50.825315,6.12,0.812,2092.84,654.32
14547,46.954162,-69.264957,6.12,1.011,-37.41,15.10
16310,52.556615,-41.369518,6.12,0.489,-10.40,-172.75
17120,54.998123,-1.121211,6.12,0.994,33.46,-6.42
19037,61.170383,-20.381830,6.12,1.157,17.14,-13.78
21363,68.752697,-19.921521,6.12,1.174,103.00,56.28
24820,79.811304,20.134660,6.12,1.020,-34.12,-26.54
28908,91.535933,35.388458,6.12,0.600,-124.24,-295.30
29931,94.523379,14.382848,6.12,0.035,-4.78,4.31
30468,96.085752,-12.961948,6.12,-0.076,-3.30,3.65
34924,108.401881,-27.356374,6.12,-0.234,-3.22,5.79
39225,120.346034,-54.515543,6.12,-0.044,-5.90,5.24
39524,121.172588,-19.728156,6.12,-0.154,-5.35,3.36
40859,125.070885,-5.329824,6.12,1.329,14.92,-43.27
40876,125.113995,-22.924680,6.12,1.039,-16.72,0.15
42455,129.842555,-36.606819,6.12,0.426,-165.53,54.98
42954,131.339269,30.697762,6.12,0.935,-3.27,-4.26
43580,133.128103,-13.232944,6.12,1.142,29.11,0.90
45858,140.247519,38.188310,6.12,0.380,-43.49,-20.01
46329,141.687140,-28.787682,6.12,-0.089,-19.44,-5.62
46768,142.982372,-10.370392,6.12,1.183,-101.93,20.93
46869,143.258329,-8.505290,6.12,0.974,-43.80,-34.60
47631,145.678140,35.093500,6.12,0.386,-20.00,-53.00
50790,155.553998,-19.866593,6.12,0.035,-34.74,9.19
53240,163.354331,-2.255010,6.12,0.913,-131.91,-82.01
54027,165.810634,-0.752069,6.12,0.269,-19.77,-113.26
54783,168.236416,-49.736105,6.12,1.055,-26.00,6.36
56253,172.962829,81.127174,6.12,0.264,-144.22,34.19
66992,205.938055,22.700513,6.12,1.447,49.19,-37.04
68493,210.329503,-40.221945,6.12,1.265,-28.71,0.59
73068,223.994291,32.300071,6.12,0.109,-53.33,-3.23
74571,228.542883,42.171449,6.12,1.635,23.74,-16.08
76617,234.703569,34.675079,6.12,1.039,-6.56,-16.19
78469,240.277109,-54.577799,6.12,0.264,-38.40,-41.21
82517,252.974520,-65.375425,6.12,-0.028,-1.17,-13.38
84108,257.917731,49.746312,6.12,0.185,19.31,18.70
84175,258.104447,-27.762006,6.12,-0.048,-8.01,-48.38
86373,264.741115,13.329156,6.12,0.567,-20.60,43.51
89604,274.278951,40.936572,6.12,0.977,-174.25,63.60
92269,282.067046,48.767438,6.12,0.225,-18.44,48.70
92643,283.154355,-29.379563,6.12,1.344,0.17,-46.64
94398,288.192072,-50.486317,6.12,0.954,44.73,-42.12
97538,297.364578,38.710172,6.12,0.906,7.63,-9.43
97687,297.796259,-2.460889,6.12,1.573,-7.72,-41.26
99145,301.922669,34.422920,6.12,0.117,1.21,-6.07
100977,307.103706,-3.357742,6.12,-0.049,27.29,-21.22
104756,318.339979,81.230961,6.12,0.092,-3.11,4.49
105064,319.258397,53.997597,6.12,0.049,37.79,39.45
105864,321.616619,1.103752,6.12,0.481,110.49,-161.72
110712,336.462607,-75.015719,6.12,0.599,58.55,12.48
112102,340.591984,-29.360999,6.12,1.522,16.24,-19.19
113531,344.898655,-13.070891,6.12,1.459,-6.49,-1.58
114162,346.791886,52.816569,6.12,1.060,2.32,12.88
114699,348.524914,-62.698971,6.12,0.787,477.48,-425.01
115496,350.939202,-43.124457,6.12,1.464,18.88,11.43
3919,12.575890,45.002241,6.13,0.043,60.72,6.93
5650,18.141922,45.337480,6.13,1.652,24.03,20.95
6822,21.943485,-10.901620,6.13,1.320,179.15,15.79
14514,46.857029,17.879972,6.13,-0.123,-23.54,9.30
17408,55.946423,19.665170,6.13,0.994,115.75,-56.56
20934,67.333510,-46.515359,6.13,1.062,51.93,36.72
24836,79.866043,58.117409,6.13,-0.031,6.26,-18.30
25240,80.963888,-0.866624,6.13,0.483,-5.64,0.95
27900,88.555626,10.586421,6.13,1.404,0.00,-7.41
33079,103.341029,-18.932929,6.13,0.156,-9.98,35.16
39153,120.120689,-48.871774,6.13,-0.085,-5.97,2.57
41067,125.695294,-13.054679,6.13,0.997,-39.54,-47.09
42931,131.255330,5.680597,6.13,0.200,2.52,-3.76
43902,134.154323,4.236586,6.13,1.001,1.05,-1.81
45166,138.051108,-76.662922,6.13,1.090,39.27,-43.98
46744,142.912368,-10.551970,6.13,0.261,33.05,-17.67
48799,149.295623,-52.638793,6.13,-0.115,-8.83,4.11
51077,156.541279,-42.738398,6.13,1.129,-95.31,-39.21
55667,171.091920,-42.669100,6.13,-0.175,-8.47,-0.69
57732,177.581686,-15.863706,6.13,0.947,-1.34,16.21
58177,178.978021,-39.689476,6.13,1.010,60.62,-17.06
71429,219.100580,-39.597349,6.13,1.048,-47.69,-23.94
71729,220.091182,21.975770,6.13,0.434,-14.61,40.40
73927,226.612911,-22.031703,6.13,1.040,69.94,-52.06
79102,242.194343,17.205712,6.13,-0.003,-19.13,-30.74
86096,263.926514,37.301587,6.13,0.978,9.44,3.00
87192,267.199495,19.254994,6.13,0.024,-8.84,9.13
88859,272.125460,-45.766973,6.13,-0.082,-2.56,-17.39
89086,272.730610,-33.800068,6.13,-0.137,1.13,-0.73
90304,276.381789,-63.021287,6.13,0.202,0.57,-101.87
91751,280.650506,-7.073632,6.13,1.006,-6.83,-8.97
95396,291.089395,-43.722060,6.13,1.603,26.19,-1.56
96440,294.108590,-18.852890,6.13,0.273,21.35,-12.87
97651,297.695289,37.826314,6.13,1.626,4.84,4.40
97789,298.068354,36.432284,6.13,1.434,12.72,4.41
99685,303.428400,43.379003,6.13,1.489,-3.11,3.96
100184,304.823687,-47.579845,6.13,0.469,190.87,-182.50
101090,307.380565,-22.391492,6.13,1.543,8.23,-30.91
104172,316.597712,26.924408,6.13,1.026,43.50,-19.01
104980,318.944850,-36.210694,6.13,1.380,29.39,-6.28
108478,329.625303,-59.012210,6.13,0.469,6.81,28.65
109584,332.979703,-76.115924,6.13,1.001,-59.14,-40.71
109746,333.457143,63.162357,6.13,-0.089,-8.37,-7.93
114187,346.865579,32.825373,6.13,0.137,-21.11,-11.52
114750,348.667404,-10.688627,6.13,1.504,-6.67,-36.02
115510,350.976867,-53.808656,6.13,0.258,73.85,-34.77
117710,358.097592,21.671114,6.13,1.616,-50.39,-5.88
1099,3.434915,-26.284983,6.14,1.490,-3.21,9.89
3185,10.135016,-23.803993,6.14,0.718,635.49,-363.28
4655,14.956978,6.483238,6.14,1.654,20.08,-5.29
5204,16.640077,12.955974,6.14,0.962,13.76,27.14
8552,27.583671,-47.816509,6.14,0.998,115.70,48.33
11415,36.780233,27.012578,6.14,1.461,-28.45,-75.20
11678,37.659866,19.855388,6.14,0.247,81.00,-36.06
13197,42.462475,-24.559999,6.14,0.998,-49.96,-128.23
13883,44.697113,-9.776466,6.14,0.221,-8.26,-16.38
13907,44.777055,-28.907080,6.14,1.044,1.64,-54.67
15244,49.149021,-9.154746,6.14,0.407,1.48,28.93
15557,50.106527,25.662966,6.14,1.241,11.35,-93.32
15840,51.009483,-69.624651,6.14,0.482,22.08,18.35
16303,52.545548,59.366069,6.14,0.095,14.07,-50.27
16641,53.534668,17.833583,6.14,0.891,95.50,-310.56
18401,59.016242,-63.463847,6.14,1.094,70.38,52.83
19177,61.661719,65.520860,6.14,0.145,20.25,-25.47
19672,63.213530,22.413484,6.14,0.171,-3.69,-10.57
20848,67.015088,1.858582,6.14,1.018,28.61,9.55
23161,74.747529,14.543245,6.14,0.156,6.17,-2.05
23583,76.060654,30.494620,6.14,1.208,12.06,-13.19
27731,88.071899,58.964139,6.14,-0.036,-1.53,-20.97
28390,89.949788,54.547112,6.14,1.197,-1.24,-42.07
31697,99.469601,4.956667,6.14,0.091,-0.12,1.31
31733,99.585269,-2.543912,6.14,1.470,-14.45,6.48
35960,111.197351,-37.291261,6.14,0.261,-13.16,27.81
38074,117.035625,-40.652313,6.14,1.591,-3.35,-26.58
38635,118.666365,-34.846684,6.14,1.540,-16.00,-11.96
38863,119.303169,-63.296881,6.14,-0.103,-0.61,18.96
41036,125.625830,-6.179160,6.14,0.227,-59.21,0.80
43685,133.482083,35.538337,6.14,0.059,-26.18,-17.88
45167,138.053795,3.866990,6.14,-0.010,-50.77,-4.70
45615,139.465276,-67.050899,6.14,1.254,-6.57,12.72
45836,140.182476,51.265713,6.14,0.436,-34.76,145.35
46529,142.351964,-2.205176,6.14,0.222,-50.40,1.81
49281,150.892248,-61.884050,6.14,-0.032,-17.73,4.23
49769,152.383696,-35.856810,6.14,0.615,-442.84,16.26
56731,174.471033,50.618275,6.14,1.068,-47.33,-26.48
58989,181.415679,62.933294,6.14,1.178,-48.82,-71.60
62788,192.991530,-26.738352,6.14,0.232,-109.86,31.80
66019,203.022450,-38.398754,6.14,1.031,34.84,-37.22
68080,209.083301,-54.132373,6.14,0.071,-26.60,-19.16
68177,209.365615,-23.022652,6.14,1.426,-35.04,9.14
69316,212.813069,32.295799,6.14,1.258,-22.19,38.38
75093,230.173527,44.434627,6.14,0.369,41.96,-103.55
75118,230.255668,-15.548386,6.14,0.393,27.14,18.15
77927,238.719324,-60.743641,6.14,0.121,-2.02,-4.02
79661,243.849918,-42.899410,6.14,1.114,-29.21,-4.92
79686,243.947271,27.422177,6.14,1.334,-33.95,-39.13
80455,246.342296,-63.125238,6.14,0.029,-19.16,8.72
81914,250.975359,-41.113294,6.14,-0.078,-10.75,-20.67
85237,261.261118,-34.696010,6.14,0.046,-2.00,-18.88
87341,267.701551,22.316381,6.14,0.242,16.75,-20.73
87567,268.331578,-34.730792,6.14,-0.041,1.65,-8.07
88522,271.155655,1.919007,6.14,-0.056,-0.06,-6.25
89298,273.318866,21.880209,6.14,1.472,61.39,50.64
89977,275.368345,5.435746,6.14,-0.048,-3.12,-8.05
90290,276.340409,-35.992031,6.14,1.006,-34.70,2.24
92968,284.106655,2.471204,6.14,0.961,12.82,-5.61
93140,284.603456,-22.529526,6.14,0.087,1.36,13.40
95866,292.469109,-55.441593,6.14,0.974,23.83,-66.49
97067,295.906738,-37.538723,6.14,0.019,1.04,-17.44
97242,296.463949,35.012767,6.14,1.070,11.57,-6.43
97372,296.861859,47.907655,6.14,1.640,-21.34,-37.66
97970,298.667430,7.140353,6.14,0.043,29.12,-0.01
98379,299.813907,52.055685,6.14,-0.183,9.33,2.63
98915,301.278021,51.839322,6.14,1.601,34.34,31.21
100664,306.156223,1.068392,6.14,-0.036,7.93,5.49
101285,307.943831,56.779874,6.14,1.431,-14.82,-6.50
104357,317.117272,6.989354,6.14,1.669,-9.93,1.66
106052,322.219675,55.418668,6.14,0.100,15.68,14.14
108090,328.490500,6.864770,6.14,0.786,79.36,14.05
109990,334.155997,-25.898132,6.14,1.110,37.73,-12.34
112098,340.586716,53.908768,6.14,1.634,-2.95,-8.36
112641,342.199517,54.414897,6.14,-0.083,13.25,-2.09
112924,343.041582,-63.188568,6.14,1.025,26.40,-40.68
2337,7.465869,-14.864027,6.15,0.388,147.08,-33.98
3527,11.248836,-53.714900,6.15,0.524,223.40,2.20
3552,11.350433,-4.629251,6.15,1.652,37.13,37.65
3559,11.369613,-12.880310,6.15,0.603,-32.25,-205.68
4257,13.573262,-8.740547,6.15,0.911,16.98,-47.34
7050,22.716717,66.098115,6.15,0.070,74.83,-11.18
8991,28.959378,-78.348677,6.15,0.448,103.01,53.05
12775,41.044148,-52.570561,6.15,0.088,-23.37,-14.76
13756,44.269013,4.500971,6.15,1.623,20.77,24.44
14887,48.039763,42.375947,6.15,-0.099,16.44,-17.23
15209,49.018467,45.346215,6.15,1.674,31.94,-33.74
20263,65.160783,-6.245859,6.15,0.901,92.46,-55.70
20284,65.219406,13.864471,6.15,0.456,105.29,-17.97
23060,74.436188,-14.231890,6.15,-0.202,-0.23,-12.22
23852,76.909652,9.472709,6.15,0.625,-5.61,-382.35
24479,78.797413,59.405718,6.15,1.179,20.13,-12.80
24493,78.827178,-1.409061,6.15,0.401,-35.52,8.78
24740,79.578703,33.767419,6.15,-0.043,15.09,-29.06
25976,83.158202,0.011962,6.15,1.553,18.85,-12.12
26408,84.312784,64.154851,6.15,0.006,1.06,-66.45
26412,84.318722,-27.871199,6.15,0.322,20.78,-67.08
26866,85.560360,-17.530389,6.15,1.376,-16.77,5.16
28321,89.754453,-9.382258,6.15,0.333,18.42,14.21
28957,91.671116,-42.298797,6.15,0.246,-34.68,-2.92
29025,91.861498,41.854330,6.15,1.202,-2.31,-19.79
29323,92.755069,-6.754193,6.15,0.010,-4.68,-11.56
31068,97.794376,-61.879571,6.15,-0.147,-9.53,10.74
31711,99.501768,-61.533564,6.15,0.624,-50.08,72.69
34200,106.383536,-34.777798,6.15,0.353,-41.16,40.13
34789,108.031268,5.474362,6.15,1.142,-20.41,-6.33
39617,121.437041,-33.569446,6.15,1.098,-7.62,4.24
40485,123.995119,-35.903207,6.15,1.549,-8.11,6.59
40947,125.350751,-39.620730,6.15,0.172,7.33,6.47
44887,137.181506,-26.767626,6.15,0.170,-44.69,11.59
46517,142.317719,-38.403549,6.15,0.216,-106.25,3.01
47694,145.865012,-51.228156,6.15,-0.098,-16.02,8.37
51161,156.752175,19.364551,6.15,1.141,-59.42,-5.57
52882,162.238674,29.416149,6.15,1.144,-80.20,-37.66
53771,165.034745,-51.817806,6.15,0.188,-64.00,2.81
56293,173.097239,-26.746853,6.15,1.670,-82.86,19.69
57629,177.255842,-0.318678,6.15,0.518,-206.09,3.44
59950,184.447062,-36.093961,6.15,0.008,-40.90,-7.49
60870,187.140998,-56.407266,6.15,0.920,-232.75,-226.30
63952,196.595259,62.041974,6.15,0.997,17.06,-43.36
69747,214.125743,-3.196226,6.15,-0.007,-22.40,-32.55
72139,221.335731,18.884910,6.15,0.841,9.27,18.77
72412,222.097539,24.366737,6.15,0.506,-101.06,57.29
72449,222.225415,-0.847696,6.15,-0.025,-8.50,16.88
72469,222.278875,37.810913,6.15,0.389,-253.00,109.62
75770,232.185043,47.201502,6.15,0.100,-21.48,4.97
77111,236.175624,17.264210,6.15,0.002,-30.44,6.59
77900,238.625490,-27.338574,6.15,-0.069,-13.48,-26.41
78985,241.842440,21.822719,6.15,1.365,-13.38,-42.98
82979,254.358336,-10.963157,6.15,1.000,0.28,-88.88
83706,256.618199,-35.451039,6.15,0.438,2.38,-3.03
85923,263.381673,57.558709,6.15,0.602,6.64,5.08
90012,275.500554,-28.429954,6.15,0.264,6.98,-3.51
90253,276.238355,-1.579403,6.15,0.381,6.05,-4.10
93858,286.719180,-37.809767,6.15,0.705,-187.66,-366.77
98308,299.619741,63.534202,6.15,0.035,0.77,-27.64
100697,306.228340,-83.310635,6.15,0.203,23.65,7.54
105229,319.730556,41.040529,6.15,0.257,-5.39,-4.72
105334,320.039511,-45.021900,6.15,2.387,1.02,3.00
111170,337.825908,-6.554887,6.15,0.565,160.65,-108.63
111171,337.826771,-2.911182,6.15,1.083,-9.38,-38.68
111504,338.859844,-78.771567,6.15,1.368,54.18,-7.50
113447,344.645879,-35.522958,6.15,0.582,-5.98,-112.30
113998,346.303660,-17.079153,6.15,1.370,-41.72,-40.18
115062,349.583296,-67.471220,6.15,1.356,22.57,17.74
2100,6.655722,-0.049536,6.16,0.893,69.63,1.49
6272,20.115990,-11.238815,6.16,1.102,-50.54,-75.93
11465,36.965621,50.570194,6.16,0.435,31.53,-90.46
20231,65.041451,31.953207,6.16,1.679,-1.12,-13.23
24451,78.684473,53.213948,6.16,0.084,-1.91,0.31
26477,84.472446,-4.814036,6.16,-0.029,-2.46,0.87
27670,87.869236,-22.926843,6.16,1.020,-4.02,-42.45
29210,92.400895,-5.711433,6.16,0.352,64.76,1.80
30660,96.643527,-4.597393,6.16,-0.151,-3.72,-2.60
30804,97.078322,10.303999,6.16,1.150,27.84,-43.74
31024,97.645367,-13.148176,6.16,-0.137,-4.86,1.45
32007,100.309057,-40.349873,6.16,-0.146,-5.68,10.64
32682,102.265238,1.002072,6.16,-0.134,-0.95,-2.96
33269,103.811068,43.910048,6.16,0.314,1.64,-6.97
37339,114.975407,32.009824,6.16,0.374,-15.06,-39.74
37465,115.348022,-22.336752,6.16,1.644,3.95,12.85
37720,116.054569,-69.821616,6.16,-0.032,-46.70,9.56
38307,117.730164,-11.128521,6.16,1.128,-0.88,-33.20
38794,119.099629,4.485585,6.16,0.957,-6.42,-7.32
42484,129.927654,73.629919,6.16,1.017,-13.45,-99.01
44738,136.749774,1.462732,6.16,1.648,-11.02,-15.91
45896,140.363227,32.902206,6.16,1.097,11.21,-22.76
49994,153.095722,-52.163352,6.16,1.168,-52.74,45.23
50232,153.819386,-54.974215,6.16,-0.155,-13.49,3.23
50755,155.459677,14.975801,6.16,0.018,-32.15,-11.27
53546,164.315857,-75.099771,6.16,1.531,-11.14,3.94
53701,164.808524,-61.320744,6.16,-0.064,-28.70,1.94
54082,166.001035,-57.955333,6.16,-0.167,-18.37,0.65
57497,176.779251,-35.906792,6.16,0.952,41.36,-28.84
58642,180.371901,-57.503738,6.16,-0.004,-58.20,-16.38
59307,182.510755,-34.704736,6.16,0.030,-44.96,-2.30
60168,185.074350,26.001829,6.16,0.306,-140.89,19.05
62212,191.258608,-68.830748,6.16,0.688,-6.72,-1.17
64557,198.490833,-43.139161,6.16,1.366,-150.09,22.34
66860,205.554096,8.388606,6.16,0.418,-377.86,-87.16
68030,208.959036,14.056481,6.16,0.518,-291.04,9.20
68637,210.749064,50.971825,6.16,0.026,-18.17,-6.65
74026,226.918016,5.498089,6.16,0.921,-0.71,-22.01
74121,227.223079,13.235062,6.16,0.967,-45.21,74.29
75110,230.223674,-18.158513,6.16,1.024,-6.96,-59.67
78989,241.850354,-56.190957,6.16,0.565,-0.80,0.31
81507,249.719618,-60.990318,6.16,-0.073,-3.66,-34.41
82426,252.679723,32.553559,6.16,1.014,24.12,44.65
83289,255.320741,60.648658,6.16,1.006,-45.35,39.36
85839,263.102646,-34.279324,6.16,0.360,-11.58,-33.39
86831,266.142035,2.579408,6.16,0.131,7.21,13.64
90182,276.038252,83.175457,6.16,0.051,18.39,-23.40
97767,298.015181,11.629139,6.16,0.642,-345.23,-333.26
98111,299.079253,56.686975,6.16,0.090,29.32,17.06
98858,301.119944,48.229663,6.16,0.037,10.92,0.51
100511,305.718007,14.551115,6.16,0.498,79.02,-6.87
106771,324.411724,54.042194,6.16,0.991,-4.90,-0.74
107041,325.180414,54.872142,6.16,1.116,8.02,2.96
109033,331.318852,46.744885,6.16,1.611,-28.13,-20.22
109984,334.140298,-1.596368,6.16,0.194,-28.26,-8.86
110849,336.860413,39.810041,6.16,-0.136,-0.53,-6.09
114081,346.575009,18.517614,6.16,0.482,224.28,62.18
1195,3.742532,-34.904194,6.17,1.344,76.54,-11.99
6589,21.166311,-15.660419,6.17,0.924,29.88,-20.19
6605,21.202811,-2.848522,6.17,0.959,10.79,-28.02
7115,22.912564,-45.575724,6.17,0.066,-11.58,4.82
10924,35.172927,47.310829,6.17,-0.094,13.00,-10.37
11231,36.140444,-40.840724,6.17,0.653,228.91,109.39
11671,37.636626,-22.545242,6.17,1.581,6.58,-31.40
12022,38.767248,7.471296,6.17,1.053,-9.73,-124.49
13700,44.102731,64.332444,6.17,1.994,-3.83,-1.01
15024,48.408063,-29.804122,6.17,1.041,15.47,-3.14
15203,49.003538,-5.918697,6.17,-0.018,9.79,-3.59
17900,57.431332,23.711963,6.17,-0.046,16.50,-44.53
24313,78.261791,61.850035,6.17,0.032,-12.19,1.82
25476,81.726367,35.457302,6.17,1.453,-14.54,-11.99
27046,86.035251,61.476533,6.17,0.902,-11.08,1.07
28532,90.334047,85.182118,6.17,1.564,14.66,-1.89
30906,97.311720,2.646292,6.17,1.539,-2.20,-39.94
31066,97.789835,11.251382,6.17,-0.116,4.60,-2.53
31672,99.418122,2.704279,6.17,1.080,-39.41,-49.44
34217,106.415945,52.758685,6.17,0.102,-34.28,-52.38
35842,110.867307,22.945437,6.17,0.006,-25.93,-35.94
37614,115.772574,0.189364,6.17,1.047,0.94,-12.89
38300,117.697339,3.277325,6.17,1.106,57.66,-29.54
43394,132.590209,-28.617603,6.17,-0.055,-19.80,-6.55
43957,134.284603,17.143831,6.17,1.001,-41.37,-32.95
50234,153.837053,-36.517735,6.17,1.058,-28.59,7.54
53472,164.070315,22.351663,6.17,1.549,-36.27,8.20
56899,174.959771,-16.620209,6.17,1.579,-17.52,-8.60
57971,178.361942,-35.066573,6.17,0.089,-79.06,-29.89
64651,198.789540,-36.371358,6.17,0.968,-43.66,-21.35
65311,200.786016,-33.189887,6.17,1.653,-17.90,3.71
65755,202.195102,-69.627113,6.17,-0.014,-20.61,-16.29
67851,208.467802,-35.314192,6.17,1.009,-295.30,-69.78
73279,224.652441,-39.906980,6.17,1.216,-75.62,-79.33
81358,249.229114,63.073038,6.17,1.527,4.25,-88.13
81657,250.210061,-60.446265,6.17,0.488,58.29,-72.99
83317,255.417003,75.297667,6.17,0.306,14.16,-69.58
84479,259.059391,2.186244,6.17,0.235,11.32,-17.03
85242,261.275942,-24.243712,6.17,1.103,21.64,11.90
85393,261.734775,-51.948786,6.17,-0.039,15.04,-13.52
87540,268.264637,-10.899489,6.17,1.110,43.55,-30.22
89805,274.916993,-63.885891,6.17,0.584,38.89,-276.16
92669,283.249571,-46.586356,6.17,0.051,4.59,11.16
92676,283.259842,-48.360727,6.17,0.124,-17.27,-76.36
96805,295.171452,43.077826,6.17,1.561,1.99,-0.78
98385,299.844309,1.377532,6.17,1.129,16.51,67.66
100274,305.085525,14.569242,6.17,0.926,-3.19,6.18
102216,310.665383,60.601362,6.17,0.034,-3.84,-18.90
103532,314.628935,41.939924,6.17,-0.079,11.60,0.22
105101,319.346565,42.683567,6.17,-0.094,9.72,2.24
106267,322.864430,52.619860,6.17,0.900,0.62,-1.65
106518,323.614416,51.698470,6.17,-0.015,3.71,-1.81
106881,324.733970,-79.442518,6.17,0.460,70.81,-26.91
107596,326.909168,-5.916840,6.17,0.230,65.31,15.77
108209,328.835827,61.541817,6.17,1.599,-2.48,-3.04
108281,329.058490,-57.899606,6.17,0.215,16.13,6.43
109205,331.856620,53.307447,6.17,0.389,-3.05,-3.80
110018,334.249115,-23.140099,6.17,1.051,77.63,-61.10
113371,344.419743,39.308789,6.17,-0.148,0.46,-5.13
113421,344.564770,-2.395346,6.17,0.744,-6.05,-16.03
115257,350.170615,-5.907829,6.17,1.089,-102.57,-60.16
43,0.129089,59.559738,6.18,1.032,-80.60,-24.07
664,2.050383,-2.447699,6.18,1.366,7.25,-4.87
967,2.995967,48.152371,6.18,1.467,60.54,10.39
2388,7.615949,-40.939625,6.18,0.315,-3.25,16.16
2422,7.725816,77.019488,6.18,0.883,340.40,-34.36
2474,7.855008,66.519627,6.18,-0.100,19.38,-3.87
2926,9.280006,24.014248,6.18,1.170,-18.57,-46.04
3334,10.629206,58.753431,6.18,-0.004,29.43,-8.47
6669,21.398568,23.511573,6.18,0.447,34.07,-22.18
7506,24.186542,-58.270968,6.18,1.607,23.38,0.83
8115,26.074641,57.536662,6.18,0.131,46.70,-18.39
8320,26.819558,-41.760045,6.18,1.544,12.10,48.81
14551,46.961687,-27.831101,6.18,0.166,65.72,-20.57
17058,54.857199,16.536766,6.18,1.000,40.42,-33.28
17772,57.075337,50.736772,6.18,0.028,-7.58,-1.99
18455,59.157923,-9.750857,6.18,0.269,51.10,5.43
20456,65.741282,59.616289,6.18,0.108,35.93,-44.13
21038,67.660010,32.457815,6.18,-0.026,7.97,-19.24
21961,70.807281,24.088964,6.18,0.544,15.62,-18.30
22192,71.607302,-28.087488,6.18,0.189,-4.04,18.19
25378,81.445905,0.520244,6.18,-0.178,2.33,0.04
25475,81.713648,33.262288,6.18,1.152,9.85,-12.08
25502,81.807908,15.257655,6.18,0.083,-5.49,-10.08
25776,82.558049,-84.785212,6.18,-0.003,-6.84,44.27
26862,85.548262,-30.535462,6.18,0.023,-5.74,8.08
27308,86.782543,-16.238055,6.18,0.892,-9.13,-9.69
27472,87.269488,62.808196,6.18,0.128,-18.84,-2.37
28517,90.291898,31.034517,6.18,0.095,-18.74,0.03
29401,92.932167,-4.665432,6.18,-0.079,-7.12,-3.38
31265,98.359636,-52.329317,6.18,1.088,-32.87,34.37
32177,100.777536,3.033823,6.18,1.366,9.28,-9.25
37269,114.800031,24.222528,6.18,0.028,-2.26,0.18
38106,117.140191,23.140984,6.18,0.571,-10.88,-2.04
39584,121.334618,-46.978427,6.18,-0.138,-6.07,6.43
40858,125.054069,-0.909103,6.18,0.607,39.29,-86.53
41798,127.833235,37.265015,6.18,-0.039,-14.56,-29.85
42299,129.363227,-4.934013,6.18,1.054,-2.25,5.56
47145,144.105889,-48.751161,6.18,0.277,-8.01,-7.70
47172,144.193379,-52.943906,6.18,1.051,-125.12,96.95
47791,146.152604,64.984066,6.18,0.419,-54.96,19.22
48782,149.249323,-69.101825,6.18,-0.100,-17.86,8.81
49233,150.749791,-60.178686,6.18,0.175,-6.89,4.60
50222,153.781877,59.985527,6.18,1.621,14.22,5.14
50976,156.185686,-73.971759,6.18,0.071,-24.84,10.90
51014,156.321732,-42.467374,6.18,1.006,-1.74,-12.47
53761,164.987578,77.770225,6.18,0.966,-70.28,-20.80
56756,174.541107,8.883777,6.18,1.081,-58.37,5.99
58445,179.764065,0.530608,6.18,1.257,-65.45,29.65
59708,183.680960,53.434671,6.18,1.061,-21.15,-18.33
63109,193.971894,-15.327022,6.18,-0.001,-19.08,-1.03
64478,198.232113,-59.816342,6.18,0.592,8.23,-107.89
64933,199.645381,-51.285747,6.18,-0.001,-26.86,-11.87
65288,200.718745,-47.943219,6.18,0.181,16.53,-0.70
65862,202.500328,7.178841,6.18,1.471,3.42,4.89
67139,206.396221,-15.767409,6.18,0.046,-40.99,-23.74
68594,210.633157,9.686266,6.18,0.853,-188.93,-70.10
68641,210.757110,-31.684196,6.18,0.480,24.53,66.02
68872,211.545466,-43.091619,6.18,0.986,-6.70,-34.15
70022,214.920720,0.384364,6.18,0.201,-37.38,-12.41
70680,216.851769,-6.120191,6.18,0.093,-62.15,-57.84
72629,222.750473,-0.257507,6.18,1.397,-32.08,6.89
74047,226.986458,-65.275438,6.18,1.470,9.04,-4.52
74272,227.684983,67.781067,6.18,0.143,21.69,-13.02
74600,228.640697,-17.768533,6.18,-0.015,-14.58,-15.95
74929,229.672115,-31.209331,6.18,1.205,-8.12,-6.46
79173,242.382321,-32.648938,6.18,0.790,-22.76,-30.22
79781,244.230329,-3.953365,6.18,0.326,38.91,6.67
81840,250.743340,55.689924,6.18,0.088,55.80,80.28
82339,252.365289,-15.668001,6.18,0.234,1.04,12.77
82355,252.419059,43.430460,6.18,1.257,-10.62,-9.36
82911,254.149909,-40.823453,6.18,0.228,0.30,-0.17
83650,256.451939,-44.105103,6.18,0.281,11.40,25.04
86809,266.071869,14.410031,6.18,0.211,-3.69,14.62
87099,266.940000,-22.477768,6.18,1.446,1.49,-9.45
87495,268.161266,-6.143565,6.18,1.250,-0.70,-5.09
87706,268.725178,-24.887089,6.18,0.001,1.29,-2.65
88277,270.399534,33.311218,6.18,1.549,22.02,19.54
88604,271.375539,21.646620,6.18,1.241,11.94,1.69
89622,274.350331,-28.652030,6.18,0.184,10.55,-14.41
91843,280.870866,53.871797,6.18,0.094,5.71,-12.30
92131,281.672301,18.705967,6.18,1.594,15.76,-24.69
94685,288.997861,27.926300,6.18,0.634,5.08,0.70
97307,296.645983,32.888605,6.18,1.172,-37.42,-5.85
98482,300.105822,-49.350939,6.18,1.056,-76.61,-2.94
98921,301.289946,38.478186,6.18,0.654,263.35,111.57
99221,302.130284,-10.062512,6.18,0.031,6.13,-34.03
103828,315.600852,44.790990,6.18,1.687,-6.09,-4.18
104297,316.936153,-17.455788,6.18,-0.035,29.87,-46.62
104597,317.836945,-72.544279,6.18,1.087,33.90,-30.45
104822,318.542843,29.900961,6.18,1.105,3.71,-0.75
106872,324.688181,25.498818,6.18,1.026,-1.97,4.74
107558,326.769568,17.194075,6.18,0.350,103.75,-13.93
107723,327.329214,61.272816,6.18,1.685,0.17,-23.07
108347,329.258928,-37.746856,6.18,0.321,8.81,5.11
109439,332.579019,19.616567,6.18,0.688,92.06,-93.77
110341,335.232387,8.186689,6.18,0.451,43.67,21.60
110497,335.750704,57.284601,6.18,-0.112,17.49,4.81
110566,335.975255,38.573312,6.18,0.485,255.69,123.47
113781,345.635670,-6.573928,6.18,1.590,-7.36,-32.95
114268,347.148119,-73.586111,6.18,1.419,23.15,-2.10
115528,351.032326,-18.688125,6.18,1.020,165.19,48.60
116365,353.694727,38.023973,6.18,1.586,10.67,11.08
118048,359.172982,22.648107,6.18,1.635,-22.89,-6.47
560,1.708436,-23.107425,6.19,0.386,97.30,-47.09
1421,4.448522,1.688705,6.19,0.937,90.04,9.15
4317,13.811073,24.557096,6.19,1.546,23.51,-14.06
11907,38.417690,-20.001727,6.19,1.100,-36.61,-79.86
12287,39.574410,37.726823,6.19,0.490,-38.47,-44.24
17057,54.855926,-10.437026,6.19,1.031,-26.50,-103.70
18508,59.359938,24.461955,6.19,1.372,-5.99,-7.33
25781,82.566109,-63.927830,6.19,0.225,4.42,59.28
26072,83.411818,20.474235,6.19,-0.034,2.92,-7.47
26638,84.932172,75.043810,6.19,1.606,-7.31,25.39
27317,86.805521,-54.360732,6.19,1.406,5.50,1.33
31056,97.749580,-40.916280,6.19,1.398,-6.07,10.85
32012,100.321739,11.003179,6.19,1.675,4.99,7.49
32434,101.550648,-37.775348,6.19,-0.123,-8.48,9.51
34462,107.151031,37.445132,6.19,1.212,-6.29,-14.94
35345,109.517059,30.955927,6.19,-0.024,-4.90,-22.39
41949,128.270190,-24.606892,6.19,0.270,2.48,-28.03
44010,134.425122,9.387778,6.19,0.984,-9.16,-5.75
44162,134.916414,-19.207800,6.19,0.461,-39.91,-97.39
45002,137.488133,-52.082993,6.19,1.023,-91.72,54.65
46297,141.618542,-40.501721,6.19,0.251,11.76,6.11
46904,143.376390,36.487030,6.19,1.264,40.32,-33.17
51425,157.536719,-66.984667,6.19,-0.004,-17.36,5.24
53355,163.675847,25.490723,6.19,0.291,-54.26,-0.42
53702,164.809019,-84.593873,6.19,0.100,-64.13,-8.02
61134,187.911421,-5.052667,6.19,1.041,-31.56,30.79
64472,198.211913,-42.699712,6.19,1.057,-26.80,-3.52
67523,207.527258,-29.081240,6.19,-0.009,-50.03,-33.30
67953,208.742936,-8.058764,6.19,0.530,-174.33,-36.18
69113,212.216260,-43.470736,6.19,-0.056,-19.25,-17.44
69818,214.338173,51.307392,6.19,0.070,-23.60,-8.04
70414,216.076413,8.084846,6.19,1.208,-120.07,-103.31
74514,228.398280,38.264816,6.19,1.218,-6.89,-47.72
75003,229.882406,-37.096808,6.19,0.959,-78.57,-145.36
76503,234.368775,-26.279808,6.19,-0.013,-11.13,-23.11
76664,234.827575,-77.917687,6.19,1.207,-79.59,-130.26
78632,240.789029,59.410812,6.19,1.576,-18.57,-30.45
83462,255.875810,35.414154,6.19,1.467,29.00,-43.17
83565,256.172241,19.599102,6.19,0.010,13.60,1.44
86352,264.686956,-21.912625,6.19,0.827,-33.94,-13.69
87335,267.681705,11.946629,6.19,1.247,-9.00,-33.26
87523,268.218634,-41.996059,6.19,0.523,141.81,-190.53
89980,275.380684,-24.915271,6.19,1.823,4.44,-2.15
90494,276.985339,-17.800350,6.19,0.003,-2.73,-2.91
92270,282.068278,23.514765,6.19,0.492,25.30,-6.78
92593,283.008029,13.965667,6.19,-0.008,-5.65,-8.32
94833,289.450767,2.031796,6.19,0.019,2.70,-28.20
95492,291.357798,24.914308,6.19,0.528,-177.20,-631.08
96607,294.608001,-57.983188,6.19,0.973,30.83,-62.79
98946,301.339596,56.341227,6.19,0.437,-0.37,80.22
101044,307.261741,83.625463,6.19,0.163,23.43,-19.05
101556,308.710025,51.854234,6.19,0.318,-3.14,-5.37
101608,308.884192,-16.525812,6.19,0.218,84.05,-27.61
106752,324.366146,44.696615,6.19,0.218,-1.01,-26.68
106783,324.431714,6.618396,6.19,0.046,57.92,-2.09
107901,327.923580,-18.622752,6.19,0.374,144.14,-77.24
109121,331.551025,45.248703,6.19,0.078,23.25,-5.46
109667,333.239587,-26.327724,6.19,0.169,-25.51,-28.47
110171,334.734028,37.769180,6.19,0.270,55.40,43.73
112615,342.125797,-10.555497,6.19,0.274,30.86,7.62
112670,342.252835,68.570064,6.19,0.440,117.30,67.39
114526,347.955479,26.847578,6.19,0.937,-190.51,-111.14
115996,352.530783,49.133138,6.19,1.464,29.41,2.99
602,1.826139,-17.387031,6.20,0.133,-10.77,17.02
4383,14.053862,57.996596,6.20,1.376,41.83,-15.91
5034,16.114874,29.659099,6.20,0.443,85.10,-120.26
5928,19.052519,87.145545,6.20,1.114,49.99,-20.22
7493,24.113393,48.722821,6.20,1.237,-16.36,-18.69
7874,25.326243,25.745811,6.20,0.459,118.38,-40.63
7886,25.363685,-38.132964,6.20,0.404,50.23,56.51
8094,25.978376,-4.765440,6.20,1.537,-23.98,-30.81
11578,37.306781,23.469078,6.20,0.155,85.41,-21.06
14124,45.538451,-6.494194,6.20,0.598,80.54,-143.75
15776,50.823748,-7.793564,6.20,0.702,2.11,-219.54
16628,53.486722,-31.080300,6.20,0.482,-35.15,76.40
23484,75.709746,66.823789,6.20,0.509,67.57,-335.17
23589,76.089915,21.277992,6.20,1.324,15.18,-25.17
23799,76.706494,43.174709,6.20,0.444,-3.97,-1.64
24977,80.235905,19.814369,6.20,1.229,-3.80,-9.04
25730,82.419312,29.186578,6.20,0.476,28.97,-46.89
28622,90.640855,-14.497186,6.20,0.947,11.71,11.83
33210,103.675179,-1.756485,6.20,0.487,1.00,-0.14
33595,104.697982,26.080851,6.20,0.520,-162.14,94.10
33873,105.470456,-1.345788,6.20,1.286,13.72,-39.27
35920,111.071821,-22.912765,6.20,-0.088,-4.42,2.79
37202,114.635525,-38.781401,6.20,1.015,17.02,-35.32
37599,115.722353,-58.230152,6.20,1.049,-31.96,38.73
41975,128.340982,36.436423,6.20,0.402,-145.01,2.60
42936,131.273126,-58.724320,6.20,-0.083,-5.27,0.51
43266,132.205333,66.708168,6.20,-0.106,-19.93,-35.26
44290,135.297511,-26.663587,6.20,1.137,26.55,-53.48
46410,141.965109,75.098300,6.20,0.115,-15.39,16.95
49137,150.419689,-53.364116,6.20,-0.137,-16.56,0.47
49160,150.492043,-57.349845,6.20,1.108,-38.39,22.82
49530,151.697684,5.611533,6.20,0.939,-33.02,-16.29
50332,154.167386,-51.204664,6.20,1.435,-39.92,11.71
51490,157.744936,-7.637545,6.20,1.377,-35.14,-2.00
55412,170.223786,67.100856,6.20,1.018,43.78,-50.16
58272,179.265755,-33.315449,6.20,-0.044,-50.82,-5.17
59678,183.570555,-64.408519,6.20,0.075,-5.33,0.14
60183,185.117838,-65.842630,6.20,-0.041,-40.84,-10.77
61053,187.708822,53.076166,6.20,0.568,19.46,182.10
61496,188.994887,-20.527354,6.20,0.340,33.29,-50.35
63497,195.161900,18.372865,6.20,0.466,-234.60,59.27
64077,196.973583,27.556108,6.20,1.363,-39.64,-61.88
64774,199.119399,68.407961,6.20,-0.052,-14.10,16.26
65108,200.146100,-59.772758,6.20,0.410,-31.63,-9.24
68270,209.630347,-65.800573,6.20,1.043,-30.53,-37.88
68842,211.443878,-54.669302,6.20,0.225,-52.97,-25.03
71469,219.251233,-12.306236,6.20,0.464,-870.88,364.89
73394,224.982384,-75.032620,6.20,-0.038,-5.57,-20.32
75939,232.651032,-20.728482,6.20,0.192,8.50,-29.15
77689,237.910037,-14.133567,6.20,1.010,-20.28,-7.01
84054,257.763212,24.237621,6.20,0.227,-11.66,30.27
84445,258.964002,-30.210621,6.20,-0.027,-14.43,-45.27
85397,261.758849,-12.512334,6.20,0.517,41.02,-63.37
92254,282.011118,4.241387,6.20,1.509,-4.94,14.28
92963,284.094423,-1.799815,6.20,-0.046,-2.93,-19.71
93177,284.694112,40.679195,6.20,-0.146,1.51,-0.35
94280,287.846480,40.429158,6.20,0.093,8.81,-25.75
98401,299.902891,76.481537,6.20,1.610,-26.86,-59.51
99570,303.099404,-42.779818,6.20,1.228,-18.07,-100.81
100208,304.872106,13.216810,6.20,1.648,-14.89,-18.28
100515,305.731200,42.983439,6.20,0.957,55.72,42.82
100969,307.069870,2.937152,6.20,0.899,38.93,3.70
101245,307.837968,52.309372,6.20,1.018,40.61,63.27
102780,312.335592,-18.035773,6.20,1.402,0.20,-33.47
102833,312.496132,5.544557,6.20,0.986,43.16,1.02
104925,318.809626,-40.506080,6.20,1.138,101.68,6.12
105660,321.030934,25.312402,6.20,0.026,39.37,9.03
106978,324.998899,-52.359026,6.20,0.584,-18.75,6.71
107856,327.770724,39.536649,6.20,-0.068,8.85,3.55
110548,335.913981,20.848265,6.20,0.518,335.18,-14.71
113127,343.642210,-7.204541,6.20,1.284,-15.11,-35.05
115906,352.252873,-9.266040,6.20,1.438,-43.49,-26.51
699,2.170923,36.627428,6.21,0.504,-114.72,-124.60
6432,20.653812,1.726441,6.21,1.482,65.45,-44.78
6539,21.010139,-8.007252,6.21,0.235,179.74,-67.31
10814,34.795182,46.472290,6.21,0.164,-23.76,-11.99
11698,37.726576,17.704057,6.21,0.908,33.01,-82.75
12318,39.653265,3.443185,6.21,0.999,34.89,7.94
12786,41.085501,-32.524662,6.21,0.040,25.29,-21.95
16252,52.359434,46.937938,6.21,0.131,22.36,-28.61
17734,56.956683,-36.105829,6.21,-0.102,12.52,18.34
18173,58.303868,-18.434450,6.21,0.866,2.80,1.17
21689,69.846406,25.218303,6.21,0.176,16.82,-11.73
23582,76.053198,73.763933,6.21,1.609,14.17,-18.80
25785,82.582972,4.204856,6.21,1.280,17.38,-25.34
26779,85.334721,53.482330,6.21,0.840,2.70,-523.61
28252,89.548766,-0.993968,6.21,1.140,11.25,-20.58
28434,90.073598,-12.899912,6.21,0.358,-6.53,-50.29
28438,90.078853,44.592107,6.21,1.128,-31.17,-38.71
32190,100.807183,37.147430,6.21,1.026,25.24,-22.54
36736,113.342447,-14.338307,6.21,-0.061,-3.50,-0.10
38879,119.333651,-47.890729,6.21,-0.099,-9.12,9.46
39535,121.188828,18.842068,6.21,-0.042,-25.73,-19.63
39607,121.404391,27.529763,6.21,0.010,5.34,-11.11
39920,122.292456,-35.455047,6.21,0.892,-0.44,13.41
42538,130.076309,31.941974,6.21,0.401,-39.35,-31.30
42777,130.750809,46.900995,6.21,0.981,-47.90,-61.63
43073,131.599057,-41.125403,6.21,-0.050,-21.30,5.39
44231,135.128375,37.604351,6.21,1.572,-13.19,0.99
46067,140.915715,-46.908769,6.21,-0.093,-19.27,7.45
53963,165.601704,-26.831205,6.21,0.307,67.88,-123.74
56901,174.963098,-14.468512,6.21,-0.007,-36.39,-7.14
57079,175.514723,-20.294036,6.21,0.949,-8.05,-53.92
58545,180.078512,80.853277,6.21,1.610,-65.31,-37.55
59851,184.099479,-72.614460,6.21,-0.006,-32.18,-16.33
60327,185.545264,24.773877,6.21,-0.012,-54.47,-4.47
60861,187.107125,-61.794831,6.21,1.253,-20.10,-4.43
60988,187.512932,51.535570,6.21,0.536,-293.08,25.33
65183,200.374239,-19.489287,6.21,0.098,-77.24,-2.84
66690,205.065116,31.011813,6.21,0.963,-72.80,91.93
67071,206.190426,-25.500879,6.21,1.374,-57.64,-22.17
71861,220.483054,-58.615735,6.21,0.454,41.91,-39.05
72471,222.279871,-56.667539,6.21,1.107,-105.75,-119.53
73559,225.492089,-34.358817,6.21,0.242,-28.07,-23.89
75164,230.397144,-40.749417,6.21,0.068,-16.20,-26.88
76809,235.242750,-47.735987,6.21,1.621,-36.22,-42.71
77835,238.395239,16.074988,6.21,0.413,21.28,-22.69
77985,238.877146,-31.083705,6.21,1.371,30.28,24.98
78445,240.223743,-40.435560,6.21,0.010,15.08,32.89
79414,243.105740,67.144279,6.21,0.993,-11.94,-42.55
81903,250.940432,-41.119140,6.21,0.143,-31.28,-26.40
84158,258.082698,-70.720892,6.21,1.062,49.04,-78.16
91062,278.629728,-52.891419,6.21,1.254,-16.99,-41.99
91159,278.971636,16.975870,6.21,0.542,49.09,-71.19
91250,279.189716,43.221841,6.21,0.251,21.91,-10.77
93470,285.535403,-41.910480,6.21,0.001,30.51,-10.21
97611,297.590635,-61.061133,6.21,-0.135,3.39,5.37
97971,298.668546,-61.170815,6.21,0.163,-8.12,9.36
101213,307.742064,20.606006,6.21,0.138,96.14,58.50
101214,307.746790,36.935849,6.21,0.969,-0.20,-4.18
101746,309.326577,0.097003,6.21,-0.076,5.25,-10.11
101756,309.348225,38.328772,6.21,1.011,13.77,-43.95
103682,315.140884,-4.729924,6.21,0.635,47.64,-138.75
109939,333.999220,8.549599,6.21,0.019,26.08,-10.32
114227,346.988313,64.222544,6.21,1.084,8.90,-4.54
117494,357.381574,-15.861203,6.21,1.212,51.67,-30.78
106,0.330165,49.981585,6.22,0.970,13.29,-11.19
1123,3.509527,33.206085,6.22,0.009,-7.70,-18.77
4023,12.890796,51.571453,6.22,0.032,-3.20,-10.96
6868,22.095206,7.961374,6.22,1.114,110.79,-8.59
11108,35.739780,-18.354660,6.22,0.942,131.68,-132.68
13518,43.526966,-50.871419,6.22,1.571,-2.30,7.24
13732,44.211080,51.261351,6.22,1.567,0.71,-27.70
17086,54.909809,-3.392842,6.22,1.041,-14.30,-68.94
18094,58.018559,31.168666,6.22,0.206,-12.36,-36.30
20063,64.533719,42.141246,6.22,-0.072,23.04,-35.77
20997,67.541637,-13.592374,6.22,1.001,17.90,0.60
23311,75.202822,-5.750979,6.22,1.049,550.74,-1109.30
24394,78.499760,-14.606867,6.22,0.377,11.49,-1.83
24771,79.668014,40.465157,6.22,1.386,3.48,-13.65
26713,85.155395,-2.825241,6.22,-0.194,1.70,1.95
26821,85.422971,-16.725843,6.22,-0.136,-3.83,5.38
27303,86.769087,-28.638939,6.22,-0.132,-5.31,10.32
27795,88.231199,68.471651,6.22,0.955,3.36,-45.10
28232,89.477110,1.224307,6.22,1.461,-23.35,1.31
30028,94.783095,-8.586017,6.22,-0.043,-19.59,2.21
30769,96.986207,20.496289,6.22,0.041,-29.05,12.91
33492,104.427653,-27.537524,6.22,-0.147,-8.99,7.60
39271,120.461375,8.913932,6.22,0.570,-1.32,24.20
40058,122.745408,14.629515,6.22,0.010,-22.30,-16.78
40476,123.969054,-30.925915,6.22,0.777,-49.71,-12.32
43035,131.528714,-11.006803,6.22,1.608,-29.59,14.41
43410,132.634445,33.285259,6.22,0.549,-62.22,-85.02
47913,146.482594,-58.794000,6.22,0.461,-102.23,70.89
50287,154.013567,-59.903436,6.22,0.194,-39.12,10.59
53706,164.824549,51.882368,6.22,1.352,-18.02,-3.85
54929,168.725558,-43.733708,6.22,1.606,-16.50,1.89
56775,174.600379,-2.435938,6.22,1.119,-38.96,15.06
58259,179.221971,61.549319,6.22,0.955,-30.51,-43.40
59200,182.103071,-60.847128,6.22,1.733,-3.72,0.23
61443,188.874108,-61.841398,6.22,0.731,-270.92,-73.27
61703,189.718192,-67.193047,6.22,0.007,-4.58,-0.71
61937,190.393563,10.426268,6.22,0.192,-106.08,0.71
66725,205.163013,28.065141,6.22,1.311,-69.82,9.89
69792,214.265803,-18.585681,6.22,0.985,-5.27,-7.68
70310,215.778846,25.338018,6.22,0.411,-156.53,63.80
70336,215.856793,-11.713900,6.22,0.990,-7.19,-58.66
70762,217.068566,36.197019,6.22,1.174,-21.72,3.70
73706,225.990554,65.919736,6.22,0.055,22.96,-9.20
76069,233.040320,16.056152,6.22,-0.038,-2.87,6.76
76733,235.043151,12.052954,6.22,0.968,-16.65,-8.22
77817,238.345571,-62.606549,6.22,1.467,-5.22,-14.10
78699,240.977941,-24.726327,6.22,1.386,-4.22,5.95
81847,250.764859,-46.070283,6.22,0.821,-0.39,-3.89
85480,262.032826,-63.036185,6.22,-0.073,-9.86,-22.72
85692,262.681501,57.876857,6.22,1.397,12.32,-13.83
86732,265.841756,14.295100,6.22,0.426,1.24,28.02
86925,266.417631,31.504684,6.22,0.008,4.56,-2.27
87150,267.084308,3.804198,6.22,0.135,14.59,7.04
87850,269.202144,45.350927,6.22,1.453,15.41,-31.48
88125,270.000334,-20.339492,6.22,1.405,1.83,-23.40
88346,270.625647,22.923243,6.22,-0.092,-2.99,-5.45
88760,271.797305,-21.443932,6.22,0.102,-0.26,-2.15
90086,275.762236,16.688034,6.22,1.216,-11.28,-14.12
90936,278.253545,-39.891827,6.22,0.429,86.32,-80.29
91689,280.465043,-23.833355,6.22,0.231,30.77,-28.05
92021,281.349693,-56.881919,6.22,1.385,-41.74,-20.91
92550,282.899545,28.783659,6.22,1.183,0.93,4.73
93138,284.598794,6.240189,6.22,0.478,-9.40,-107.16
93975,287.014561,21.698745,6.22,0.434,45.27,75.28
95154,290.398061,76.559598,6.22,2.673,-7.21,-0.79
96907,295.490108,40.254053,6.22,0.182,-12.77,37.43
97700,297.830697,47.377194,6.22,0.398,14.06,17.41
97944,298.574266,-23.940075,6.22,1.017,-122.67,-409.86
100268,305.063426,39.403282,6.22,0.060,-5.11,-22.79
101810,309.477943,18.268431,6.22,1.162,36.23,61.18
101965,309.965493,-62.907598,6.22,1.099,32.33,-83.92
106605,323.862620,24.452187,6.22,0.141,11.99,-10.83
106758,324.390721,-0.390494,6.22,0.056,-22.89,-27.76
106818,324.511686,-64.824145,6.22,0.021,31.86,-9.21
111548,338.970146,-57.883728,6.22,0.212,87.98,-9.91
113610,345.157832,0.185840,6.22,0.892,47.78,10.71
115759,351.787838,-50.157265,6.22,-0.080,29.57,8.61
117927,358.782413,7.071016,6.22,-0.066,21.77,-18.26
4563,14.592410,-60.696296,6.23,0.096,42.11,23.33
5319,17.005018,32.012192,6.23,0.398,203.71,-25.62
5992,19.265338,-66.397891,6.23,0.052,53.04,15.04
7436,23.943502,14.661441,6.23,-0.036,3.89,-7.61
12200,39.277136,32.891017,6.23,0.515,82.80,30.70
12717,40.860272,-66.714056,6.23,0.542,98.55,-80.68
13462,43.337787,48.569985,6.23,1.180,3.57,-12.31
20771,66.752731,2.079560,6.23,1.087,73.76,-61.95
25410,81.523843,16.700173,6.23,-0.084,0.35,-5.07
25869,82.837051,-6.708382,6.23,-0.178,1.62,1.13
26718,85.175209,31.920618,6.23,2.088,0.46,-4.28
26964,85.831244,23.204410,6.23,-0.071,6.41,-15.78
28644,90.729655,32.636211,6.23,0.456,81.47,-211.58
28861,91.391258,33.599072,6.23,-0.079,-3.68,-9.09
31766,99.659114,1.613524,6.23,0.086,0.12,-2.41
33126,103.481065,-24.538759,6.23,0.016,-4.22,1.44
33451,104.323388,-35.507201,6.23,0.465,-40.38,19.58
33590,104.673921,-45.767583,6.23,-0.006,-13.64,-4.09
34536,107.334377,-10.346574,6.23,-0.018,-0.64,3.68
34617,107.538987,-18.685597,6.23,0.419,11.68,-16.71
35737,110.577465,-2.979160,6.23,0.686,-0.72,-6.33
36340,112.196908,15.109860,6.23,-0.040,-7.54,-15.35
37404,115.196609,13.771270,6.23,1.393,-2.73,-7.88
38184,117.370037,-13.352921,6.23,-0.078,-2.38,-10.94
38723,118.920287,35.412748,6.23,0.277,-56.04,-26.18
41894,128.139329,53.115028,6.23,1.008,9.87,-74.13
48584,148.632628,-22.487453,6.23,0.052,-26.01,-1.32
49394,151.257762,-51.313648,6.23,-0.054,-29.55,11.27
49658,152.066426,31.604276,6.23,0.469,-79.91,-91.81
49900,152.823989,-7.316594,6.23,0.026,13.22,-13.31
50066,153.331176,-27.028978,6.23,0.316,-55.56,35.83
55941,171.973878,-1.699953,6.23,1.037,-35.17,3.09
56550,173.926433,-61.287874,6.23,0.131,-7.00,1.54
59008,181.486212,-35.693932,6.23,-0.073,-34.61,2.77
59046,181.583056,-68.651401,6.23,1.237,-5.01,-1.62
59439,182.881962,-51.359178,6.23,0.816,-199.45,-63.75
60018,184.631536,30.249335,6.23,0.310,76.60,-118.34
60813,186.964996,-4.615282,6.23,0.430,-86.75,2.27
68478,210.293887,27.386548,6.23,0.193,-79.26,18.99
69458,213.305199,-26.612266,6.23,1.071,13.08,-17.86
69569,213.598189,41.519015,6.23,1.071,-22.87,-106.25
75915,232.588778,-41.918964,6.23,-0.005,-21.41,-26.18
76063,233.017602,-38.622372,6.23,0.212,-51.08,-70.50
81823,250.701749,-62.553910,6.23,1.524,-1.12,-8.71
94974,289.901757,54.376057,6.23,0.030,16.51,-28.46
98563,300.313659,37.098873,6.23,1.314,40.81,50.92
100295,305.127660,53.595690,6.23,1.547,2.17,-2.02
100807,306.596465,17.315572,6.23,1.005,4.49,-5.45
100953,307.031315,8.437407,6.23,1.074,40.75,16.94
101134,307.502996,72.531762,6.23,1.353,-0.29,-24.44
101921,309.805192,-2.412983,6.23,-0.090,8.02,3.31
103206,313.646239,-50.727302,6.23,-0.098,10.75,-15.93
103346,314.070855,56.887507,6.23,-0.172,4.68,4.94
105034,319.123411,42.251826,6.23,1.251,0.91,-15.73
107238,325.806177,-19.620931,6.23,0.269,83.15,-12.44
109821,333.659206,-41.379743,6.23,0.648,570.33,-791.08
111761,339.592090,-7.897557,6.23,0.783,71.26,-2.61
112761,342.542045,50.676920,6.23,1.129,3.72,-1.03
113674,345.348546,-7.061134,6.23,1.418,-16.16,-7.84
117107,356.121244,-26.246582,6.23,0.495,-54.25,-20.58
117797,358.336716,-24.229224,6.23,0.188,51.64,-13.55
274,0.857154,63.640524,6.24,0.332,-3.27,-1.83
716,2.216954,25.462852,6.24,0.976,104.61,54.77
1076,3.349722,26.987625,6.24,0.680,-15.68,-32.71
2086,6.590579,-18.693603,6.24,1.622,21.65,-12.07
5412,17.301221,80.011677,6.24,0.922,-30.97,-39.96
5679,18.247747,30.064308,6.24,0.980,21.88,-32.33
7580,24.406489,-9.404052,6.24,0.528,249.38,111.02
9627,30.927557,18.253288,6.24,1.424,-8.65,-20.79
10220,32.854161,31.526422,6.24,0.112,35.40,-10.16
11925,38.477573,-51.093496,6.24,0.509,-8.66,-20.61
14104,45.467825,5.336104,6.24,1.041,43.23,19.71
14586,47.087857,18.795087,6.24,1.560,37.88,-14.33
19720,63.393978,10.212519,6.24,0.021,26.34,-25.19
21251,68.387673,18.016763,6.24,0.077,12.44,-16.74
21998,70.934432,-41.064813,6.24,1.468,11.21,10.47
24130,77.741562,-2.253748,6.24,0.984,85.61,-150.55
25401,81.509834,-5.518504,6.24,-0.047,7.48,1.11
26106,83.516205,-1.035719,6.24,-0.160,2.94,-2.89
26234,83.842984,-4.424324,6.24,-0.148,-0.48,1.52
27212,86.511928,-4.268318,6.24,1.050,9.51,-68.35
28205,89.395621,66.096129,6.24,1.369,49.05,-12.13
29840,94.244606,23.740916,6.24,0.446,-0.02,-2.61
29982,94.668137,9.047285,6.24,0.870,1.35,-41.96
30448,96.009540,8.885036,6.24,-0.060,-10.76,-9.00
30566,96.375022,-35.064041,6.24,1.353,0.11,-46.15
30815,97.117121,16.238504,6.24,0.894,-91.15,-48.56
33056,103.281561,44.840083,6.24,0.239,5.44,-58.41
33139,103.509624,-50.612141,6.24,0.988,-55.72,222.66
35975,111.212017,-19.012289,6.24,0.291,-3.04,3.83
36526,112.713073,-5.226486,6.24,1.185,-6.36,-3.18
44130,134.816045,-28.806079,6.24,0.997,-43.82,25.19
46247,141.434114,63.941026,6.24,1.465,-12.55,-35.58
48273,147.625704,4.343774,6.24,0.479,-150.10,-50.91
49802,152.485366,-12.095261,6.24,0.184,-1.70,-17.76
50903,155.919640,-41.953220,6.24,0.884,-112.88,12.62
52391,160.630758,-13.974545,6.24,1.540,-14.89,12.54
54708,168.014983,-58.423354,6.24,1.495,-49.73,-0.76
55130,169.300256,-38.014389,6.24,0.105,-71.63,9.26
56245,172.948438,-20.776567,6.24,0.537,-118.10,39.30
57587,177.098125,-10.312840,6.24,0.585,-105.90,-109.06
58741,180.715336,-7.683662,6.24,1.492,-34.25,16.22
59785,183.877974,-41.912839,6.24,1.002,-337.63,-180.89
60549,186.186545,-41.384120,6.24,1.169,-67.26,-69.93
61320,188.447543,33.384695,6.24,1.051,5.36,-10.90
63820,196.201035,-41.196282,6.24,1.649,-17.23,-16.45
68707,210.982343,4.900980,6.24,0.406,-9.97,-2.75
71876,220.513155,61.261988,6.24,0.409,75.99,-29.54
77287,236.689297,-6.120358,6.24,1.169,-11.94,1.26
80227,245.662125,-2.079852,6.24,0.058,-7.82,-7.36
84510,259.148746,-74.532881,6.24,-0.004,-23.89,-52.40
87655,268.559205,11.130954,6.24,0.474,-70.81,-163.11
89684,274.532147,18.131684,6.24,-0.004,-3.17,2.61
92072,281.483308,-50.872678,6.24,-0.080,1.96,-15.20
92386,282.404936,0.836236,6.24,0.041,13.75,-15.77
92731,283.442861,57.486595,6.24,1.243,21.46,-15.60
96721,294.924157,-45.278565,6.24,0.293,-24.76,6.13
96781,295.077680,-54.417762,6.24,1.001,76.43,-11.84
97796,298.090688,18.671900,6.24,-0.031,-0.17,-10.45
98872,301.185478,63.890116,6.24,0.100,2.98,37.47
99445,302.764697,21.134503,6.24,0.894,23.15,31.20
99479,302.837584,21.874965,6.24,-0.048,-4.71,-11.81
100018,304.381402,29.147509,6.24,1.010,-9.15,22.10
100852,306.721403,-37.402627,6.24,0.961,-255.06,-114.25
102158,310.492314,17.521384,6.24,0.942,16.52,43.10
102770,312.321889,-0.563275,6.24,1.401,-26.76,-25.36
103892,315.762869,1.532190,6.24,0.479,-110.47,-53.03
108144,328.649580,-3.301192,6.24,0.466,26.66,-33.04
108506,329.729108,-4.372494,6.24,0.971,-0.99,-252.83
113684,345.377997,57.105475,6.24,1.499,-4.42,-7.10
114969,349.286381,-28.438031,6.24,1.556,39.09,-99.84
116118,352.925175,-21.369440,6.24,0.319,-1.02,-7.18
116824,355.168608,36.720711,6.24,0.424,234.51,23.57
116912,355.477313,57.259966,6.24,1.025,6.78,-5.01
137,0.432689,42.367148,6.25,-0.042,5.11,-1.77
238,0.739274,-20.046074,6.25,0.526,100.38,78.95
399,1.233030,26.648800,6.25,1.368,112.32,-14.52
1193,3.732794,22.284252,6.25,-0.004,45.06,-11.00
1772,5.606022,13.482434,6.25,1.225,63.78,22.35
4879,15.678728,-65.456111,6.25,1.634,8.53,3.68
6952,22.377238,-46.756462,6.25,1.658,2.37,16.72
8148,26.192296,57.089222,6.25,0.062,18.08,1.84
8922,28.723957,40.702201,6.25,1.262,44.19,-68.47
10350,33.337689,74.027810,6.25,0.915,47.07,-36.83
11279,36.316788,56.609824,6.25,0.249,-0.39,-0.65
13178,42.378071,57.084322,6.25,0.786,-0.78,-1.53
14814,47.819769,-16.024940,6.25,1.167,-25.66,-11.14
15125,48.751155,-26.100406,6.25,0.038,-10.70,-21.75
15204,49.007631,34.688609,6.25,0.290,41.49,-39.41
16677,53.656080,-9.868273,6.25,0.019,20.11,4.99
17056,54.854564,75.739602,6.25,0.973,-5.71,8.65
19400,62.342339,54.829088,6.25,0.448,71.89,-93.20
19736,63.457625,12.753741,6.25,1.143,11.60,-16.60
20498,65.899163,42.427992,6.25,0.023,21.03,-34.14
21108,67.850409,40.010215,6.25,0.009,0.83,-9.09
21110,67.857756,-13.644120,6.25,0.086,-17.46,-42.03
23041,74.321718,-1.067192,6.25,0.423,-36.30,-27.09
26149,83.622036,-0.012337,6.25,0.997,-4.53,-3.24
26981,85.875621,-39.406917,6.25,0.377,48.43,3.90
33584,104.662216,7.622352,6.25,0.105,-30.69,-21.19
37636,115.842480,22.399432,6.25,0.930,-22.55,16.32
38623,118.621992,47.385973,6.25,1.133,-16.08,3.55
39530,121.178913,-62.836375,6.25,-0.093,-5.60,11.37
39675,121.614233,-9.244470,6.25,-0.006,-5.84,5.19
39874,122.176850,13.640949,6.25,0.480,2.56,-13.08
41986,128.376153,-46.970673,6.25,1.560,-2.89,4.78
43575,133.119169,28.259176,6.25,1.552,-18.03,-7.03
44031,134.494309,30.233759,6.25,0.474,46.26,27.51
44367,135.526757,-39.402257,6.25,1.000,-41.54,38.38
45413,138.811005,-45.555493,6.25,-0.070,-7.90,-2.00
46543,142.385141,-4.246508,6.25,0.838,-30.31,-52.70
46893,143.333092,-7.190148,6.25,1.170,-62.19,-23.11
47884,146.378999,78.134713,6.25,1.353,8.96,-1.58
49689,152.147696,-15.611947,6.25,-0.007,-37.47,3.13
50868,155.804745,-30.162235,6.25,0.304,2.91,-11.72
51732,158.553009,-60.987629,6.25,1.399,-8.72,-0.22
52316,160.351111,-1.741201,6.25,0.880,-136.88,-119.10
52520,161.083763,-70.859723,6.25,0.208,-46.04,0.85
57805,177.789643,33.374963,6.25,0.345,-5.50,20.58
60729,186.702966,-48.912998,6.25,0.674,-642.01,-79.23
62516,192.174414,48.466812,6.25,0.195,-63.99,10.73
62933,193.456978,12.418501,6.25,0.282,63.35,-35.13
62972,193.554783,33.534404,6.25,0.207,-89.66,31.32
64217,197.425175,38.533871,6.25,-0.098,-14.76,6.16
64437,198.106063,80.471282,6.25,0.955,-6.34,11.27
68687,210.903287,7.546213,6.25,0.927,-38.49,-17.43
69751,214.137198,20.122076,6.25,0.504,-135.94,-93.79
70319,215.813143,1.242730,6.25,0.639,223.66,-477.48
74181,227.356398,-63.642881,6.25,0.059,-10.77,-20.19
78603,240.718880,-62.541525,6.25,-0.015,-30.89,-26.69
79045,242.020707,17.054453,6.25,1.140,-20.63,-29.40
80888,247.761623,35.225107,6.25,1.640,-9.01,-16.75
81632,250.143784,-20.408718,6.25,1.077,15.83,28.40
81687,250.298051,-1.000284,6.25,0.313,20.31,-11.49
82693,253.544167,-1.612110,6.25,0.283,9.62,-80.15
84599,259.399401,23.090638,6.25,1.544,-2.93,-4.78
85181,261.113056,36.951821,6.25,0.884,-25.17,44.63
86391,264.785327,2.028105,6.25,1.021,45.38,-22.53
87293,267.542087,78.306516,6.25,1.452,3.30,9.56
91491,279.887606,40.935062,6.25,-0.052,14.79,-1.26
93423,285.407242,-22.695366,6.25,1.647,3.90,0.65
93488,285.589838,8.373529,6.25,1.648,9.69,3.96
94645,288.888143,-24.179105,6.25,0.548,114.78,-101.81
94724,289.119169,-69.190755,6.25,0.193,7.00,-28.72
94932,289.754785,37.445313,6.25,0.012,5.56,13.75
95159,290.404633,-19.234418,6.25,-0.091,0.80,-11.46
95812,292.325081,0.246105,6.25,1.317,12.46,-10.38
96706,294.893862,45.957380,6.25,0.931,11.67,24.31
96901,295.467067,50.517921,6.25,0.661,-135.15,-163.53
97139,296.142461,13.302809,6.25,-0.041,1.78,-10.82
97697,297.823864,9.629940,6.25,0.102,7.38,-21.73
99585,303.146347,0.867102,6.25,0.042,2.10,-19.81
102057,310.231721,-42.396716,6.25,0.934,15.08,11.05
103902,315.792358,-27.731506,6.25,0.945,35.15,-36.35
104452,317.387188,-20.556331,6.25,0.385,118.49,-135.59
106595,323.829268,28.197687,6.25,0.357,138.92,-33.22
107637,327.035048,36.580403,6.25,1.545,-23.83,-5.96
114212,346.948904,63.633471,6.25,-0.025,6.87,-2.08
115261,350.183776,44.116257,6.25,0.152,-9.59,-36.84
116292,353.429130,45.058073,6.25,0.986,0.09,11.21
2256,7.179087,-50.532846,6.26,1.090,159.44,-5.33
2583,8.204541,28.280226,6.26,0.965,-4.20,6.08
6283,20.144055,-3.247000,6.26,1.013,-1.93,4.32
6595,21.174677,-44.528528,6.26,1.122,-10.09,-19.40
11651,37.568994,33.833842,6.26,1.079,69.98,-55.58
12447,40.065262,6.111953,6.26,0.397,51.42,-3.79
13133,42.231273,69.634199,6.26,0.151,2.89,37.47
17543,56.348733,-71.658237,6.26,-0.123,21.15,42.99
17732,56.954320,32.195498,6.26,0.474,-23.69,-34.29
23653,76.252525,-54.407417,6.26,1.554,-0.01,6.54
23737,76.538584,-73.037824,6.26,0.010,17.48,62.26
24512,78.865250,22.284875,6.26,0.075,-9.97,-6.64
25303,81.192883,-52.316178,6.26,0.067,-5.18,-27.66
26309,84.042827,-28.708006,6.26,0.151,25.52,-3.92
26410,84.316879,66.696715,6.26,0.231,-19.69,-9.45
29129,92.144320,-44.356228,6.26,-0.135,-9.74,6.65
30524,96.232522,-63.828174,6.26,-0.119,-5.39,12.22
30541,96.304164,7.085717,6.26,0.850,2.85,-1.49
31099,97.895613,-36.940196,6.26,1.599,1.54,69.73
31158,98.077179,17.784286,6.26,0.541,36.43,25.96
31703,99.480177,73.695629,6.26,0.396,-169.55,2.65
32144,100.691993,-22.448836,6.26,0.321,-54.07,100.90
33465,104.356612,11.907561,6.26,0.349,0.63,-3.14
33588,104.665874,-55.728926,6.26,1.160,-64.14,-80.90
33666,104.913570,-21.602896,6.26,-0.164,-2.93,4.87
36264,112.008006,-26.838996,6.26,1.513,11.75,9.03
39938,122.346089,42.430788,6.26,1.263,-10.93,-73.67
40677,124.565873,54.143768,6.26,1.558,-21.30,-29.62
42010,128.437769,13.257427,6.26,1.179,-32.22,-47.59
42717,130.587081,-55.774658,6.26,1.178,-73.99,41.57
43807,133.830055,-45.041691,6.26,-0.152,-13.12,8.39
46569,142.457819,-23.345340,6.26,1.559,-3.86,-1.10
46938,143.496538,23.454120,6.26,1.453,-43.63,-82.74
47550,145.410403,25.912955,6.26,1.251,-18.68,-32.63
52535,161.113562,-72.443627,6.26,0.510,-151.58,53.25
52679,161.571322,-60.602893,6.26,0.038,-43.82,8.38
53231,163.338260,-58.893461,6.26,-0.104,-13.23,3.27
55308,169.902420,-75.142450,6.26,-0.016,-23.94,-0.91
57322,176.302735,-49.069869,6.26,1.174,-22.97,10.87
58242,179.183433,-47.072436,6.26,0.407,-126.50,23.10
60087,184.830004,23.034695,6.26,0.177,-13.09,-9.17
61270,188.342783,-19.792486,6.26,0.304,-30.00,-25.79
61796,189.982926,-66.511122,6.26,-0.050,-34.25,-6.57
62655,192.581364,-48.459560,6.26,0.046,-48.03,6.71
62821,193.102531,-53.829927,6.26,1.106,-17.41,-1.66
64520,198.361869,-18.826381,6.26,0.088,-21.28,-10.45
65119,200.173356,2.942317,6.26,0.102,-62.29,-11.23
71040,217.928618,60.225588,6.26,0.243,-48.41,19.68
75535,231.472096,19.480724,6.26,0.618,-53.07,-7.23
76143,233.289727,-24.490342,6.26,0.330,-29.90,-37.28
76395,234.047405,-33.092746,6.26,-0.070,-20.35,-24.51
77995,238.916073,18.620771,6.26,-0.089,-7.84,-10.67
79463,243.235837,-4.220761,6.26,0.133,-29.74,-19.79
83323,255.447460,-58.958226,6.26,-0.124,-2.65,-7.58
83740,256.721779,-26.512991,6.26,-0.038,-2.72,-12.71
86088,263.895843,-59.846097,6.26,-0.081,-4.26,-7.29
86246,264.362159,-38.066357,6.26,1.244,0.16,-2.76
87928,269.428075,-56.896223,6.26,-0.066,-2.49,-11.71
88415,270.786975,48.464236,6.26,0.037,21.37,13.43
91523,279.964994,7.358710,6.26,0.962,-2.13,-45.82
91985,281.230792,54.897189,6.26,0.839,9.77,-1.94
94140,287.440839,65.978443,6.26,0.008,3.95,28.69
95953,292.695128,36.228533,6.26,-0.015,0.69,-12.03
99137,301.896133,-55.016100,6.26,0.530,19.16,36.22
100412,305.422337,-49.998807,6.26,0.549,-359.84,-250.36
102712,312.178071,51.910325,6.26,-0.071,6.42,2.39
103616,314.900552,-19.035233,6.26,-0.110,8.84,-20.76
103693,315.180877,-53.739014,6.26,1.563,13.28,-22.98
109082,331.463416,48.231505,6.26,-0.088,-1.62,-4.33
110696,336.419507,18.444246,6.26,1.201,28.67,28.90
111325,338.319830,70.373681,6.26,0.018,40.26,13.37
115768,351.811522,1.122687,6.26,1.013,46.55,-31.92
115953,352.383234,-4.532183,6.26,1.123,179.73,-231.95
116592,354.415259,16.825504,6.26,0.025,132.08,-3.60
116876,355.361658,49.512461,6.26,0.182,-14.01,-19.50
118076,359.283846,-26.623498,6.26,1.452,54.18,21.09
3858,12.389324,-23.362109,6.27,0.132,-12.25,-14.18
4212,13.448029,52.689345,6.27,0.191,75.18,-21.03
5947,19.129326,79.909869,6.27,0.440,-48.26,59.00
6776,21.775895,34.377578,6.27,0.453,160.89,-10.75
7189,23.151635,-49.727534,6.27,0.462,-28.24,-73.47
8159,26.232719,20.083406,6.27,0.720,-45.05,-105.39
9809,31.551131,8.248142,6.27,1.636,-14.16,-11.55
12982,41.742848,35.983533,6.27,0.935,53.10,-4.07
19121,61.485390,-8.856084,6.27,0.063,22.85,-8.62
22439,72.426319,-13.769250,6.27,0.456,-119.98,-172.43
26071,83.409272,34.725604,6.27,0.170,-14.60,-14.11
26291,83.981322,27.662423,6.27,1.529,-27.05,-31.47
29233,92.446489,-26.701118,6.27,1.010,-17.97,13.09
30019,94.757698,17.325271,6.27,-0.094,-8.68,-4.80
30420,95.942263,-15.071261,6.27,1.534,0.07,1.77
33394,104.190432,-35.341348,6.27,1.278,-2.37,5.52
36728,113.304877,-40.058536,6.27,-0.129,-15.99,5.72
37000,114.069455,-8.311310,6.27,1.541,46.40,3.17
39974,122.448752,-42.640823,6.27,-0.036,-8.72,8.41
45242,138.327815,-42.273442,6.27,1.250,-14.21,62.43
46045,140.855739,-48.286957,6.27,-0.144,-12.14,6.22
46504,142.259735,-1.256916,6.27,0.274,-62.64,1.22
46737,142.887705,-66.719045,6.27,1.348,-17.93,7.78
48266,147.598612,65.593296,6.27,0.290,-58.50,-28.38
48763,149.195386,-26.549744,6.27,0.219,-77.40,29.70
49418,151.313686,-36.384352,6.27,1.112,-6.96,-12.19
52513,161.060914,19.758884,6.27,0.196,-116.65,-20.60
52584,161.289520,2.488028,6.27,1.212,-48.56,-23.87
54718,168.042687,-46.266775,6.27,0.155,-51.71,5.58
56242,172.938094,14.364964,6.27,0.570,-327.88,-188.71
58874,181.118876,85.586911,6.27,0.560,-55.16,90.97
59767,183.836129,87.699989,6.27,0.346,-27.15,51.95
62421,191.889251,-6.301649,6.27,0.538,5.27,-42.22
65630,201.836086,-49.381284,6.27,-0.123,-3.74,-2.87
68682,210.884587,10.787518,6.27,0.733,85.26,-304.04
71196,218.410912,79.660223,6.27,1.315,-100.01,83.97
72124,221.307005,32.788510,6.27,1.610,44.78,-67.68
72702,222.963808,-18.355322,6.27,1.094,-13.17,-1.20
73901,226.558126,-36.264585,6.27,1.658,-23.58,-5.68
74470,228.254283,-61.743764,6.27,1.901,-4.82,-6.50
75091,230.168998,-67.481501,6.27,-0.090,-6.32,-10.16
78840,241.408059,8.096246,6.27,0.084,7.55,0.79
80920,247.867918,72.612203,6.27,1.291,-36.92,55.72
82951,254.266634,-19.539839,6.27,0.084,-18.97,-7.04
82987,254.379337,25.352803,6.27,0.909,8.05,15.85
83308,255.387699,14.949719,6.27,0.031,5.82,-1.13
84759,259.877121,-50.063684,6.27,0.413,7.16,-32.33
88258,270.346343,-17.156852,6.27,1.763,-1.64,-6.68
90256,276.243585,27.394818,6.27,0.053,1.65,-14.35
90692,277.559573,-5.724128,6.27,0.953,-2.22,-16.89
91723,280.559839,-81.808073,6.27,-0.104,14.62,-16.78
92674,283.257481,-9.575558,6.27,0.200,22.50,15.50
93049,284.309630,-43.916945,6.27,-0.073,-0.13,-27.60
94623,288.829928,50.071118,6.27,0.930,-6.87,3.79
95398,291.091987,16.937756,6.27,0.075,-5.95,-14.08
96365,293.889433,-12.253066,6.27,1.089,-7.74,-19.87
97091,295.983224,27.135406,6.27,1.015,0.73,-3.35
97491,297.229474,-52.887992,6.27,1.131,15.47,-47.93
98351,299.734868,-30.538238,6.27,1.051,86.05,-59.89
98658,300.583999,64.634392,6.27,0.927,41.93,11.18
100165,304.762544,-63.230563,6.27,1.045,-8.78,-74.36
100300,305.134602,-55.050803,6.27,1.617,11.56,-32.40
104281,316.890059,15.658797,6.27,1.008,47.42,-57.48
104557,317.695294,-9.353931,6.27,1.161,116.83,-58.64
104771,318.369855,15.982451,6.27,0.238,36.00,-22.94
106420,323.324527,45.854024,6.27,1.805,-2.34,-3.98
107734,327.361941,20.462444,6.27,-0.097,1.69,0.83
107956,328.075723,21.273103,6.27,1.601,15.89,24.52
112358,341.367470,19.366420,6.27,1.057,-26.07,58.04
113673,345.345945,-22.790830,6.27,0.126,28.41,-25.13
25,0.079365,-44.290297,6.28,0.763,58.36,-108.64
2270,7.236105,36.899701,6.28,0.916,-4.42,-2.76
3807,12.236403,-46.697698,6.28,0.897,-10.56,20.81
4298,13.771768,48.678548,6.28,1.681,-23.51,-11.56
4932,15.824018,-29.525771,6.28,0.932,-102.77,-31.82
5175,16.546649,32.181543,6.28,1.308,7.38,-23.53
6512,20.905466,34.245601,6.28,0.829,231.92,117.55
8771,28.211405,51.474853,6.28,0.050,-13.61,-6.84
8930,28.740139,37.128335,6.28,1.169,37.21,-18.49
11802,38.061335,-36.427338,6.28,1.027,57.14,12.50
12990,41.765011,35.554814,6.28,0.385,-39.11,-54.84
14607,47.161640,8.470891,6.28,1.026,-3.40,73.32
20552,66.051331,-57.071157,6.28,0.659,-104.32,-73.73
20772,66.753601,57.585330,6.28,0.063,7.47,-16.75
21082,67.779854,15.105165,6.28,1.725,42.72,-52.75
21486,69.212251,-30.716795,6.28,-0.095,-13.58,6.65
22717,73.273892,-72.408338,6.28,0.521,-46.17,270.71
26368,84.229115,-66.560314,6.28,-0.052,-6.11,10.81
27661,87.857270,32.124696,6.28,1.752,7.44,-0.97
28019,88.897403,-4.788515,6.28,0.056,-13.93,-29.49
28831,91.288835,75.585943,6.28,1.512,10.97,-9.99
29304,92.666370,-45.282007,6.28,-0.012,-1.09,7.78
29404,92.941292,52.647364,6.28,0.141,4.06,-73.13
30973,97.512539,-65.568388,6.28,0.329,1.09,59.75
32020,100.341435,16.397660,6.28,-0.016,-4.72,-4.24
32091,100.568299,-38.398799,6.28,0.346,-15.02,3.33
32261,101.047820,53.296427,6.28,1.089,34.68,-200.98
33297,103.894288,8.324290,6.28,0.037,-23.05,-1.88
33760,105.177198,-28.489474,6.28,0.449,-23.42,-41.48
36796,113.520757,10.568114,6.28,0.022,-30.67,-15.31
38792,119.094681,-30.284535,6.28,1.476,-1.53,-14.44
39238,120.381601,-55.454674,6.28,-0.146,-15.41,7.45
39420,120.873417,-42.948321,6.28,1.008,-18.55,-2.68
40617,124.381915,8.866325,6.28,0.980,-13.49,-6.50
41107,125.820558,-38.286064,6.28,1.613,0.59,-6.17
41208,126.137945,82.430822,6.28,0.035,-19.31,-25.90
42070,128.621929,-37.611195,6.28,1.562,-11.49,10.84
43811,133.845345,17.231260,6.28,2.975,-3.18,6.44
45742,139.885366,-55.186491,6.28,-0.099,-12.61,8.23
48468,148.242543,-27.332404,6.28,0.622,-278.14,95.43
49967,153.011989,-28.605955,6.28,0.019,-39.83,-0.34
54264,166.523921,-51.212744,6.28,0.943,-0.53,-72.33
56201,172.812719,-61.278468,6.28,0.473,-6.41,2.00
57045,175.431322,55.171993,6.28,1.491,-19.67,7.28
58574,180.175952,-21.837480,6.28,1.220,-8.90,-8.43
61295,188.392612,24.283005,6.28,0.114,-10.88,-8.57
66700,205.089325,57.207542,6.28,0.111,-50.00,26.54
68567,210.550688,45.753647,6.28,1.353,28.71,-78.23
68776,211.156041,2.297529,6.28,1.022,-38.82,0.90
70517,216.371449,38.393100,6.28,1.225,5.95,-19.27
73171,224.307167,-29.157607,6.28,-0.011,-17.32,-29.41
74623,228.710888,-5.502572,6.28,1.473,-28.02,6.97
76033,232.931046,-20.164846,6.28,0.220,-70.67,-31.33
77910,238.667808,8.580339,6.28,0.171,2.30,-0.64
82669,253.495225,-41.994321,6.28,0.462,-0.21,-2.33
83331,255.463638,-18.885496,6.28,1.351,-30.48,-17.16
83594,256.272462,-45.502043,6.28,0.074,-27.02,-34.53
84649,259.580297,-16.311902,6.28,1.691,1.44,10.45
85042,260.713581,-2.387915,6.28,0.680,49.94,-107.54
86628,265.515074,-50.510667,6.28,1.661,2.19,-15.02
87866,269.233185,6.487734,6.28,-0.015,19.79,-1.65
87948,269.490824,-39.136467,6.28,0.007,-8.62,-23.20
88217,270.238759,15.093792,6.28,0.747,-50.98,-99.34
90238,276.175204,-7.075873,6.28,1.161,134.90,-26.17
90510,277.025716,-26.757158,6.28,0.157,-8.64,-35.91
91811,280.793098,70.792862,6.28,1.234,5.61,-5.30
92599,283.030221,41.383247,6.28,-0.083,-4.18,-1.52
92635,283.117987,-26.650622,6.28,0.941,-3.25,-60.99
93270,284.992164,22.814492,6.28,1.672,-16.17,9.52
93887,286.784696,-18.738128,6.28,-0.044,-2.00,-17.70
94272,287.828353,-29.502241,6.28,-0.031,14.64,-21.15
97070,295.914553,57.042656,6.28,0.887,3.44,23.61
99893,304.014293,38.898086,6.28,0.006,-1.07,-30.71
100151,304.733193,-47.710769,6.28,1.657,12.31,-2.00
102096,310.352614,-42.133700,6.28,1.584,48.91,-33.19
102561,311.764889,-2.486860,6.28,1.558,-19.81,-21.53
105678,321.069727,-69.733864,6.28,2.607,9.39,-7.43
106907,324.775275,-33.678752,6.28,0.949,71.63,-42.75
107344,326.122546,-38.552136,6.28,1.129,81.42,-162.06
107502,326.599350,25.563373,6.28,1.212,162.41,53.97
108784,330.549094,-17.903329,6.28,1.002,117.62,-59.86
109442,332.587911,-3.893978,6.28,-0.006,16.27,-44.24
111594,339.121968,-40.582513,6.28,0.119,46.18,-72.18
111627,339.202858,35.652423,6.28,1.392,-5.28,-1.83
112078,340.524941,-5.101839,6.28,1.569,68.82,-53.26
112501,341.830024,-34.161787,6.28,1.145,-62.59,27.01
113360,344.386520,3.810164,6.28,1.122,67.60,31.69
115407,350.668751,20.828744,6.28,-0.033,19.01,-11.28
118178,359.588226,-15.847464,6.28,1.079,82.77,-8.13
6087,19.542258,47.419716,6.29,1.357,7.75,-4.24
9827,31.621961,0.035369,6.29,0.897,64.17,6.46
11174,35.965611,55.364868,6.29,0.845,-2.13,-2.75
12305,39.616435,38.089165,6.29,-0.029,11.92,-9.72
13768,44.303802,-29.855275,6.29,0.472,-16.38,-5.53
14972,48.256209,-35.943707,6.29,-0.076,-0.84,7.74
16095,51.827796,12.735307,6.29,-0.025,11.44,-7.54
16424,52.872303,49.209774,6.29,0.067,-14.85,-1.32
16827,54.125766,-78.323089,6.29,1.150,-14.30,6.53
16974,54.582103,56.932798,6.29,-0.099,26.90,-34.89
17464,56.141103,-54.274186,6.29,1.035,25.49,65.50
19412,62.364900,59.908076,6.29,1.112,-4.17,-2.05
23251,75.055367,-78.300012,6.29,1.517,-18.53,1.03
25806,82.680502,22.462305,6.29,1.180,42.87,-20.54
27325,86.827873,-35.674220,6.29,1.191,-3.71,59.87
27625,87.734233,51.514699,6.29,1.047,165.61,-47.53
30062,94.909140,-22.103144,6.29,1.473,-37.05,10.28
33719,105.075434,-5.367357,6.29,0.572,-115.76,80.35
35301,109.381989,-6.680026,6.29,1.624,-25.31,12.09
36856,113.664936,-51.474538,6.29,0.073,-4.78,8.53
42556,130.112635,19.544841,6.29,0.170,-33.74,-13.57
43195,132.001014,-52.850208,6.29,-0.097,-24.89,23.25
48638,148.763950,61.116131,6.29,1.036,7.79,-3.24
51835,158.853347,-76.309005,6.29,1.205,-17.82,7.86
51885,159.018777,-26.675286,6.29,0.475,2.12,-79.49
51914,159.089145,36.327009,6.29,0.436,36.92,-33.84
52709,161.654756,-43.192539,6.29,0.202,0.91,-55.08
52797,161.910039,-57.467418,6.29,1.673,-11.94,2.78
53100,162.945542,-57.272315,6.29,0.226,-50.89,-0.10
56083,172.431914,56.737655,6.29,0.157,-89.53,-33.79
56784,174.634723,33.625862,6.29,1.325,-16.16,-13.68
56809,174.689132,45.108380,6.29,0.566,-593.87,14.80
59796,183.922952,72.551258,6.29,1.145,-9.20,-25.11
60601,186.323426,-65.769612,6.29,0.965,-63.26,-99.22
61246,188.262120,10.295661,6.29,0.953,-50.11,4.27
62523,192.196931,24.840484,6.29,0.703,-334.55,-106.06
62825,193.114680,16.122526,6.29,0.173,-43.25,-12.66
66645,204.920225,-39.747568,6.29,1.597,-14.44,-7.88
73464,225.217832,22.045573,6.29,1.179,-4.50,6.27
73764,226.178757,-40.861242,6.29,1.389,-4.84,-36.25
74273,227.687373,-61.422293,6.29,0.623,-184.95,-11.27
75230,230.596829,12.567532,6.29,-0.008,0.20,-4.52
77782,238.233956,17.403170,6.29,1.238,-55.17,-8.23
78058,239.058321,-31.785893,6.29,0.462,47.83,4.25
79945,244.782131,-20.218035,6.29,1.066,16.84,-15.31
82419,252.650626,41.896347,6.29,1.086,-71.17,63.03
82855,253.990592,-33.506889,6.29,1.747,14.49,6.50
82880,254.069739,73.127916,6.29,0.259,-0.88,-20.48
83567,256.188873,-20.494643,6.29,-0.035,-5.42,-24.64
83684,256.549194,-21.564402,6.29,0.128,-7.57,-74.51
89623,274.350660,-9.758465,6.29,0.382,4.82,-46.41
89677,274.512268,13.777055,6.29,-0.040,-2.83,-7.22
92480,282.710423,-22.162105,6.29,0.390,-17.10,-35.31
93074,284.393303,-39.823286,6.29,0.210,2.49,37.17
93860,286.728396,-50.323067,6.29,-0.057,-3.00,-31.65
94981,289.912681,37.330985,6.29,0.676,-62.18,-183.08
95932,292.644052,-55.110021,6.29,0.450,38.71,-13.30
97033,295.809490,58.016752,6.29,0.590,128.30,-55.56
100524,305.753230,-9.654671,6.29,0.913,27.04,-16.28
102094,310.351067,-25.999850,6.29,1.224,9.39,-25.13
102642,311.970388,52.407579,6.29,0.883,71.97,-169.67
105344,320.058628,22.026172,6.29,-0.106,4.00,5.61
109585,332.986427,59.084386,6.29,1.123,130.07,79.62
110746,336.544566,-23.682443,6.29,-0.021,12.26,-1.91
111550,338.972403,50.070788,6.29,-0.071,6.19,-0.03
112259,341.068647,-60.499667,6.29,0.568,2.92,20.07
115171,349.922394,48.380860,6.29,1.123,206.18,31.11
117774,358.269787,2.090652,6.29,-0.003,14.02,-10.90
4520,14.477147,13.695879,6.30,0.895,-5.97,-5.76
9562,30.715670,-23.886551,6.30,1.340,-39.50,-32.04
11043,35.548759,-43.199917,6.30,0.991,60.73,43.52
12690,40.757715,48.265255,6.30,1.140,5.97,-4.01
13448,43.298567,16.483613,6.30,0.457,64.47,-62.97
14355,46.296919,-8.274302,6.30,1.020,61.13,22.33
15191,48.946451,32.856666,6.30,0.366,-8.95,19.02
15230,49.090462,-5.730415,6.30,1.648,22.06,-20.18
18033,57.816073,13.046132,6.30,-0.058,20.62,-22.18
22607,72.958017,13.655194,6.30,0.502,106.84,-16.00
23555,75.974730,-41.745337,6.30,0.528,22.82,159.17
25290,81.160184,31.223933,6.30,1.251,-30.23,-8.74
25486,81.769804,-11.900844,6.30,0.553,17.19,-49.30
27319,86.811166,42.526959,6.30,1.354,6.93,-86.59
27902,88.565514,3.225768,6.30,1.283,60.22,-52.32
30217,95.357416,2.268588,6.30,0.251,-15.90,-26.84
30352,95.756154,-63.683176,6.30,1.612,-17.07,16.45
30505,96.185411,-40.283970,6.30,-0.049,-2.61,-3.67
30564,96.367398,14.722003,6.30,2.349,-3.06,-4.57
31205,98.195346,-11.166397,6.30,1.096,-15.95,6.22
32208,100.847312,-39.193082,6.30,0.258,-2.92,-15.13
32990,103.095309,-5.316244,6.30,0.977,-22.04,-13.70
33082,103.343338,10.996942,6.30,0.962,-0.45,-120.13
35241,109.238397,-30.896946,6.30,0.200,2.31,-27.21
36019,111.341544,81.257533,6.30,-0.031,-2.30,-31.84
38087,117.081272,-56.471093,6.30,1.010,-4.63,7.26
38406,118.029838,3.277534,6.30,1.464,49.07,-79.02
39073,119.917051,-60.207377,6.30,-0.050,-4.41,10.68
39180,120.200405,19.816235,6.30,1.109,8.78,-8.03
41404,126.696149,26.935486,6.30,0.187,-9.57,1.27
41737,127.663490,-44.737332,6.30,-0.007,-9.65,4.90
44126,134.794834,18.135032,6.30,1.511,-49.82,-67.96
45421,138.838490,84.180988,6.30,0.339,32.78,10.30
45854,140.231065,-15.617567,6.30,0.468,70.22,-106.79
46049,140.863889,-60.302330,6.30,1.477,-10.28,6.61
46168,141.231840,51.573915,6.30,0.774,42.41,-7.86
48715,149.040668,-71.389309,6.30,-0.056,-15.36,3.78
49321,151.011786,-18.101415,6.30,-0.060,-27.28,3.65
54688,167.932468,14.400185,6.30,0.209,-60.31,-13.22
55068,169.116419,-45.880179,6.30,0.403,-139.84,68.68
56135,172.603457,46.657466,6.30,1.265,-5.36,27.66
56632,174.169761,-37.237193,6.30,0.062,-26.71,2.74
58901,181.188723,-59.253248,6.30,-0.034,-37.67,-16.10
59003,181.473449,-65.546875,6.30,0.152,-5.98,-1.42
60809,186.956054,-16.631853,6.30,0.868,-10.33,3.90
66892,205.620307,41.674252,6.30,0.879,-86.37,12.33
68705,210.971238,-22.421616,6.30,0.452,-12.13,5.87
71746,220.136555,-56.440740,6.30,1.173,-12.66,-8.41
72338,221.883774,-43.556775,6.30,1.068,-12.74,-12.62
72772,223.138868,-30.577153,6.30,0.605,-336.20,-41.34
74875,229.539110,-41.061133,6.30,0.176,41.36,-10.54
76366,233.954944,38.373947,6.30,1.306,10.14,-8.31
77007,235.853590,-15.042998,6.30,1.124,-3.94,-95.38
78153,239.374476,39.694964,6.30,1.110,-65.19,49.98
79350,242.914983,33.342730,6.30,1.228,5.07,14.22
79581,243.556589,5.901897,6.30,1.148,43.64,-21.04
79812,244.337395,-53.086265,6.30,0.273,-59.47,-49.70
81425,249.450126,13.687186,6.30,0.433,-32.06,-62.30
81650,250.184952,-51.478576,6.30,0.321,12.43,130.10
82783,253.763877,-42.090824,6.30,0.396,-0.68,-2.72
82868,254.036875,-50.674767,6.30,-0.016,-10.21,-9.55
84021,257.627689,52.408791,6.30,-0.025,-14.60,-8.75
84151,258.068968,-38.822419,6.30,1.050,17.46,-47.61
85549,262.253603,-43.973899,6.30,-0.010,-3.50,-8.06
86506,265.171782,31.287661,6.30,1.075,-59.41,-75.11
86768,265.945936,-7.079582,6.30,0.324,-7.12,-10.39
88294,270.451266,-36.377803,6.30,-0.016,-7.38,-24.98
89474,273.885531,45.209596,6.30,0.641,-76.98,-114.40
89726,274.667310,-42.288385,6.30,-0.144,3.77,-5.80
89835,274.983731,51.347948,6.30,1.112,-36.22,-51.42
90336,276.477526,-33.945692,6.30,-0.075,-1.58,-10.88
91880,280.963404,-6.818012,6.30,0.479,29.30,-44.08
91958,281.167857,23.590091,6.30,0.437,16.54,-85.61
92687,283.300001,-51.931408,6.30,-0.092,1.21,-12.16
93629,286.004167,-57.959972,6.30,0.857,16.33,4.01
93993,287.060662,-24.657348,6.30,0.011,6.07,-8.86
95067,290.137714,35.185955,6.30,-0.092,5.54,1.20
95673,291.901652,37.941208,6.30,-0.120,-0.90,-4.46
96164,293.291937,60.158678,6.30,1.580,3.94,5.29
97845,298.255219,47.807738,6.30,-0.126,-7.31,-7.64
99878,303.960774,-30.005297,6.30,1.513,33.81,7.70
99918,304.095006,-12.337077,6.30,0.005,6.75,-17.13
99920,304.098374,-36.453536,6.30,1.467,1.66,-15.90
102230,310.720613,-39.558810,6.30,1.073,17.76,-8.11
102530,311.660856,46.531728,6.30,0.064,-16.16,-14.75
105685,321.086679,-46.614671,6.30,0.235,48.18,-14.57
109493,332.715400,30.553042,6.30,0.227,17.28,-16.95
110919,337.081153,64.085232,6.30,1.113,9.63,-31.44
111649,339.270234,12.576895,6.30,1.431,-12.94,-32.49
111879,339.933837,-28.325560,6.30,1.006,94.84,-41.22
113593,345.102421,-25.626744,6.30,1.124,90.70,-42.22
116972,355.682530,16.335692,6.30,0.970,91.06,10.90
302,0.965114,66.712203,6.31,1.629,7.86,-8.15
5251,16.789340,53.498193,6.31,1.499,16.82,-3.32
6261,20.081046,77.570465,6.31,0.912,-18.46,89.47
7243,23.326112,8.208815,6.31,0.800,18.89,-31.62
10115,32.532188,53.843201,6.31,0.948,26.33,-45.12
13421,43.211142,-9.441332,6.31,0.196,110.03,39.62
18067,57.923960,68.507536,6.31,-0.057,15.92,-20.89
18438,59.126391,71.821631,6.31,0.333,-52.27,-10.00
18717,60.153694,17.296735,6.31,0.056,2.57,-30.81
19172,61.652428,54.008884,6.31,0.983,55.34,-90.98
19810,63.716973,37.542680,6.31,0.958,-8.90,-4.28
19877,63.942560,15.400749,6.31,0.400,114.38,-22.07
20188,64.905945,10.121536,6.31,1.428,-16.92,-40.90
23296,75.165899,-2.066025,6.31,0.293,-12.94,-3.10
26953,85.788816,-1.613178,6.31,1.467,4.86,-29.07
30376,95.810432,-31.790315,6.31,0.893,-43.21,0.81
31086,97.850030,-32.868565,6.31,1.665,-17.02,6.94
32744,102.433339,-24.076033,6.31,0.054,0.99,-13.59
32838,102.676286,-8.041004,6.31,0.011,-8.95,2.98
33271,103.813389,45.826588,6.31,0.945,-31.15,-73.84
33420,104.250402,-8.179266,6.31,0.641,-2.05,-11.84
34428,107.055325,33.832457,6.31,1.356,-7.76,-28.16
35463,109.807066,-33.727146,6.31,1.302,-15.28,-8.44
37939,116.639374,-37.772493,6.31,1.348,-50.16,-31.50
38031,116.910532,-15.990697,6.31,1.791,-1.61,3.64
39299,120.525549,-37.050075,6.31,1.599,3.44,13.11
39898,122.236895,-11.339645,6.31,0.011,-14.80,-2.04
40766,124.812950,-10.165843,6.31,0.329,-44.81,36.90
41806,127.852913,-39.064133,6.31,-0.133,-5.92,9.30
41927,128.221966,69.319963,6.31,1.360,22.92,-25.21
42249,129.203243,74.723720,6.31,0.308,-16.05,-17.74
45259,138.357594,-38.616436,6.31,0.018,-1.50,-14.68
46194,141.282896,-43.976702,6.31,1.526,-48.11,40.81
46232,141.385630,16.585647,6.31,0.968,-82.56,-24.28
47427,144.947595,-10.570285,6.31,-0.029,-20.54,6.08
49408,151.293314,52.371314,6.31,0.135,-14.01,-4.92
49688,152.143323,83.918357,6.31,1.549,-1.21,6.27
50492,154.657823,-36.804597,6.31,1.282,-32.36,10.29
50584,154.997997,-9.058830,6.31,0.338,-63.40,-71.73
53167,163.150399,-0.201595,6.31,1.503,-6.24,-25.25
54291,166.614857,-50.956743,6.31,1.156,-55.30,7.48
58002,178.459590,0.552107,6.31,0.207,-41.83,2.94
60589,186.276596,63.802775,6.31,0.919,-15.55,2.77
61981,190.520975,-69.407551,6.31,0.750,-4.55,-1.18
62376,191.759536,5.950508,6.31,-0.013,29.95,-55.54
62799,193.022796,-48.094295,6.31,0.040,-44.21,3.76
63243,194.388191,-22.753468,6.31,1.069,-58.42,-13.00
64417,198.035098,24.258129,6.31,1.006,-22.32,-41.79
65606,201.776666,-49.143695,6.31,0.003,-14.83,-5.57
66704,205.097281,50.519272,6.31,0.537,-124.73,57.86
68065,209.043921,32.032481,6.31,0.401,-118.69,48.32
69671,213.910749,-45.000421,6.31,0.596,127.52,-137.60
74505,228.382662,22.983156,6.31,0.064,49.61,99.99
78017,238.956907,58.911710,6.31,-0.028,-31.85,26.62
78117,239.266452,-48.161919,6.31,0.381,-104.90,-109.76
78236,239.628359,-37.503825,6.31,1.006,-12.90,-21.87
80710,247.180887,51.407721,6.31,1.052,34.22,7.09
84535,259.238586,89.037715,6.31,1.575,-23.03,-3.07
84801,259.998031,-5.917038,6.31,0.850,45.42,-193.58
87163,267.115987,-26.974932,6.31,0.094,-1.17,-5.48
88732,271.722803,50.822599,6.31,1.051,4.73,92.23
90478,276.932336,-26.634755,6.31,0.263,-9.10,-36.94
90969,278.346167,-38.720003,6.31,0.020,10.02,-12.51
91279,279.287710,16.198177,6.31,0.896,14.71,48.58
91901,281.033048,-36.718234,6.31,0.980,23.95,-41.75
93418,285.389662,-15.282614,6.31,0.963,-5.29,-1.25
94916,289.719798,9.618162,6.31,1.065,2.86,-37.46
95281,290.768501,-7.400563,6.31,1.455,15.11,-21.45
95487,291.343315,20.271768,6.31,-0.014,-5.87,-17.08
95664,291.891267,14.282491,6.31,-0.068,7.07,-4.29
96917,295.512073,-9.193449,6.31,1.341,43.67,-84.44
98579,300.361494,-40.814240,6.31,0.113,27.68,-39.78
107750,327.420931,-12.722915,6.31,0.223,-8.69,20.81
109212,331.874801,18.000790,6.31,1.605,23.23,-33.21
110988,337.288459,58.404089,6.31,-0.033,16.48,4.70
112567,341.983886,-25.911748,6.31,0.913,107.02,-115.39
113345,344.321691,-4.810092,6.31,0.948,-17.59,-1.27
113501,344.793193,52.654453,6.31,1.414,-26.12,31.62
118029,359.124765,-24.737242,6.31,0.921,5.55,9.90
417,1.265819,-0.502906,6.32,1.099,44.86,-53.47
730,2.259782,-54.001963,6.32,0.738,46.45,13.08
2832,8.978672,13.207502,6.32,0.517,-133.16,-179.03
8086,25.958951,32.192011,6.32,0.879,-6.01,1.38
8127,26.110554,46.139769,6.32,1.419,-7.11,-31.62
10111,32.519876,-43.815557,6.32,0.899,50.21,-7.27
12647,40.620625,10.741781,6.32,0.064,-24.27,-23.37
13947,44.909582,-32.507221,6.32,0.002,7.30,9.67
14914,48.109820,47.726081,6.32,1.425,73.30,-84.85
18565,59.621392,38.840350,6.32,1.081,40.99,-39.30
19859,63.870270,6.187121,6.32,0.570,-109.37,-108.35
22300,72.028930,55.602846,6.32,0.320,79.29,-96.37
23596,76.108902,-35.705208,6.32,0.311,28.46,40.58
26190,83.739340,-61.175983,6.32,0.845,-7.48,-26.73
27583,87.620120,-52.767905,6.32,0.746,-7.54,10.65
28820,91.260767,37.964288,6.32,0.825,-3.08,-6.47
28829,91.284273,59.393331,6.32,1.116,2.69,-49.56
30190,95.272621,-11.817329,6.32,1.676,3.02,1.98
30218,95.357972,17.763606,6.32,1.100,20.16,-42.26
30669,96.677733,-14.603401,6.32,1.242,2.24,-11.68
30849,97.176648,-41.074911,6.32,0.390,39.62,13.94
31469,98.878386,-22.109002,6.32,1.030,9.62,-21.39
32827,102.654008,-25.778409,6.32,-0.183,-4.20,6.08
33064,103.305705,38.438448,6.32,0.516,42.31,-178.92
33189,103.611186,-42.365619,6.32,2.287,-1.28,19.62
33703,105.034523,-20.158438,6.32,-0.134,-5.93,5.26
34954,108.488920,-30.339802,6.32,-0.183,-4.15,4.33
35893,110.993091,-35.837861,6.32,-0.136,-9.57,15.37
36045,111.429107,-31.738732,6.32,-0.176,-8.83,4.62
38183,117.367979,-44.751227,6.32,0.962,-41.68,28.68
39263,120.432388,25.089437,6.32,0.023,-23.32,11.69
39843,122.102711,-63.800834,6.32,-0.058,-7.68,5.41
40604,124.346414,-16.285093,6.32,0.057,-11.80,-7.68
41484,126.903339,45.653841,6.32,0.624,-18.98,-351.48
42394,129.667861,-19.736909,6.32,1.592,9.68,2.22
45424,138.853979,-15.024867,6.32,0.013,-11.01,-17.01
45437,138.894710,-57.577762,6.32,1.037,-15.37,8.32
47096,143.970454,14.379593,6.32,0.027,-41.21,-2.22
48776,149.225583,-27.475212,6.32,0.173,-73.03,23.82
51401,157.476787,65.626304,6.32,1.141,5.21,-29.16
52526,161.095496,-59.993327,6.32,-0.310,-7.10,2.48
56657,174.255099,-32.987996,6.32,0.439,-9.65,-77.42
56961,175.154210,-62.568103,6.32,0.029,-5.73,0.61
56996,175.256654,-83.099962,6.32,1.080,-59.61,10.24
58603,180.257291,-1.767986,6.32,1.204,-19.79,-73.90
60197,185.172376,27.054838,6.32,0.394,9.08,-120.37
60638,186.409491,-86.150597,6.32,1.065,-4.91,-6.56
62807,193.051066,17.073955,6.32,1.622,2.21,-4.95
64181,197.309467,-9.538099,6.32,1.017,-56.19,0.49
64395,197.971143,-63.302986,6.32,0.426,-4.02,-2.50
66236,203.620775,-48.272146,6.32,-0.052,-27.37,-6.82
66607,204.800164,-75.683770,6.32,-0.003,-18.06,-7.27
68643,210.767425,-17.366990,6.32,1.380,-185.83,-9.47
69862,214.455041,48.002096,6.32,0.466,-12.33,-38.10
71243,218.548474,32.534463,6.32,0.450,106.09,5.69
74418,228.130105,-48.218892,6.32,1.115,-24.46,-40.98
75822,232.338042,62.099551,6.32,1.369,-28.42,-8.88
76567,234.565832,-28.206609,6.32,1.176,14.76,-23.35
77186,236.414588,0.891050,6.32,1.195,11.80,-4.39
78059,239.060024,-14.399215,6.32,0.485,41.39,-77.19
78955,241.764695,-14.071320,6.32,0.660,-261.22,11.77
79031,241.966230,-24.462291,6.32,-0.038,-9.52,-23.92
79605,243.663756,-18.535343,6.32,1.085,-92.49,-125.94
80421,246.225571,-45.349462,6.32,0.187,21.40,-15.18
82405,252.592707,-2.654247,6.32,0.401,2.37,-44.91
84496,259.122700,60.670580,6.32,1.090,-40.83,14.43
85975,263.570378,-48.526884,6.32,0.953,-33.37,39.62
87895,269.309737,23.995710,6.32,0.642,-17.28,73.70
88671,271.531002,-0.446098,6.32,1.014,-21.49,-12.55
88754,271.776226,49.710393,6.32,-0.020,0.60,19.82
89674,274.503986,-68.229216,6.32,-0.026,0.44,-16.97
90083,275.758767,-10.218929,6.32,0.130,9.22,-22.24
91781,280.729613,-19.284128,6.32,1.591,-12.59,-33.33
93197,284.747488,50.809126,6.32,0.979,0.53,7.15
93770,286.446379,29.921702,6.32,1.668,-4.33,-11.40
94890,289.657718,49.569347,6.32,1.123,21.18,44.91
96356,293.874133,-7.460185,6.32,1.124,22.84,-40.04
98333,299.674096,70.366807,6.32,0.868,40.45,58.10
98890,301.222553,68.027183,6.32,1.649,-12.12,-9.82
100016,304.371062,42.722063,6.32,1.632,2.72,-1.33
100762,306.433761,10.056094,6.32,1.571,20.98,-38.88
101765,309.382383,31.572541,6.32,-0.089,8.98,-0.63
102819,312.451019,7.864155,6.32,0.019,26.21,12.43
103071,313.254591,-23.783050,6.32,0.876,84.08,-62.70
103949,315.931250,46.863290,6.32,0.259,-38.98,-57.57
105148,319.501940,-64.681511,6.32,-0.064,16.97,-28.55
106500,323.571577,-42.924659,6.32,1.093,-27.92,-8.34
108420,329.462775,74.996740,6.32,1.560,-3.40,-10.65
111965,340.199835,-3.554134,6.32,0.520,-11.22,-43.17
114714,348.559765,50.617908,6.32,-0.005,45.38,-7.14
115148,349.864176,34.793184,6.32,-0.053,16.45,-0.32
117219,356.504909,-40.182478,6.32,0.210,103.11,-36.01
186,0.600698,8.956834,6.33,0.182,-0.87,-4.11
1502,4.677175,-43.235571,6.33,1.210,50.23,-0.06
5772,18.520272,28.529706,6.33,1.684,63.06,-53.79
6312,20.271606,64.658188,6.33,0.113,59.68,-23.53
7879,25.338688,-79.148254,6.33,0.947,59.76,22.13
8020,25.742988,61.421096,6.33,0.013,2.42,-9.32
8044,25.818285,45.322636,6.33,1.020,139.04,5.06
8369,26.949034,-37.159533,6.33,1.016,0.81,20.40
8370,26.950012,46.229885,6.33,0.461,12.84,-55.52
10798,34.744358,-25.946768,6.33,0.724,-218.07,444.51
14566,47.015960,52.213564,6.33,-0.019,23.53,-21.57
16015,51.549038,-41.637005,6.33,0.054,19.61,27.01
19673,63.216147,68.501133,6.33,1.169,-33.32,8.91
21408,68.927390,19.881831,6.33,0.754,-21.88,-16.50
22189,71.600632,-2.954398,6.33,0.041,20.19,-55.09
22949,74.064966,24.592253,6.33,0.351,-22.30,-14.19
23874,76.957587,-12.592442,6.33,1.617,-21.91,-88.90
24377,78.446870,0.560466,6.33,1.463,9.14,-17.69
24847,79.897012,-1.411896,6.33,-0.105,2.16,1.64
25288,81.150420,2.353167,6.33,-0.145,-0.30,-1.01
25786,82.586471,-7.434812,6.33,-0.194,0.66,0.18
29949,94.570229,46.360760,6.33,1.113,12.56,-130.38
30595,96.446413,-3.889025,6.33,1.018,-7.84,-2.98
33040,103.251277,-26.957473,6.33,1.408,-9.40,-65.27
35623,110.262970,42.655999,6.33,1.404,-17.59,-35.59
36914,113.840254,-74.275008,6.33,0.016,-3.63,20.78
37982,116.774059,-39.331033,6.33,-0.142,-22.17,15.50
39041,119.815739,-73.244122,6.33,0.128,-6.77,-20.33
41449,126.818474,-31.672724,6.33,0.897,-22.65,-4.34
42187,129.032123,15.313688,6.33,0.338,5.99,-23.23
42850,130.976359,-68.211646,6.33,1.501,1.51,26.84
43114,131.705207,-34.622959,6.33,-0.127,-12.82,5.77
45603,139.426286,-54.494857,6.33,1.403,-22.56,11.83
46407,141.954950,-71.781204,6.33,0.413,-76.94,42.03
47070,143.890912,-19.583308,6.33,0.069,-27.84,-35.48
47591,145.554114,-66.914820,6.33,0.075,-14.50,-0.26
50122,153.485754,-40.310752,6.33,0.940,-30.43,-9.10
50939,156.054796,2.368072,6.33,0.991,44.22,-22.16
51117,156.653928,-0.988078,6.33,1.443,-48.52,9.19
52160,159.845227,-64.111813,6.33,-0.072,-16.97,10.20
54842,168.417095,41.088797,6.33,1.150,-13.73,16.26
55821,171.606599,33.450565,6.33,0.454,-35.83,17.47
59879,184.205626,86.435843,6.33,0.437,211.86,-10.06
60305,185.484577,47.182260,6.33,1.115,-57.76,-23.61
60699,186.601972,71.929884,6.33,1.028,-150.27,-23.30
61637,189.518472,3.282471,6.33,0.000,-29.08,-11.21
62170,191.107919,80.621128,6.33,0.160,31.45,-42.61
63220,194.302848,-12.066924,6.33,1.491,-17.13,-9.55
67246,206.739260,6.350642,6.33,0.630,-511.29,-109.99
70029,214.948826,38.794077,6.33,0.053,26.72,-10.18
70580,216.556385,-42.318472,6.33,1.215,-111.88,-51.47
72194,221.490750,-15.459545,6.33,1.194,-39.54,1.62
74083,227.081421,50.055006,6.33,1.050,-3.93,-21.20
75000,229.875309,32.514888,6.33,0.234,-38.03,6.58
76666,234.839122,-23.150171,6.33,0.023,-29.64,-21.82
78486,240.331451,-31.889134,6.33,1.454,9.66,-1.25
79125,242.262151,57.937802,6.33,0.032,-23.70,33.37
81428,249.470033,78.918563,6.33,1.141,-24.20,42.49
81580,249.913012,-9.554233,6.33,0.492,11.28,-146.76
82539,253.074097,-67.681514,6.33,1.289,-52.82,-49.20
82861,254.007475,-16.806338,6.33,0.952,81.80,30.96
83342,255.495666,8.450662,6.33,0.091,26.80,2.64
84478,259.056981,-26.543416,6.33,1.144,-479.71,-1123.37
85020,260.663409,-37.804637,6.33,0.682,-1.48,0.13
86184,264.166797,69.571259,6.33,0.596,-53.74,-217.54
87428,267.997700,-1.236811,6.33,1.126,-3.25,2.44
87910,269.362458,11.044568,6.33,0.130,-9.82,-10.33
89114,272.811613,-19.841883,6.33,0.158,-3.75,-30.85
92717,283.388313,75.787323,6.33,0.021,9.25,20.08
95211,290.539880,-42.015952,6.33,1.129,-55.83,-30.83
95369,291.022973,-68.371080,6.33,1.238,-20.76,-0.77
96417,294.034791,22.585781,6.33,-0.059,3.42,-7.23
96729,294.956065,-23.427610,6.33,0.034,7.98,-37.17
96931,295.553387,12.193282,6.33,-0.077,0.01,-8.44
98320,299.643143,38.105691,6.33,-0.090,3.63,0.83
102827,312.477674,46.661328,6.33,-0.066,4.53,3.85
103891,315.757414,14.730014,6.33,1.680,25.64,4.79
105695,321.102176,10.174203,6.33,0.474,70.85,20.13
107030,325.140383,-55.738000,6.33,1.060,18.50,9.44
108453,329.555350,-5.424667,6.33,0.378,41.40,-104.86
111191,337.893214,29.542839,6.33,0.209,-30.20,-33.19
111884,339.945887,19.681149,6.33,0.035,-2.07,-9.71
112508,341.846792,58.483013,6.33,0.017,7.77,7.61
113009,343.297376,40.167383,6.33,-0.074,9.14,-8.93
114159,346.789303,-49.606135,6.33,1.452,8.80,0.10
115015,349.416911,-11.712955,6.33,0.058,41.21,5.11
115476,350.882937,0.291298,6.33,1.583,71.80,11.28
117450,357.224617,59.978933,6.33,-0.007,50.47,15.16
798,2.467065,-62.296837,6.34,0.164,17.32,17.50
1208,3.778865,31.535738,6.34,1.555,33.23,-5.37
6685,21.442927,70.979921,6.34,-0.011,9.33,-13.89
6702,21.535909,34.579907,6.34,0.500,235.58,-84.99
7819,25.145360,8.760765,6.34,0.401,68.29,1.86
11261,36.243284,-2.780015,6.34,-0.011,1.77,-6.56
19111,61.444700,-20.512536,6.34,0.918,-27.24,-10.81
19917,64.087178,-60.948543,6.34,0.097,43.73,25.01
20533,65.998996,24.301023,6.34,0.173,4.54,-12.94
21428,69.006967,-3.611622,6.34,-0.100,1.10,-7.86
22128,71.426923,23.628036,6.34,0.058,9.41,-16.78
23092,74.545436,-2.212769,6.34,0.110,12.31,12.71
24909,80.086276,-34.698851,6.34,0.318,4.39,-2.29
25205,80.879514,5.323046,6.34,0.123,-30.42,16.63
27075,86.118359,-20.126663,6.34,0.580,-18.24,37.05
27901,88.558521,-29.147102,6.34,0.370,-32.60,-42.55
29114,92.096396,41.055846,6.34,1.044,0.89,-49.27
33644,104.834083,7.316986,6.34,-0.106,-8.81,-7.77
34248,106.502052,-30.655729,6.34,-0.131,-8.22,7.41
34940,108.451615,-22.905786,6.34,-0.184,-3.57,3.19
35132,108.947104,-23.740312,6.34,-0.018,-14.06,12.83
37089,114.320555,-23.775412,6.34,0.540,-5.45,5.48
37091,114.324190,40.025502,6.34,1.600,-15.06,-48.99
38206,117.416580,-14.085357,6.34,1.660,-5.81,-0.90
38355,117.834762,-43.095246,6.34,-0.173,-5.41,5.88
39194,120.253306,23.583161,6.34,1.160,-19.63,-28.17
39279,120.479996,35.413085,6.34,1.564,-25.04,-6.78
39326,120.608190,-6.337108,6.34,0.615,6.27,-11.25
39691,121.673387,-48.497413,6.34,-0.172,-6.95,9.78
41813,127.873212,-54.393905,6.34,1.298,15.43,-43.10
42415,129.749654,52.925148,6.34,1.319,-28.67,-28.44
42579,130.181465,-57.545532,6.34,0.208,-22.87,17.52
43570,133.100765,5.340330,6.34,0.122,-1.92,-7.87
45150,137.982047,5.468653,6.34,0.328,-96.41,-10.12
48413,148.049999,0.075672,6.34,0.934,-25.93,-25.40
48861,149.486836,45.414381,6.34,1.096,6.43,-34.11
49645,152.006958,-37.333462,6.34,0.980,-27.42,7.03
49870,152.745735,40.661602,6.34,1.277,-9.04,2.35
50785,155.543649,-58.265637,6.34,0.884,-48.30,26.72
50916,155.961065,-57.953904,6.34,1.517,-21.89,-11.86
52685,161.593908,57.366054,6.34,1.568,-53.18,-57.57
52730,161.700373,-69.209793,6.34,0.180,-7.87,2.83
53259,163.386933,-15.445686,6.34,1.176,65.49,-57.19
54048,165.902222,-13.434911,6.34,0.860,4.17,-3.84
54673,167.873215,-71.436199,6.34,1.373,-16.77,4.07
57819,177.841835,-12.187922,6.34,0.410,-239.32,45.48
58469,179.856773,-62.830950,6.34,0.317,-5.51,0.91
59291,182.446191,74.661366,6.34,0.511,-5.91,0.83
59458,182.937062,57.054445,6.34,1.505,9.92,-14.97
59588,183.304035,-34.125287,6.34,1.449,-37.20,6.15
59622,183.403324,-33.792881,6.34,0.071,11.23,-15.42
59647,183.485314,-78.573887,6.34,1.234,-4.31,-19.64
62172,191.113020,44.102997,6.34,0.469,-30.32,2.91
64117,197.115999,-67.796762,6.34,1.710,-9.56,-0.02
64951,199.701404,-79.975961,6.34,-0.027,-18.11,-22.90
65230,200.516549,43.903334,6.34,0.255,-61.73,18.65
65678,201.998865,52.745643,6.34,0.259,-101.74,-22.29
67648,207.902401,-36.433002,6.34,0.484,-110.63,-113.84
68537,210.461270,68.678685,6.34,1.412,-33.68,-4.45
69122,212.234444,-59.276670,6.34,0.031,-12.51,-17.04
71870,220.499006,-77.011422,6.34,-0.027,-21.07,-12.15
72373,221.978839,-12.839782,6.34,1.097,49.05,-92.64
73241,224.536725,-48.862192,6.34,0.708,-15.47,-337.07
75101,230.196555,-2.412917,6.34,1.062,-262.44,-170.16
82731,253.649749,-30.587337,6.34,0.214,29.45,-1.45
83738,256.720577,-1.656117,6.34,0.209,34.88,-28.15
83816,256.944616,40.516140,6.34,0.032,-37.00,-35.26
84113,257.938417,7.894729,6.34,1.040,33.07,13.56
85187,261.140815,15.606022,6.34,-0.017,6.94,10.98
85195,261.154294,-18.445743,6.34,0.046,14.72,-7.98
86546,265.295820,15.178388,6.34,0.040,-7.69,-4.83
88528,271.167493,23.942171,6.34,0.306,16.27,-70.55
88862,272.140580,14.284717,6.34,0.181,-5.81,-0.48
92079,281.504798,-19.606370,6.34,1.578,-7.51,5.25
94149,287.464970,-0.428098,6.34,-0.042,2.67,-6.34
94243,287.757943,-39.004682,6.34,0.006,-0.25,-9.45
95253,290.701442,9.912890,6.34,0.458,8.18,107.08
95818,292.337068,20.279778,6.34,-0.097,2.95,-16.89
97326,296.686072,68.438002,6.34,0.309,7.43,-1.66
99234,302.159488,10.725871,6.34,-0.136,3.83,-1.81
99529,302.991263,-12.392358,6.34,1.209,-6.85,-18.60
101684,309.159692,-63.120764,6.34,0.413,10.18,-81.64
102258,310.807023,57.114005,6.34,0.282,-2.34,-3.38
102499,311.588682,52.995551,6.34,1.131,-81.51,-104.52
103963,315.967240,41.628304,6.34,0.390,-2.29,-53.33
104048,316.188833,2.269932,6.34,0.965,94.64,-66.08
109190,331.790218,58.840772,6.34,0.877,-16.06,-22.30
112746,342.496856,-32.805400,6.34,0.317,-34.56,-23.53
114607,348.266693,29.441622,6.34,0.924,-30.41,-40.03
115129,349.785614,-79.472436,6.34,0.913,27.68,10.95
115833,352.002861,-35.544488,6.34,1.201,4.84,1.32
117860,358.589120,-27.042909,6.34,0.197,29.36,0.84
1215,3.793978,27.283477,6.35,-0.002,14.69,-15.37
1296,4.057853,76.950763,6.35,-0.044,19.77,-3.13
1575,4.923247,40.729507,6.35,1.179,-25.30,-19.00
5141,16.455093,4.908662,6.35,0.383,11.75,-119.26
6427,20.627154,-19.081050,6.35,0.493,-58.42,-64.95
7786,25.054654,53.868289,6.35,1.608,-16.19,-4.63
7963,25.573692,58.627759,6.35,-0.027,15.39,-8.22
8480,27.330676,-31.072423,6.35,1.222,85.62,-16.48
10446,33.657816,28.691426,6.35,0.957,159.02,-99.15
11479,37.018080,-64.299783,6.35,-0.025,34.24,6.15
12708,40.834267,-40.527940,6.35,-0.022,14.73,14.11
12744,40.963531,25.638332,6.35,0.089,-5.20,4.38
13424,43.216776,52.997390,6.35,0.093,0.22,-15.25
17136,55.047665,-15.226500,6.35,0.881,-3.76,-14.11
18201,58.393600,25.682966,6.35,0.110,21.06,-34.22
18658,59.918394,10.330411,6.35,0.417,133.06,-3.50
21144,67.987264,36.742853,6.35,1.089,4.23,-67.69
22280,71.956491,-30.020597,6.35,1.071,28.97,92.79
24984,80.247267,27.957297,6.35,0.039,-14.92,-14.55
25638,82.144865,13.679016,6.35,0.168,10.32,-15.07
26796,85.362174,-33.400712,6.35,-0.040,4.96,-12.26
26853,85.516607,22.660386,6.35,1.194,-0.36,-25.09
27660,87.846255,-64.033606,6.35,0.866,-7.98,16.77
28117,89.140699,28.942271,6.35,0.275,1.19,-2.21
28764,91.118780,-45.037202,6.35,0.517,-82.08,246.35
30501,96.182276,25.048718,6.35,1.210,1.79,-1.67
30517,96.219815,16.057231,6.35,1.063,23.31,-41.37
30675,96.686872,-7.511907,6.35,-0.061,4.54,-11.80
31593,99.171122,-22.614751,6.35,-0.117,-8.05,7.74
31889,99.991115,44.014104,6.35,1.222,22.35,4.09
32539,101.847738,18.193557,6.35,0.066,-0.02,-43.08
36657,113.092839,-35.961199,6.35,-0.096,-13.83,4.24
38870,119.318293,1.127022,6.35,0.507,-164.71,2.90
39035,119.801290,-49.976869,6.35,-0.151,-5.37,7.53
39514,121.136038,-25.699698,6.35,1.461,-16.32,-16.01
39722,121.791473,43.260448,6.35,-0.020,-12.56,-34.36
41940,128.250603,24.084906,6.35,1.032,-64.67,-47.47
42142,128.853987,2.743440,6.35,1.023,-1.50,3.80
42440,129.805183,-60.317337,6.35,-0.002,-41.25,19.94
43177,131.918356,-41.736239,6.35,0.578,-20.50,-227.68
43624,133.274706,59.056143,6.35,0.414,15.50,-1.18
50562,154.925175,-65.137244,6.35,1.556,-8.43,2.13
52308,160.323020,-59.676922,6.35,0.088,-7.81,2.58
52785,161.877565,-69.437734,6.35,-0.085,-8.29,0.30
53849,165.238902,-15.792592,6.35,1.172,86.61,-36.82
54725,168.061593,-32.433825,6.35,1.683,11.58,13.29
55225,169.642526,-79.668602,6.35,0.266,57.70,-20.06
55791,171.458762,3.860194,6.35,0.345,-83.06,-34.72
56944,175.114333,57.970374,6.35,-0.092,-9.39,12.68
60780,186.870157,-58.316479,6.35,1.612,-1.09,13.97
61692,189.692900,40.874695,6.35,0.204,-24.25,-13.49
68763,211.112508,-14.971656,6.35,1.081,-35.28,-21.42
69398,213.102308,-24.363340,6.35,1.351,19.90,-5.22
69977,214.779887,-27.141155,6.35,1.591,-23.12,3.03
73454,225.161356,47.277404,6.35,-0.099,-8.22,15.49
73941,226.646631,36.455964,6.35,0.537,-64.31,40.36
76739,235.064836,-31.213694,6.35,1.418,-49.77,-31.64
78849,241.435524,-6.291143,6.35,0.413,50.00,5.83
80610,246.884446,2.870659,6.35,1.638,6.39,-10.38
80850,247.662831,77.445851,6.35,0.995,-103.74,272.94
82554,253.114263,-40.723105,6.35,-0.141,-9.27,-19.90
82798,253.816537,13.619993,6.35,0.339,37.01,-34.06
83007,254.426263,24.381309,6.35,1.089,6.48,-20.08
83493,255.969473,19.690493,6.35,1.518,-22.94,8.55
83906,257.227297,-3.882607,6.35,0.697,-54.85,-158.21
84938,260.389360,16.731266,6.35,1.608,-6.46,-15.50
89512,273.991377,-3.617984,6.35,0.201,-0.50,-3.52
90146,275.949812,53.300863,6.35,0.168,23.59,-10.67
91733,280.594289,-64.642975,6.35,0.153,-3.22,-28.75
92016,281.327673,-21.001546,6.35,0.458,26.75,-28.35
93117,284.541789,-83.422167,6.35,-0.033,16.90,-13.03
93315,285.103245,-24.942271,6.35,1.253,55.54,41.20
93466,285.529336,52.261137,6.35,0.983,-7.47,-32.73
94290,287.879007,26.735949,6.35,0.444,33.02,-31.94
96204,293.441810,5.465765,6.35,1.471,-5.11,-23.67
100155,304.739747,39.004203,6.35,1.871,-2.12,-8.08
100781,306.506594,13.911679,6.35,1.453,25.12,-27.49
101211,307.736630,-29.112650,6.35,0.227,18.53,-6.31
101384,308.218137,-24.943725,6.35,0.001,5.27,-42.89
103103,313.353906,-30.718909,6.35,1.100,34.13,-18.37
105689,321.096300,24.528417,6.35,1.057,34.94,-9.96
106474,323.476965,-82.683078,6.35,0.089,22.61,-2.50
111296,338.195400,15.863222,6.35,1.190,20.43,17.10
112694,342.322701,-70.348062,6.35,0.071,12.96,32.95
113465,344.677680,7.340239,6.35,0.052,-29.32,-67.77
114984,349.328567,75.299033,6.35,0.049,17.81,-3.06
115178,349.929655,-33.707960,6.35,1.308,42.71,-37.68
115945,352.362481,-1.791159,6.35,1.125,-14.39,-22.00
116505,354.127151,32.904197,6.35,0.459,-5.58,7.12
63,0.181750,45.253333,6.36,-0.047,17.38,0.22
5259,16.803649,-23.996256,6.36,0.238,74.44,-31.75
6025,19.350598,31.744609,6.36,1.132,-44.70,3.32
6486,20.838635,58.143214,6.36,0.457,132.26,-90.68
9149,29.472376,-65.424684,6.36,0.906,-24.59,-6.50
10832,34.853177,-41.848435,6.36,1.162,4.86,27.62
12057,38.866200,39.664462,6.36,-0.095,16.30,-33.44
13271,42.699062,-39.932199,6.36,0.040,42.30,-10.16
14797,47.771949,-13.264304,6.36,0.614,26.92,8.14
15700,50.567844,-25.587804,6.36,0.010,5.11,0.66
18990,61.036043,-16.588578,6.36,1.266,93.93,-61.63
19721,63.398804,-40.357839,6.36,1.468,10.69,30.91
20138,64.762041,-33.904628,6.36,0.132,-2.11,4.53
22508,72.651607,70.941577,6.36,-0.069,1.71,-20.20
22850,73.743011,19.485457,6.36,0.292,63.32,-28.41
24440,78.648096,76.472769,6.36,-0.011,-8.58,-3.27
25505,81.814159,2.341205,6.36,0.965,5.87,-2.02
26463,84.440813,33.559155,6.36,1.306,16.61,4.98
28561,90.423458,22.401044,6.36,-0.071,-6.19,-17.40
29178,92.334149,-18.126333,6.36,-0.040,3.51,-21.33
31509,98.975302,-36.088455,6.36,0.486,-59.85,-73.04
31603,99.213643,-41.557155,6.36,1.147,1.28,5.62
32067,100.496794,6.345419,6.36,-0.084,0.81,2.35
32222,100.903053,-73.117970,6.36,0.960,12.43,-98.28
33330,103.978243,-31.790196,6.36,-0.155,-8.17,6.67
33532,104.531480,-27.164392,6.36,-0.186,-2.50,4.26
34956,108.491633,71.816539,6.36,1.119,23.39,18.54
35735,110.571610,59.901959,6.36,0.282,-1.72,15.40
36325,112.166216,27.552880,6.36,1.223,17.01,24.23
38449,118.151885,55.209546,6.36,-0.003,-21.76,-42.20
38667,118.751824,-52.583358,6.36,-0.007,-13.58,11.49
38959,119.568886,43.977362,6.36,1.043,38.82,4.94
39866,122.156867,-37.681242,6.36,-0.054,-7.81,8.71
41653,127.401651,-55.190904,6.36,0.799,-9.69,-13.23
41939,128.243808,-34.634047,6.36,0.951,-18.26,3.27
41941,128.257780,-45.752928,6.36,-0.119,-8.86,9.06
43454,132.756386,15.350475,6.36,0.669,-118.13,72.47
43763,133.725212,-58.239697,6.36,-0.086,-20.24,16.14
45214,138.210972,-60.916815,6.36,-0.044,-22.14,18.93
47633,145.679667,48.431058,6.36,0.010,-30.54,-23.75
48219,147.464005,-36.268473,6.36,1.008,-18.07,4.29
49445,151.420687,15.757524,6.36,0.387,-77.31,-7.20
50142,153.537401,-23.813972,6.36,1.639,-24.41,10.87
50904,155.924020,29.615887,6.36,1.090,-7.90,-13.12
52273,160.214826,-35.741731,6.36,0.917,-26.60,5.53
53151,163.119450,-79.559442,6.36,1.460,-11.29,2.09
53492,164.143512,25.500263,6.36,1.036,-23.00,-7.90
53589,164.450807,-59.732195,6.36,0.840,-5.12,2.09
58452,179.794607,-45.832200,6.36,-0.081,-30.05,-8.45
59941,184.434331,15.144800,6.36,1.384,34.54,-41.27
60417,185.812668,-67.632171,6.36,0.887,-751.13,257.04
60804,186.925287,8.610371,6.36,0.935,22.23,-11.21
64838,199.374554,-0.676041,6.36,0.260,-68.14,-9.60
66152,203.399668,-65.632622,6.36,-0.014,-34.28,-27.91
68380,209.955403,-3.549651,6.36,0.486,-29.68,-56.30
68516,210.403494,17.668593,6.36,1.215,-45.85,-83.14
69564,213.589533,-5.947920,6.36,0.593,-306.24,83.58
70528,216.415839,-66.172883,6.36,0.128,-41.85,-15.98
70626,216.707871,-39.873933,6.36,-0.088,-19.65,-22.79
70873,217.402844,41.796448,6.36,0.702,161.06,-220.92
73116,224.149073,-39.415972,6.36,0.061,-38.85,-21.22
74552,228.496633,-61.342927,6.36,-0.041,-7.13,-20.76
75125,230.278736,24.958066,6.36,1.257,-26.56,-18.91
76234,233.586973,-39.349119,6.36,-0.017,-28.22,-37.49
79420,243.134153,75.210594,6.36,1.283,-43.51,35.73
81337,249.178955,15.497529,6.36,-0.055,-14.74,-30.35
82543,253.080205,-41.854513,6.36,0.264,-2.26,-0.37
83013,254.459106,42.512550,6.36,1.280,-10.23,-41.00
84650,259.585465,-32.553089,6.36,0.109,-2.16,-7.39
84855,260.139980,48.188799,6.36,0.427,207.18,-3.35
84947,260.423262,-24.906009,6.36,1.399,-34.21,-38.49
85622,262.447363,-5.919323,6.36,0.930,-33.13,-64.40
85934,263.428194,14.841777,6.36,1.595,22.09,-73.53
86501,265.156317,43.470528,6.36,1.199,54.62,56.79
86769,265.951884,-13.508429,6.36,0.384,-71.14,-110.93
87822,269.100734,-65.720964,6.36,0.451,84.63,-318.58
88148,270.065256,0.629488,6.36,0.160,20.25,-2.03
88213,270.220243,6.268311,6.36,-0.104,0.89,-6.98
88929,272.292425,30.469193,6.36,1.194,73.52,139.13
89246,273.177595,41.146947,6.36,1.038,-10.10,-43.99
89620,274.348603,-28.288607,6.36,0.536,132.39,-151.56
90174,276.014991,-3.583042,6.36,0.351,-16.78,-47.43
90597,277.303634,-43.845992,6.36,0.904,0.79,21.96
90884,278.086072,-14.644217,6.36,0.217,-3.15,-21.05
90967,278.344643,-5.911649,6.36,0.034,-11.04,-28.17
91172,278.998506,-29.699080,6.36,1.272,4.60,-9.93
91499,279.903649,5.264282,6.36,0.800,1.74,2.02
94858,289.540654,-53.386888,6.36,0.505,24.65,-81.41
96630,294.704129,3.381522,6.36,0.001,1.30,0.22
97151,296.204553,40.716864,6.36,1.561,-68.01,-24.79
99453,302.780894,-57.524155,6.36,0.057,12.17,-34.76
99870,303.930153,50.232866,6.36,0.096,15.52,15.09
101623,308.949231,-44.337643,6.36,0.958,-9.85,15.37
101997,310.047652,-23.774987,6.36,0.719,500.83,460.76
103079,313.280713,29.649254,6.36,1.085,-4.78,-64.56
103752,315.366795,-68.209606,6.36,0.101,-15.51,5.30
105017,319.071319,44.238197,6.36,0.979,14.93,10.67
106661,324.058406,30.055276,6.36,1.240,-52.47,59.73
108119,328.572662,19.718151,6.36,0.938,-34.28,-12.44
108766,330.505700,10.973802,6.36,-0.104,10.84,1.53
108969,331.143807,32.941763,6.36,1.121,6.11,-7.82
109375,332.370575,-23.659117,6.36,0.921,34.06,3.25
109434,332.563815,72.111318,6.36,-0.053,-8.49,-21.74
109445,332.591770,14.629919,6.36,1.080,18.95,-25.12
111086,337.572208,-14.585651,6.36,-0.047,34.25,-34.49
112032,340.380313,30.965859,6.36,1.579,48.80,1.14
112603,342.088730,-61.684356,6.36,1.059,73.06,-3.29
113204,343.877368,-20.139367,6.36,1.429,43.98,-15.25
114742,348.651747,24.102885,6.36,1.167,113.84,5.31
117472,357.299530,58.963222,6.36,0.408,33.26,-8.39
117712,358.102171,75.544486,6.36,0.977,341.82,41.88
6378,20.495581,76.238888,6.37,0.283,67.85,-34.31
6971,22.428293,-25.617780,6.37,1.141,37.75,12.76
8514,27.453594,-38.403483,6.37,0.523,2.10,282.37
9022,29.039147,-49.836480,6.37,-0.081,14.36,14.00
9207,29.611160,-33.066738,6.37,1.006,4.19,-20.26
10562,33.990391,47.812058,6.37,1.029,45.16,-49.62
14318,46.169383,15.856246,6.37,1.400,-11.92,-91.94
14757,47.647297,-23.738623,6.37,0.912,60.38,31.18
15807,50.912474,4.882112,6.37,0.851,-6.83,-2.56
16319,52.580789,71.863897,6.37,1.772,3.85,0.10
16602,53.421805,57.868636,6.37,0.523,7.00,36.75
18428,59.115239,-13.597541,6.37,1.585,9.30,4.19
19233,61.838719,-64.223110,6.37,0.636,185.91,336.76
20698,66.505563,4.373490,6.37,1.078,22.87,-16.01
21152,68.019759,5.410020,6.37,0.420,114.15,6.17
21324,68.658885,-24.040544,6.37,1.137,14.91,18.05
24017,77.435541,64.919933,6.37,0.448,-16.75,-182.20
24825,79.822649,-18.519941,6.37,-0.134,2.26,8.98
28118,89.143458,-23.215383,6.37,1.068,12.62,30.02
29326,92.757376,18.130471,6.37,1.350,1.78,-2.42
29568,93.438857,-23.862207,6.37,0.713,-47.06,110.90
29746,93.974903,1.169005,6.37,0.443,-6.51,30.36
30503,96.183290,-28.779819,6.37,0.626,-164.83,-120.68
32268,101.052166,36.109259,6.37,0.065,5.17,-0.09
32931,102.914058,3.042063,6.37,0.052,4.19,-29.65
34168,106.287450,47.775043,6.37,-0.048,0.28,0.09
36965,113.983327,43.031087,6.37,0.364,-26.13,-52.69
37165,114.559845,24.360393,6.37,0.337,10.84,19.90
37773,116.182823,-66.072048,6.37,0.949,-15.97,47.43
38372,117.920354,-12.819393,6.37,0.384,8.25,-4.96
39038,119.806524,-49.973789,6.37,-0.089,-10.57,7.29
39876,122.181595,-20.363178,6.37,0.141,-7.25,2.25
42854,130.999111,4.334573,6.37,-0.040,-15.01,-6.30
44665,136.531708,-64.499921,6.37,1.361,18.60,29.57
45097,137.803032,80.828946,6.37,0.385,-20.66,-15.02
47454,145.083642,-10.769183,6.37,0.083,-8.44,-0.66
51290,157.152241,45.212263,6.37,1.330,-21.80,-21.03
53141,163.057047,1.024982,6.37,0.087,2.61,-3.83
57779,177.730929,12.278971,6.37,0.294,-136.66,27.20
59010,181.499294,-3.131543,6.37,0.997,-27.64,-19.81
60994,187.520548,-13.393052,6.37,0.591,-261.58,-54.16
64682,198.857358,-69.679197,6.37,1.210,-99.97,-35.52
65303,200.760866,-48.562786,6.37,-0.077,-8.80,-2.28
66223,203.591042,38.789209,6.37,0.241,21.11,23.00
71658,219.852677,-49.055015,6.37,0.440,-189.07,-125.21
83984,257.526163,-61.675441,6.37,-0.049,-2.75,-6.35
84934,260.380130,28.758099,6.37,0.724,12.16,0.80
85474,262.009948,-8.208059,6.37,0.570,-84.75,-129.61
86153,264.089262,27.566807,6.37,1.586,-4.59,-69.36
86537,265.272906,24.513121,6.37,1.204,-18.35,54.84
87434,268.003682,46.643856,6.37,1.060,30.21,-115.78
88599,271.361431,-81.486449,6.37,1.528,28.45,-49.29
90337,276.480143,14.966280,6.37,-0.037,-7.60,-19.85
92475,282.689779,10.976377,6.37,1.443,7.51,6.35
93234,284.861581,-18.566388,6.37,0.962,-0.62,-18.62
93543,285.779123,-19.103016,6.37,0.480,12.62,-3.52
95319,290.891481,33.221570,6.37,0.804,82.04,162.92
95820,292.339004,-7.044064,6.37,0.870,-0.33,-9.40
96003,292.806490,55.731880,6.37,1.123,-2.67,-18.19
96351,293.854690,2.913476,6.37,0.414,11.26,53.24
96428,294.065325,14.391173,6.37,1.045,13.60,-42.21
96688,294.855567,16.571136,6.37,1.918,0.29,-6.41
96734,294.967211,-66.685407,6.37,0.037,35.16,-40.34
97029,295.794839,38.671713,6.37,1.220,6.90,0.30
98954,301.360525,15.500369,6.37,1.615,34.33,17.62
101300,307.992447,25.805026,6.37,0.281,41.31,-20.03
103929,315.858463,50.351803,6.37,0.986,64.48,45.82
107893,327.905224,65.752761,6.37,0.281,-6.43,-20.83
109306,332.177644,-33.125751,6.37,0.205,13.66,24.90
111543,338.966579,56.070576,6.37,0.107,14.11,-0.72
112368,341.394327,30.443407,6.37,0.933,-250.94,-349.50
113080,343.523327,-19.175139,6.37,1.515,81.90,-4.30
113802,345.688115,44.058765,6.37,-0.020,2.19,-5.99
115530,351.036990,41.612868,6.37,1.702,-12.12,2.31
115839,352.021401,-11.449699,6.37,0.902,99.58,-22.03
345,1.084575,-29.268830,6.38,0.006,29.15,3.44
3132,9.948979,82.493575,6.38,0.551,-113.67,77.23
3965,12.738609,51.508034,6.38,0.307,137.97,-0.49
7651,24.632657,45.399705,6.38,-0.021,-16.21,0.59
8233,26.504143,-27.348722,6.38,0.366,97.86,-45.12
9983,32.139783,44.459544,6.38,0.965,14.13,-47.38
10227,32.871643,57.645548,6.38,0.298,-0.72,-1.79
13363,42.984010,-30.814775,6.38,0.484,122.99,104.95
14232,45.875471,28.269956,6.38,0.306,66.87,-20.64
14544,46.947251,47.308706,6.38,0.122,3.96,1.53
16449,52.973384,-25.614113,6.38,0.120,53.46,-14.98
20467,65.782325,-35.544840,6.38,1.242,-1.62,10.27
20630,66.329572,-44.161057,6.38,0.457,27.33,65.64
20904,67.216569,30.361541,6.38,0.547,23.05,-20.33
23908,77.055244,-15.095358,6.38,0.889,-1.82,1.87
25810,82.687778,39.826003,6.38,0.986,23.37,-35.63
27001,85.921328,-45.833101,6.38,0.295,24.48,97.57
27512,87.392205,-44.875408,6.38,1.262,-3.13,5.76
28642,90.722875,43.378404,6.38,1.205,8.65,-28.91
31105,97.905994,15.903534,6.38,0.275,-7.78,-13.28
35253,109.264016,26.689805,6.38,0.883,57.22,-131.62
36123,111.615866,10.608066,6.38,0.078,-35.90,0.21
36346,112.214173,-64.509784,6.38,1.554,5.36,-8.40
36553,112.786644,11.203013,6.38,1.278,-17.74,-14.15
37128,114.437624,-38.010572,6.38,1.472,-12.05,60.26
38037,116.938386,-16.014481,6.38,1.697,-7.78,-0.76
38306,117.722580,0.079543,6.38,1.237,17.04,5.47
40291,123.421044,-33.569552,6.38,1.141,33.76,9.96
41893,128.139125,-15.030197,6.38,0.275,-48.98,22.21
41926,128.217741,-31.502704,6.38,0.780,-1113.64,761.73
43354,132.468331,-39.141703,6.38,0.249,-63.91,41.13
43520,132.958524,-44.150948,6.38,-0.150,-12.87,6.66
45249,138.339725,-29.664422,6.38,1.600,25.20,21.72
50075,153.354114,-33.031879,6.38,0.592,-369.81,64.39
50552,154.884870,-5.105976,6.38,0.894,-41.13,-70.76
52660,161.523686,6.373272,6.38,1.121,-6.77,-36.58
53860,165.273858,63.421235,6.38,0.169,-51.01,-51.42
56410,173.484899,36.815737,6.38,1.057,-126.15,-50.37
57137,175.727218,-79.306363,6.38,0.894,127.49,-10.97
58085,178.685908,-66.376039,6.38,0.406,14.51,-65.43
60098,184.873588,28.157222,6.38,0.523,-202.47,-125.69
61328,188.496904,-49.909693,6.38,0.428,-165.18,-48.19
62128,190.994432,-36.349135,6.38,-0.060,7.37,-7.39
69592,213.670571,21.873410,6.38,0.194,41.12,-7.18
69735,214.101587,39.744694,6.38,0.376,-140.37,6.97
71853,220.463532,-30.933120,6.38,-0.083,-14.89,-15.03
72983,223.725214,-69.860925,6.38,-0.059,-9.48,-13.00
73571,225.535778,-7.575292,6.38,0.180,-22.94,-2.75
75810,232.300565,16.395470,6.38,0.955,-32.84,61.00
78540,240.518693,-51.120733,6.38,-0.003,-11.88,-15.38
82241,252.036978,13.590338,6.38,0.877,12.73,-17.33
82989,254.383701,13.883943,6.38,0.930,-81.01,69.73
83677,256.540173,9.733855,6.38,1.458,7.84,5.37
83688,256.554279,10.453862,6.38,0.896,37.35,6.40
85313,261.503596,26.878685,6.38,0.124,7.88,20.28
85589,262.356656,-38.516943,6.38,0.091,22.92,9.59
86713,265.773253,44.084236,6.38,1.521,-42.39,34.71
88565,271.253393,41.946051,6.38,0.287,-19.75,98.16
88972,272.406883,38.458915,6.38,0.876,-316.17,-468.33
88981,272.430713,-13.934427,6.38,1.428,14.61,-3.34
89006,272.489963,-59.040175,6.38,1.553,-25.57,-2.74
95576,291.610236,62.557053,6.38,1.413,31.86,37.80
97228,296.415217,36.091007,6.38,-0.049,2.23,6.59
98346,299.720526,-68.762404,6.38,0.164,36.46,-73.83
98910,301.272563,-11.599377,6.38,0.543,-0.57,-14.98
100434,305.512729,41.132146,6.38,1.016,2.44,-3.67
100808,306.597765,56.638678,6.38,0.018,10.00,8.35
101808,309.467420,-25.109183,6.38,0.328,72.85,-15.41
102631,311.949399,3.306443,6.38,-0.013,37.66,9.71
103077,313.273219,-11.573762,6.38,0.661,40.45,42.26
104788,318.426916,64.404208,6.38,0.625,17.13,-105.43
104872,318.654286,0.092287,6.38,1.574,36.40,-12.61
105662,321.033081,-22.747071,6.38,1.026,-21.59,-12.35
105729,321.215329,-3.398235,6.38,0.334,-6.64,-50.25
107797,327.554041,-16.844900,6.38,1.420,18.41,-5.60
109009,331.264466,14.815955,6.38,1.523,-13.53,-14.89
109124,331.556455,56.343390,6.38,-0.091,16.36,2.56
109977,334.123569,27.804040,6.38,0.982,-14.99,-4.28
110408,335.461913,42.078169,6.38,-0.086,15.65,-5.23
111753,339.572525,45.182951,6.38,0.771,-5.22,-6.67
113433,344.598382,-1.410193,6.38,0.366,85.47,-6.67
114152,346.770799,35.636465,6.38,1.158,56.25,10.71
115389,350.619074,25.918510,6.38,1.540,2.24,-10.96
116624,354.512420,-15.094837,6.38,1.078,82.29,-111.43
1803,5.714804,-12.209585,6.39,0.659,394.27,60.45
2734,8.730866,13.371269,6.39,1.136,-74.19,-54.54
3641,11.659293,69.325371,6.39,0.424,166.87,15.31
3992,12.826296,3.385175,6.39,1.069,22.13,-63.64
4446,14.229121,68.775742,6.39,0.375,97.59,-35.05
6093,19.557884,57.803169,6.39,1.589,-7.68,-1.21
7147,23.031598,34.799975,6.39,-0.103,-9.66,-5.32
7444,23.968599,41.076419,6.39,1.122,144.44,0.69
7505,24.181347,7.831507,6.39,1.605,4.49,9.13
9862,31.716505,-19.138781,6.39,1.143,148.40,-36.22
11293,36.360351,-66.494029,6.39,1.511,-20.67,1.21
15987,51.482564,-35.920874,6.39,0.082,36.34,-4.74
16672,53.639910,-31.874798,6.39,1.404,15.36,-1.10
18769,60.311814,36.989484,6.39,-0.005,-6.13,-2.72
20039,64.466026,80.535761,6.39,0.947,-11.62,9.28
24955,80.169547,66.746819,6.39,0.921,-7.59,24.29
25667,82.237131,-3.307412,6.39,-0.007,-3.29,-6.96
28765,91.121274,51.573499,6.39,0.196,2.30,-42.82
29798,94.099134,17.181631,6.39,1.565,-0.27,-9.59
30602,96.468042,11.125908,6.39,0.077,-7.71,-9.57
31266,98.361181,-20.923894,6.39,0.817,-17.73,-27.54
31662,99.403823,10.853373,6.39,1.351,-37.96,-32.68
33154,103.535825,-5.852202,6.39,0.174,-11.21,5.60
33774,105.207246,-33.465720,6.39,1.052,13.13,78.19
36141,111.671737,11.008858,6.39,-0.126,-5.49,-10.39
36977,114.006746,-55.887733,6.39,1.182,-14.56,10.37
37951,116.686333,-12.675313,6.39,-0.004,-10.32,-0.08
40354,123.587525,13.048340,6.39,1.034,-18.85,-18.35
41781,127.794328,-47.866640,6.39,-0.147,-13.82,8.49
42516,130.026835,20.007816,6.39,0.980,-35.02,-11.77
43593,133.170117,-52.128942,6.39,0.003,-16.52,14.79
43853,133.983056,-23.818414,6.39,0.157,-46.96,45.55
44331,135.419966,39.713704,6.39,0.314,-41.39,-76.52
44423,135.772299,-53.550395,6.39,-0.074,-19.30,9.42
44768,136.862549,22.980865,6.39,0.453,-168.24,2.91
47260,144.484535,73.080444,6.39,0.352,-42.41,-20.33
47627,145.672360,-35.501728,6.39,-0.053,-20.07,7.53
48706,149.022298,-40.824504,6.39,1.612,-23.24,-17.15
48730,149.091257,-51.336154,6.39,-0.162,-7.61,-1.66
50893,155.886098,-3.642868,6.39,1.601,-11.79,5.45
54289,166.601331,-64.839956,6.39,0.114,-48.91,-6.73
54749,168.144967,-21.749351,6.39,1.381,12.87,4.72
58809,180.935541,5.557952,6.39,0.476,-149.01,-83.08
60454,185.903166,-39.302372,6.39,0.285,-23.07,4.90
60468,185.949255,-30.335385,6.39,1.572,10.21,-12.25
61719,189.759199,22.659545,6.39,1.096,-42.12,-19.77
61748,189.820195,35.951965,6.39,0.095,19.31,-2.63
62046,190.767460,61.155372,6.39,1.268,-51.36,19.85
67589,207.747492,68.315442,6.39,1.179,-176.59,-58.13
68739,211.060705,-5.381385,6.39,1.321,-16.35,-12.66
68902,211.604836,-59.715902,6.39,0.079,-3.26,-1.17
69065,212.059471,-63.208036,6.39,1.013,19.17,35.26
70385,216.008265,27.413188,6.39,1.609,-3.89,-4.43
70966,217.735948,-40.845112,6.39,1.441,-13.10,-4.16
71168,218.334450,36.959203,6.39,0.521,2.84,-73.78
71333,218.821149,-60.015579,6.39,1.256,-27.15,-26.76
71406,219.028661,23.250293,6.39,1.063,-9.53,27.21
72000,220.867275,-62.966659,6.39,-0.086,-4.43,-4.78
73118,224.159786,-62.364407,6.39,-0.055,-9.11,-4.09
75959,232.704973,-71.654083,6.39,-0.112,-7.00,-21.76
76006,232.842959,36.616661,6.39,0.529,-3.82,-25.47
77729,238.053707,-29.886344,6.39,0.991,-136.52,-85.51
78870,241.499302,-6.139741,6.39,1.034,-34.19,-5.30
79385,243.027279,39.055576,6.39,1.262,-3.91,-21.39
79867,244.540869,68.554436,6.39,1.343,-24.68,44.88
87670,268.611441,75.171215,6.39,0.972,-12.52,38.11
89010,272.499843,-32.719271,6.39,1.025,1.25,-150.02
89943,275.279779,49.725409,6.39,1.086,0.66,23.51
92233,281.955019,-77.868613,6.39,0.593,-26.52,149.49
93437,285.451538,33.621260,6.39,-0.117,0.40,-1.00
94372,288.116747,-21.658328,6.39,1.129,31.83,-22.34
96316,293.755139,52.502101,6.39,1.122,1.47,-34.13
97142,296.159044,34.414156,6.39,1.521,3.64,3.35
98086,299.006752,-81.349839,6.39,1.402,20.03,-0.71
98701,300.703358,31.958801,6.39,1.205,11.37,12.76
99176,302.027083,16.664373,6.39,1.720,4.33,7.14
99457,302.791985,-8.842339,6.39,-0.135,1.39,-2.07
100866,306.782388,34.329074,6.39,0.480,1.47,-1.80
101966,309.966031,11.249447,6.39,0.559,47.44,83.05
105406,320.255994,40.345574,6.39,0.533,-18.89,-208.92
106021,322.103474,8.195711,6.39,1.640,6.89,-27.25
106065,322.250319,-53.705850,6.39,1.140,70.11,-25.53
106590,323.816280,-23.454278,6.39,1.098,78.05,-14.26
108296,329.099931,21.239823,6.39,1.698,1.73,14.62
108759,330.469367,-77.662529,6.39,0.231,-11.96,-6.41
108797,330.609355,-16.964833,6.39,0.447,5.94,-1.09
109647,333.182895,-4.720594,6.39,0.498,-43.36,-35.13
110091,334.517903,-0.237523,6.39,0.441,-41.39,-54.73
111200,337.921992,-10.905465,6.39,0.290,71.08,-39.77
111539,338.953426,-17.460314,6.39,1.420,-30.42,-45.32
112170,340.767988,47.168761,6.39,0.450,2.26,-2.69
113131,343.648408,16.941853,6.39,1.729,15.09,-8.01
114005,346.323386,1.307179,6.39,0.928,34.34,-21.23
115218,350.059876,61.970140,6.39,1.678,6.97,-4.77
116060,352.754781,-6.288009,6.39,1.259,-10.59,-29.68
116146,352.989838,-1.085924,6.39,1.177,8.98,16.17
2213,6.993666,19.514081,6.40,0.990,-22.30,-17.33
2937,9.325733,-54.393810,6.40,0.995,70.07,-3.79
4709,15.128615,70.983004,6.40,0.135,76.68,-6.50
5485,17.549828,-8.906040,6.40,1.029,-19.62,-39.20
5688,18.290905,61.706204,6.40,0.018,29.16,-6.35
9521,30.617811,-29.665665,6.40,0.135,-15.71,9.52
10050,32.345947,17.224649,6.40,0.471,136.08,-186.23
11020,35.480985,57.242920,6.40,0.569,-1.20,-1.83
12272,39.502924,7.695377,6.40,0.431,87.68,-41.53
12784,41.079543,17.764015,6.40,1.143,36.53,-35.79
15323,49.417151,31.127185,6.40,0.574,-103.09,-56.65
15585,50.188236,-26.606562,6.40,0.542,41.60,22.84
15655,50.389279,-47.776629,6.40,0.989,7.04,-13.03
16924,54.449244,15.430623,6.40,0.167,22.43,-29.51
17328,55.636208,-85.262023,6.40,-0.005,20.99,24.32
21525,69.330201,-41.873064,6.40,0.167,24.76,49.44
22720,73.290813,52.841185,6.40,0.068,-14.03,-12.40
24114,77.685804,-25.910527,6.40,1.246,-1.45,26.48
24925,80.110038,-5.367517,6.40,-0.047,-4.11,-4.72
26263,83.899600,-3.252838,6.40,-0.122,0.85,-1.00
26602,84.817617,-17.849415,6.40,-0.095,-6.97,2.78
26781,85.337360,29.487481,6.40,-0.081,16.34,-25.72
27777,88.165277,39.574722,6.40,0.098,-0.94,-7.31
29913,94.465573,-52.733034,6.40,1.456,8.55,0.95
30608,96.495119,-7.894975,6.40,0.145,-0.36,-3.51
33650,104.866396,25.914187,6.40,-0.111,-4.62,-6.57
34250,106.505044,59.801857,6.40,1.190,22.00,-2.88
35725,110.555872,38.996035,6.40,1.217,0.92,-37.35
36740,113.353453,37.187883,6.40,1.231,-0.55,5.87
36986,114.030921,-22.160477,6.40,0.968,-15.80,-11.47
37289,114.850819,-16.847255,6.40,1.470,0.13,-15.29
37530,115.542599,-58.630935,6.40,-0.094,-5.40,7.03
37723,116.058609,12.860116,6.40,1.392,-14.56,-18.44
39625,121.456839,-0.573323,6.40,1.058,-13.47,1.09
40220,123.214827,-37.924467,6.40,0.108,-3.90,-1.24
41011,125.539591,74.820254,6.40,1.022,48.34,45.30
42071,128.623867,-27.098199,6.40,1.429,-37.72,15.41
45614,139.464017,11.501151,6.40,0.095,-14.94,-2.16
45754,139.949763,-34.103316,6.40,-0.087,-12.79,-9.72
45888,140.348379,45.370150,6.40,1.305,-9.17,-20.19
47249,144.464757,-9.424465,6.40,-0.040,-61.73,7.72
47422,144.938121,-62.942969,6.40,-0.084,-17.74,18.53
49619,151.898875,-48.260830,6.40,-0.150,-15.94,3.94
52877,162.207761,65.132474,6.40,-0.022,5.09,7.39
53411,163.863548,-43.020549,6.40,0.068,-53.22,8.53
54319,166.683388,17.737426,6.40,1.555,25.62,-25.56
54721,168.045398,68.271854,6.40,0.127,27.70,6.57
56170,172.721428,47.929101,6.40,0.879,-222.13,-75.26
56830,174.751759,-24.720509,6.40,0.821,30.75,-240.23
59352,182.631841,16.809276,6.40,0.070,-21.66,-2.23
61557,189.194358,-50.335371,6.40,0.026,-47.39,-9.53
65621,201.811143,-40.162691,6.40,0.974,-17.68,10.74
65835,202.428412,-23.281358,6.40,1.317,-60.73,11.01
67261,206.795294,-62.589706,6.40,0.000,-5.49,-3.66
69655,213.838862,-53.509930,6.40,1.576,-18.38,-4.44
70809,217.216363,-47.992039,6.40,-0.112,-22.53,-19.20
71857,220.476003,21.123688,6.40,0.928,-11.09,-56.32
73966,226.733225,-52.029750,6.40,-0.109,-2.86,-12.31
76165,233.351225,-40.490699,6.40,1.016,40.10,-62.89
78360,239.979744,-78.027099,6.40,0.387,-1.68,-73.47
78710,241.025841,-59.176172,6.40,1.366,-4.71,-4.14
79530,243.439600,-24.422046,6.40,0.043,-9.97,-19.22
79787,244.245777,-53.695959,6.40,0.793,-58.94,-113.01
79788,244.246675,-20.104071,6.40,1.270,-5.79,-7.06
81691,250.319757,1.245483,6.40,1.019,-13.36,-16.04
82898,254.105481,65.039045,6.40,0.383,-34.43,32.72
83269,255.279279,-56.555015,6.40,0.100,-2.50,-25.55
86130,264.033752,28.185020,6.40,1.367,1.70,29.56
86725,265.823774,-27.883972,6.40,0.438,4.04,-3.72
88815,271.951561,-64.550037,6.40,1.266,-8.33,-57.38
90981,278.372686,-58.708532,6.40,0.688,23.92,-104.06
91677,280.426917,-14.564242,6.40,0.757,1.49,-0.78
92040,281.408587,79.942509,6.40,0.296,12.45,67.60
94913,289.712225,0.339001,6.40,1.050,16.97,9.21
95340,290.945532,20.264355,6.40,0.013,3.07,0.42
101641,309.034676,25.882619,6.40,0.158,23.61,11.96
105228,319.726336,-28.765658,6.40,0.966,-212.64,-66.68
105425,320.319178,-49.937855,6.40,1.327,-2.34,-161.95
107398,326.301670,52.267579,6.40,1.901,-2.37,-0.76
110316,335.164659,50.980815,6.40,1.195,2.54,-0.41
112179,340.809365,-6.962912,6.40,-0.039,26.27,-10.08
113189,343.811964,-36.388581,6.40,1.313,45.00,0.62
116428,353.883633,-7.464471,6.40,0.874,0.29,16.48
116962,355.630862,61.679396,6.40,1.250,39.50,-13.32
695,2.136950,63.204049,6.41,0.998,-9.43,-3.52
2628,8.330015,70.981848,6.41,-0.007,35.38,-1.81
2663,8.432704,-35.000822,6.41,0.617,-60.33,-516.78
3649,11.676942,59.574541,6.41,1.081,-5.89,-0.88
5240,16.750306,56.935236,6.41,1.188,93.95,-108.56
5477,17.530737,-57.694140,6.41,0.888,-2.86,-114.73
7363,23.714812,-23.699713,6.41,1.306,25.08,12.91
13789,44.385939,-38.190952,6.41,-0.018,2.61,11.10
14649,47.333750,20.761151,6.41,1.241,51.46,-11.77
15309,49.381418,65.658350,6.41,0.079,-10.33,6.88
16226,52.265852,3.248687,6.41,0.790,-2.39,7.27
16447,52.954330,49.401095,6.41,0.075,-1.68,-0.98
16938,54.500693,42.582903,6.41,-0.064,19.10,-24.59
19601,63.001082,-17.274600,6.41,0.968,21.02,-54.17
20856,67.039480,-41.959839,6.41,1.614,-14.68,2.56
25453,81.661767,6.868737,6.41,-0.023,9.64,-32.53
25580,82.003845,33.764212,6.41,0.510,20.14,-209.31
25582,82.006128,1.298248,6.41,-0.173,-0.25,1.11
26820,85.417951,-2.896515,6.41,0.320,50.55,23.66
28596,90.538818,-60.096850,6.41,1.508,16.64,7.85
30200,95.299632,29.540927,6.41,0.048,9.48,-45.66
30382,95.827042,3.764513,6.41,-0.149,1.61,-9.56
33012,103.189337,-59.341288,6.41,0.181,-14.82,38.22
33591,104.682104,-30.998053,6.41,-0.137,-10.74,6.63
37461,115.340516,-44.632179,6.41,-0.003,-0.10,4.56
39172,120.183907,-2.881925,6.41,-0.087,-5.69,2.99
42075,128.633132,-32.598396,6.41,0.752,-10.74,-143.01
42951,131.336521,-2.601030,6.41,0.521,3.77,-13.23
43427,132.688045,18.832240,6.41,0.009,-11.83,-23.47
43590,133.161256,-36.545337,6.41,0.549,-7.92,-2.17
46058,140.882724,25.182838,6.41,0.856,-120.14,0.64
47231,144.406348,60.213761,6.41,0.921,-11.78,-32.35
49223,150.705929,-62.156676,6.41,1.688,-8.77,3.89
51461,157.663511,-61.356507,6.41,1.650,3.05,13.36
53798,165.106595,51.502140,6.41,1.007,-29.93,-15.96
54745,168.135540,35.814448,6.41,0.600,-248.55,-151.33
55350,170.017348,-71.994333,6.41,0.019,-24.93,-1.62
58706,180.619105,-71.489008,6.41,1.163,-62.20,11.00
60525,186.111702,25.582430,6.41,0.276,-7.46,-10.65
61208,188.137055,-21.212005,6.41,1.110,-138.45,-45.66
62084,190.868335,-58.902741,6.41,1.092,-71.12,-0.34
66521,204.531780,-58.414581,6.41,1.113,-0.80,-26.77
69614,213.721033,3.335938,6.41,1.600,-49.98,-24.78
70320,215.813994,-47.416951,6.41,1.257,-6.24,-3.85
72846,223.347343,15.705111,6.41,0.569,-23.60,23.11
73953,226.704577,-16.484321,6.41,0.162,-62.33,-16.71
77138,236.248391,-50.785407,6.41,0.163,-52.04,-23.10
77350,236.856827,-40.194106,6.41,0.880,-156.61,-42.63
77397,237.007469,31.735722,6.41,1.517,1.81,-43.76
79599,243.620390,-21.107564,6.41,0.002,-16.07,-29.73
80247,245.735349,32.333030,6.41,0.083,22.17,-7.14
83114,254.760725,69.186347,6.41,0.725,-0.18,-40.64
83365,255.571212,31.884065,6.41,1.134,27.83,22.62
87042,266.780397,-38.112097,6.41,-0.020,-3.36,-27.60
87264,267.470864,-61.714659,6.41,-0.049,5.47,-18.75
87624,268.492222,-34.831042,6.41,0.000,4.33,-4.59
88429,270.810689,19.613158,6.41,0.017,-4.40,-0.47
90163,275.988644,38.739177,6.41,1.429,7.79,13.64
90858,278.028679,3.659595,6.41,-0.025,9.22,3.24
91675,280.422108,31.617597,6.41,-0.047,8.30,6.31
100672,306.173975,1.368612,6.41,1.605,5.66,-20.10
101011,307.181603,-15.741497,6.41,0.999,8.09,-1.15
101570,308.776420,-71.188809,6.41,1.305,-38.53,12.30
102585,311.836522,45.579989,6.41,1.606,4.22,-22.39
103168,313.527402,-27.925198,6.41,1.634,-11.68,-17.16
104041,316.173470,2.942260,6.41,1.051,12.37,5.77
105079,319.306428,-13.278974,6.41,0.035,-9.41,-6.13
106103,322.393725,6.581387,6.41,1.179,4.50,-3.46
106544,323.678172,1.829189,6.41,1.398,13.22,-11.36
108259,328.981682,-30.605872,6.41,0.927,53.50,-20.00
108364,329.296217,66.156154,6.41,-0.056,5.84,-0.32
109272,332.067850,49.797001,6.41,1.579,1.57,-4.37
110311,335.151024,-57.509762,6.41,1.404,25.71,-8.89
111066,337.505780,-12.915118,6.41,0.356,160.94,0.54
111072,337.527193,49.356486,6.41,1.166,-25.06,-30.28
111247,338.077863,54.036997,6.41,1.043,30.33,14.52
114163,346.793521,59.727398,6.41,-0.030,6.56,-1.78
114725,348.590503,29.771850,6.41,0.448,-5.74,-7.61
115245,350.143907,62.213267,6.41,1.605,-1.38,-1.02
116119,352.929373,28.403522,6.41,0.035,-29.93,-13.78
116187,353.120964,23.843675,6.41,1.492,-2.02,-27.06
117430,357.162628,64.876485,6.41,0.062,17.13,-14.26
6717,21.613826,-0.398986,6.42,1.241,50.11,-19.66
6794,21.861105,41.101098,6.42,0.311,9.84,24.67
8664,27.907490,-6.874120,6.42,1.233,4.13,-9.39
9094,29.290937,-10.241836,6.42,0.817,-368.41,-243.15
14719,47.536783,27.819889,6.42,0.014,17.62,-50.91
16516,53.162404,44.855775,6.42,-0.007,1.12,-6.38
16531,53.214435,-61.016988,6.42,1.037,77.48,47.37
20558,66.060304,12.158041,6.42,1.408,15.83,-22.23
22534,72.735746,-53.459904,6.42,0.483,-87.35,84.89
22938,74.037602,7.904800,6.42,0.415,-92.81,-42.94
23551,75.967182,-14.370238,6.42,-0.187,1.23,3.12
24193,77.909624,29.903636,6.42,1.752,7.69,-23.09
24607,79.171027,1.947344,6.42,-0.015,-10.86,-6.61
26079,83.434572,-54.902315,6.42,0.550,65.95,10.37
26616,84.862943,21.763007,6.42,0.066,2.87,-32.09
28385,89.940955,55.321072,6.42,0.318,-2.78,-88.40
28951,91.663337,63.453817,6.42,1.011,-35.53,8.74
30627,96.540020,-3.515849,6.42,1.039,-92.14,65.10
32918,102.885680,-48.292729,6.42,1.207,18.97,-10.41
35080,108.830884,-0.161293,6.42,0.901,-8.17,4.01
35707,110.508537,-8.979412,6.42,-0.189,9.39,14.23
36351,112.219422,46.314777,6.42,1.202,-41.60,-65.70
37666,115.928880,-38.201917,6.42,-0.119,-21.41,15.59
38196,117.384655,12.814295,6.42,0.984,-6.84,-18.53
38945,119.524596,7.213555,6.42,-0.031,-11.96,-10.26
40063,122.757029,-37.292387,6.42,-0.045,-4.72,5.82
40639,124.442302,-36.067595,6.42,1.446,-3.44,1.51
40675,124.560139,15.677932,6.42,1.018,-18.83,-4.71
41060,125.683578,60.631241,6.42,0.969,9.13,-2.12
41564,127.121493,-2.517100,6.42,0.332,-10.34,-10.59
42549,130.092120,19.669970,6.42,1.020,-35.22,-13.15
42775,130.737527,-35.943350,6.42,0.019,-10.54,20.21
43215,132.060972,-28.638780,6.42,1.364,-10.55,-8.43
43246,132.156173,-1.044832,6.42,1.142,-50.89,-1.35
43673,133.461517,-40.447551,6.42,0.960,-6.38,3.50
45764,139.982437,74.016757,6.42,1.050,-40.56,-63.87
48351,147.840377,-6.182059,6.42,0.577,-126.85,53.73
49092,150.300062,-56.096562,6.42,-0.013,-27.45,1.00
49343,151.097466,-39.975859,6.42,1.311,-37.32,0.51
50067,153.338331,-61.658836,6.42,-0.111,-15.79,2.73
50509,154.744872,46.760855,6.42,1.190,-49.37,-31.92
50516,154.753090,24.712120,6.42,1.388,-55.21,7.26
51248,157.015879,48.787044,6.42,0.610,80.56,-881.76
51265,157.076174,-63.164573,6.42,-0.039,-16.31,3.26
51327,157.265297,-65.176335,6.42,1.675,54.40,37.44
52032,159.467824,34.078610,6.42,1.364,-18.93,5.20
52929,162.370076,63.810001,6.42,1.287,-14.40,11.58
55003,168.928181,-57.355869,6.42,0.098,-13.26,-5.41
57939,178.232568,37.732808,6.42,0.754,4003.69,-5813.00
58369,179.530203,32.274059,6.42,0.331,-108.43,-62.38
58436,179.726635,-25.908803,6.42,0.038,-27.91,-22.46
62443,191.964239,3.572721,6.42,1.596,-8.93,-2.11
62904,193.384169,19.481491,6.42,0.805,-150.31,-176.84
65754,202.190819,50.718751,6.42,0.404,35.69,-74.81
65796,202.312253,-1.364284,6.42,1.122,-42.01,-58.99
67104,206.306116,10.325414,6.42,1.226,-54.99,-44.79
67199,206.560587,-54.683313,6.42,0.116,-30.74,-22.75
68224,209.495240,-25.998090,6.42,1.274,27.54,4.45
69340,212.880325,1.362323,6.42,0.479,-128.36,31.08
70038,214.971891,-6.746110,6.42,0.915,-90.74,-23.53
70418,216.092406,-82.848223,6.42,-0.001,-22.64,-10.97
78476,240.294664,-63.776529,6.42,0.567,-3.23,-3.50
81231,248.859556,17.057345,6.42,0.062,-8.26,-1.40
84332,258.615232,-39.766646,6.42,2.282,-1.76,-1.60
85019,260.657933,-35.910933,6.42,0.541,88.18,96.20
85391,261.730433,-25.943397,6.42,-0.055,-9.67,-26.79
85450,261.933622,8.442141,6.42,1.660,13.08,-42.11
85826,263.061997,11.930007,6.42,-0.013,2.69,16.32
88172,270.115226,19.505784,6.42,-0.054,5.20,0.80
88876,272.160778,-21.449557,6.42,0.755,-0.95,-2.33
90971,278.347096,8.268273,6.42,-0.044,-0.86,-9.12
94770,289.252192,-65.227644,6.42,-0.046,-4.02,-24.00
95239,290.656999,-51.231263,6.42,0.328,83.07,-5.40
96919,295.517228,55.463315,6.42,1.453,12.97,-38.29
97485,297.210835,33.437297,6.42,0.129,-3.64,-5.74
101489,308.499673,4.898685,6.42,1.016,4.79,-8.79
101552,308.697425,-30.473419,6.42,-0.075,12.67,-21.90
102901,312.696473,-32.054450,6.42,1.513,-8.32,-63.27
102993,313.001623,32.848916,6.42,-0.138,0.24,-8.66
105091,319.328309,58.611491,6.42,0.194,-2.93,-2.71
106064,322.249678,17.905908,6.42,1.393,-9.12,0.61
106320,323.011928,-84.809997,6.42,1.405,31.31,-29.78
106564,323.720801,-29.696081,6.42,-0.097,14.34,-15.02
110478,335.684091,-45.947917,6.42,2.231,27.89,-10.92
111601,339.151410,11.696621,6.42,0.027,-13.72,6.11
113904,346.003313,6.616320,6.42,0.417,-28.43,7.44
34,0.099470,26.918238,6.43,0.514,42.20,-53.47
635,1.933732,-2.548686,6.43,-0.146,30.12,2.77
1269,3.978632,61.000197,6.43,0.838,-20.94,-10.28
1821,5.768131,-15.942617,6.43,1.595,76.78,25.04
2889,9.156638,-65.124425,6.43,1.260,41.88,-8.54
2954,9.376827,3.135497,6.43,1.339,90.32,-60.23
3056,9.703110,-25.107766,6.43,1.482,56.47,-21.72
6789,21.847128,-22.338027,6.43,1.122,-1.66,-84.29
7443,23.960832,-39.947007,6.43,0.415,-43.99,-48.95
7597,24.466889,-3.440652,6.43,1.568,26.34,-10.55
8957,28.832061,-60.312386,6.43,0.409,-45.78,-40.39
9655,31.051814,-11.859762,6.43,1.498,55.35,-3.18
10379,33.423381,58.560587,6.43,0.554,-0.08,-0.54
10396,33.473140,-9.064680,6.43,1.415,1.35,20.53
16712,53.754314,60.041377,6.43,0.433,-22.58,21.52
17588,56.512032,24.528006,6.43,-0.020,19.83,-44.38
19509,62.691189,-35.273724,6.43,1.070,-20.06,-26.02
22737,73.377040,-66.675439,6.43,1.640,4.54,10.35
24003,77.402575,69.639556,6.43,1.101,60.42,-63.55
24960,80.182265,2.544730,6.43,1.041,31.60,20.48
26515,84.572587,-50.641041,6.43,-0.047,-0.72,19.10
29525,93.301902,10.627866,6.43,0.663,78.11,-297.10
30741,96.897987,32.563110,6.43,1.264,7.00,-67.56
31850,99.881127,24.599943,6.43,0.523,19.31,90.21
32322,101.216483,-27.342381,6.43,0.550,-6.18,293.89
34608,107.528284,21.248135,6.43,0.880,-174.67,-473.14
35751,110.617904,0.700952,6.43,0.995,38.32,-49.85
37375,115.087581,-11.752518,6.43,1.245,-8.32,-14.00
38316,117.750342,-24.528486,6.43,-0.003,-2.86,-29.17
40474,123.960498,60.380583,6.43,0.210,-16.12,7.62
40656,124.492755,-30.003706,6.43,1.040,30.08,3.81
41547,127.082415,-8.816181,6.43,1.197,15.32,-40.77
43209,132.036611,-42.463463,6.43,-0.178,-13.65,7.00
43623,133.272277,-16.952348,6.43,1.082,-52.57,-50.74
44565,136.199981,-57.852629,6.43,0.288,-25.03,22.71
46810,143.076856,-28.627876,6.43,0.358,-88.84,43.79
46874,143.282131,-39.129169,6.43,0.337,-41.31,39.13
48839,149.432908,-1.941771,6.43,0.700,8.89,8.50
49329,151.035314,3.201283,6.43,0.398,-73.63,-93.76
49929,152.909117,13.355204,6.43,0.468,38.83,-37.05
51984,159.317183,-53.855265,6.43,-0.150,-10.86,2.15
52537,161.135086,-70.855255,6.43,0.227,-47.91,0.18
54703,167.991074,-26.806152,6.43,0.924,-26.98,15.87
55485,170.455631,57.074843,6.43,0.161,-58.31,5.81
55497,170.487950,-77.608348,6.43,0.202,-77.89,-8.36
56500,173.745545,-4.361180,6.43,1.167,-44.54,-45.83
62081,190.859348,-40.177810,6.43,0.242,25.18,-16.14
62448,191.973636,-24.851747,6.43,-0.058,-41.50,36.50
62653,192.571791,22.863569,6.43,1.002,104.67,-66.38
63822,196.207425,73.024952,6.43,0.218,-19.04,9.64
63883,196.378446,-52.115682,6.43,1.690,-51.96,9.01
64108,197.085506,-78.445970,6.43,0.008,-38.85,-24.94
64779,199.134702,19.785217,6.43,0.274,-110.15,29.54
66923,205.727672,-50.790198,6.43,1.671,-8.85,-15.81
67483,207.437435,36.632764,6.43,0.256,-79.76,24.24
67537,207.580802,-39.900834,6.43,0.992,6.70,-8.89
67620,207.836251,-24.389772,6.43,0.703,-580.93,-244.87
68956,211.735343,74.593750,6.43,0.160,-53.19,12.74
69011,211.920159,-48.703959,6.43,0.001,-35.53,-27.73
70451,216.170180,-44.311034,6.43,1.047,-37.34,-41.03
72217,221.545482,-21.175715,6.43,0.603,-56.02,-103.63
75790,232.244539,-28.866812,6.43,0.608,-43.93,-32.87
79164,242.358364,55.828919,6.43,1.076,-32.69,23.18
79203,242.480468,-18.340452,6.43,0.447,-67.44,-69.20
81198,248.782385,-45.244215,6.43,1.346,-30.49,-62.06
83321,255.443174,-51.130917,6.43,0.279,-10.88,-44.83
84780,259.943707,2.139483,6.43,1.487,23.85,23.26
85688,262.667535,38.882171,6.43,0.510,1.19,12.52
85786,262.947352,-33.703081,6.43,1.191,-7.68,-31.45
87427,267.993604,15.326274,6.43,0.997,-6.88,40.23
89347,273.467590,2.393492,6.43,1.545,-1.39,-11.19
90476,276.925386,59.549018,6.43,0.979,45.76,38.51
91533,280.008057,30.849388,6.43,0.900,-13.18,34.23
93210,284.801217,39.217324,6.43,-0.168,-0.16,-1.17
96503,294.290074,29.333712,6.43,-0.087,0.94,-5.15
96856,295.311037,22.452781,6.43,1.481,0.38,-3.45
97144,296.171979,8.726580,6.43,0.940,37.30,-17.50
99158,301.959751,9.399764,6.43,0.463,46.58,28.37
101133,307.499478,45.928194,6.43,1.137,80.51,148.93
102040,310.187780,19.934777,6.43,0.611,119.13,312.24
105193,319.635144,61.184401,6.43,1.543,-7.70,-3.23
106306,322.958942,23.845162,6.43,1.064,8.81,7.07
106363,323.138410,-24.590433,6.43,0.200,68.94,6.21
106419,323.323422,-52.737739,6.43,1.481,-9.72,-14.02
107297,325.992169,22.815394,6.43,1.295,-20.65,-43.48
108133,328.610600,80.308594,6.43,1.453,1.99,-14.49
109408,332.490919,-48.107508,6.43,1.380,68.64,-62.74
111138,337.723946,-26.073569,6.43,1.083,39.22,-75.53
111278,338.147407,20.229945,6.43,0.350,166.66,30.52
112144,340.731032,37.802747,6.43,-0.119,-1.12,-5.30
112300,341.204683,52.517192,6.43,1.541,-5.13,6.61
113445,344.645196,9.357218,6.43,0.640,396.72,-147.73
113750,345.547152,44.572902,6.43,0.959,10.44,-18.02
113852,345.838879,58.563876,6.43,0.898,48.37,-8.91
113994,346.276656,16.563350,6.43,0.886,-186.48,-210.97
114371,347.456383,-14.510536,6.43,0.010,30.15,-6.30
114550,348.051795,-80.912672,6.43,1.498,26.97,-11.45
115709,351.647660,-21.740832,6.43,1.036,57.58,-1.65
115907,352.253314,-44.498036,6.43,1.177,37.63,-13.37
116941,355.561179,44.991757,6.43,1.500,-19.19,-17.28
2178,6.879229,16.025459,6.44,0.230,89.80,9.88
2237,7.088207,-20.334777,6.44,0.594,-118.11,-112.69
4164,13.301640,-24.776973,6.44,0.439,104.49,39.95
4475,14.331386,61.421933,6.44,0.940,60.00,-15.52
5042,16.135867,-33.532788,6.44,1.071,-44.23,-23.51
5315,16.998252,1.994094,6.44,0.847,143.39,-432.84
5743,18.438228,7.578376,6.44,0.492,154.42,-47.11
6140,19.695899,37.386302,6.44,0.233,-8.67,-11.34
6714,21.598176,20.070902,6.44,0.947,55.53,-40.07
7362,23.713795,-3.523809,6.44,1.341,12.52,-33.28
8641,27.859771,-39.835875,6.44,1.094,15.74,-24.70
8688,27.942043,-15.647484,6.44,1.608,13.42,1.47
8847,28.451933,55.597671,6.44,0.185,47.46,-12.98
9706,31.212469,7.735665,6.44,1.114,29.54,-0.24
10830,34.844856,48.955287,6.44,0.427,-98.58,72.43
13257,42.647076,36.948642,6.44,0.617,-8.37,-129.10
15282,49.297693,40.483054,6.44,-0.027,13.90,-31.11
17759,57.027327,24.988485,6.44,1.701,-27.81,-28.15
20661,66.405223,15.941080,6.44,0.509,104.62,-28.83
25368,81.402072,-1.491292,6.44,-0.162,1.46,-0.54
25973,83.140333,57.221617,6.44,0.587,112.04,-224.63
26592,84.786335,41.358853,6.44,1.000,-30.68,-119.51
28138,89.204184,-31.976278,6.44,1.070,3.25,12.68
29788,94.078489,-59.212734,6.44,0.593,-45.52,-316.87
30988,97.549224,-19.214836,6.44,1.683,6.41,-21.99
31241,98.292666,-38.625145,6.44,0.999,-0.98,-18.54
31385,98.693033,7.572500,6.44,-0.010,-16.76,-7.43
31650,99.363713,24.590845,6.44,0.101,-3.94,2.55
33909,105.564491,-43.403869,6.44,-0.039,1.81,-0.31
34066,105.989411,-10.123767,6.44,-0.067,-5.44,0.71
36779,113.464699,51.314201,6.44,1.348,-11.48,-22.56
38963,119.589469,-51.448578,6.44,0.260,-42.61,43.90
40007,122.554650,25.844556,6.44,1.420,-15.12,-30.84
40433,123.846958,-50.449206,6.44,1.520,-16.19,-6.68
40787,124.872992,-34.590147,6.44,-0.079,-8.88,4.31
41306,126.414037,-17.439403,6.44,1.234,-11.58,-0.70
41644,127.374245,-54.211802,6.44,-0.108,-21.12,16.97
42123,128.802005,-39.970555,6.44,0.578,74.22,42.60
44717,136.679829,59.344555,6.44,0.045,-15.25,-14.32
48029,146.858312,11.568177,6.44,0.255,-49.90,-4.83
53157,163.133809,52.503731,6.44,1.114,-58.63,-51.87
53811,165.151385,-53.111869,6.44,1.280,-86.03,15.35
54030,165.817022,-31.960785,6.44,1.616,-42.02,-26.29
54038,165.864028,70.030821,6.44,1.280,10.72,-33.19
54380,166.892271,-48.640038,6.44,1.486,-15.22,23.14
55164,169.412011,-34.737307,6.44,0.408,-27.55,-16.83
55953,171.994438,-35.328849,6.44,1.614,9.18,-0.12
57001,175.285847,-29.196822,6.44,0.651,-305.06,225.64
58810,180.935571,-74.214086,6.44,1.198,-14.15,-4.20
60066,184.758470,26.008371,6.44,0.180,-11.76,-9.05
63297,194.578645,64.925504,6.44,1.150,-18.03,12.06
63849,196.277909,-47.116827,6.44,0.414,-45.87,-34.04
65381,200.987939,-20.924538,6.44,1.101,-37.39,-19.90
65417,201.127241,12.431745,6.44,1.062,-11.74,35.83
67036,206.066784,-51.012406,6.44,-0.106,-29.15,-19.87
69727,214.089195,-6.621518,6.44,0.275,-42.65,-10.49
72135,221.328525,-51.314891,6.44,1.591,-20.48,-14.87
72670,222.875303,-77.175946,6.44,-0.024,-14.27,-9.99
74336,227.895064,-45.277495,6.44,1.039,-14.68,14.90
74775,229.229491,-46.202292,6.44,0.514,-132.80,-26.01
75587,231.634052,54.020327,6.44,0.079,17.91,-13.68
75818,232.330402,-38.634827,6.44,0.351,-32.35,-70.76
80809,247.525327,48.961228,6.44,0.026,-48.37,-56.48
81499,249.698856,-8.618585,6.44,1.806,2.82,-10.16
83834,257.002901,31.206237,6.44,1.285,-3.13,-19.36
85235,261.253756,67.306696,6.44,0.759,-531.00,3.65
85307,261.491000,-1.651904,6.44,0.457,61.73,52.24
86716,265.778603,-33.051275,6.44,1.813,-2.98,-5.48
87224,267.329365,1.961226,6.44,1.236,-7.40,77.12
93371,285.267923,-37.061504,6.44,0.020,-4.72,-20.88
93443,285.455930,22.264377,6.44,0.130,12.57,14.40
94054,287.217776,-55.720144,6.44,1.101,58.45,-115.62
94130,287.415664,-39.827185,6.44,1.064,-4.88,-21.70
95370,291.025211,36.451903,6.44,1.074,5.59,78.49
96546,294.420089,35.022561,6.44,1.559,-7.60,-10.23
97454,297.127145,10.694114,6.44,0.932,-2.29,-5.82
97569,297.472580,-66.813093,6.44,1.482,-0.55,9.84
98253,299.483826,42.260795,6.44,0.095,-5.25,-10.19
98785,300.934726,-22.595652,6.44,0.503,-38.45,23.36
99894,304.025117,4.580920,6.44,0.867,-40.72,-51.16
100714,306.270846,59.600121,6.44,0.094,1.95,-9.68
100876,306.809122,20.476505,6.44,1.030,0.51,-8.32
103154,313.493217,-6.889407,6.44,0.361,26.15,-22.32
104481,317.492733,2.943600,6.44,0.375,20.44,33.59
107445,326.435196,35.857284,6.44,0.997,91.76,11.06
109412,332.500555,-28.292493,6.44,0.147,29.36,24.02
110504,335.779247,55.963236,6.44,2.215,-2.91,-2.42
113705,345.431509,3.531038,6.44,0.970,32.33,-52.74
114096,346.632113,19.910841,6.44,0.544,287.21,4.75
114981,349.319126,45.164318,6.44,1.077,100.63,-62.20
116465,353.983090,24.560987,6.44,1.703,0.95,10.17
116991,355.770949,51.939345,6.44,1.034,30.16,-4.15
117510,357.456705,-25.331290,6.44,0.097,-24.29,-18.90
2846,9.013315,-14.972891,6.45,1.063,-64.72,-59.19
8143,26.181960,-6.766176,6.45,0.864,11.07,4.71
9685,31.146008,-54.881629,6.45,0.386,75.79,-24.72
10623,34.188628,83.561519,6.45,0.951,58.29,-42.97
10795,34.741491,23.167836,6.45,0.376,-17.70,-8.59
11212,36.083735,-25.847498,6.45,1.321,32.59,16.08
11427,36.848183,10.198818,6.45,0.450,-294.97,-202.12
11474,36.999700,1.960880,6.45,0.971,-0.75,-14.22
13036,41.879809,44.272215,6.45,0.637,-0.18,-6.95
13176,42.362197,37.326419,6.45,0.422,-20.31,-3.21
16587,53.384125,58.765351,6.45,0.168,13.07,-45.58
17436,56.026501,-40.660086,6.45,1.059,25.07,-83.56
17558,56.404635,38.676219,6.45,1.195,-30.02,17.90
19590,62.983751,-8.837502,6.45,0.950,61.57,6.96
19725,63.408941,-1.149726,6.45,-0.125,4.63,-4.66
20360,65.406296,-6.284138,6.45,0.056,5.14,-13.89
21666,69.767870,-51.672796,6.45,1.321,13.58,18.12
23419,75.500113,1.608841,6.45,-0.050,-5.37,9.84
24560,79.043995,-11.352564,6.45,0.670,-0.30,4.45
25192,80.845258,28.936839,6.45,-0.040,14.50,-31.92
26104,83.510332,-7.023652,6.45,1.116,-12.36,-40.49
26571,84.739014,26.618094,6.45,0.980,13.55,-10.52
29509,93.248193,6.016290,6.45,1.621,10.79,-13.10
30480,96.110711,-63.428647,6.45,0.660,19.37,-116.00
31359,98.636652,55.353029,6.45,1.554,2.69,5.21
32019,100.337073,28.196644,6.45,1.090,0.58,-2.49
32477,101.673734,-54.695062,6.45,0.858,-42.54,14.08
35326,109.450054,-26.797559,6.45,-0.153,-0.73,1.56
35548,110.028498,15.142972,6.45,0.009,2.59,-18.13
38292,117.677152,-44.579978,6.45,0.899,-9.90,13.61
38686,118.807778,-30.917711,6.45,1.474,-25.93,27.60
39198,120.264366,-6.419082,6.45,0.838,-76.20,-46.23
40397,123.713521,-46.485911,6.45,-0.149,-5.24,7.94
40559,124.224841,84.057689,6.45,0.052,-9.68,-19.14
40749,124.773320,-48.197876,6.45,-0.131,-14.37,9.39
42400,129.686797,-53.090434,6.45,-0.100,-26.06,21.68
42981,131.395164,4.664565,6.45,1.228,43.63,-77.43
45543,139.237723,-11.102943,6.45,1.172,-7.63,-69.25
46143,141.154825,-70.075780,6.45,1.275,-43.00,0.29
47242,144.441423,-3.170608,6.45,0.986,-9.96,-13.85
47868,146.341728,-30.202762,6.45,-0.137,-11.49,4.78
48324,147.758220,13.066257,6.45,1.624,19.73,-7.42
49642,151.985988,-62.221435,6.45,-0.095,-5.93,7.81
50013,153.158738,-19.152808,6.45,0.494,-219.02,-95.75
50606,155.061998,53.779270,6.45,0.580,-88.11,49.87
50887,155.868050,-0.902162,6.45,0.918,65.19,-33.77
52488,160.967773,-60.117788,6.45,-0.017,-6.55,2.03
53260,163.389263,-56.420513,6.45,1.392,-17.46,5.19
53387,163.798247,-20.664972,6.45,1.098,-11.41,3.83
56050,172.313100,-63.553941,6.45,0.320,-6.26,1.29
56508,173.765793,20.441548,6.45,1.010,-58.60,-1.19
62915,193.408836,-4.224509,6.45,1.094,3.82,-62.73
66060,203.143831,-29.565282,6.45,0.438,-77.97,7.92
67548,207.615697,58.539428,6.45,0.094,-21.30,12.18
69012,211.923162,-49.867866,6.45,0.660,-37.28,106.39
69127,212.252490,-10.334599,6.45,1.003,-6.24,21.73
69585,213.648596,13.975255,6.45,1.348,-94.50,80.58
70051,215.036133,30.429144,6.45,0.156,-9.34,-6.68
71510,219.368705,2.277416,6.45,0.560,-36.69,-73.18
73341,224.808079,-37.881183,6.45,-0.080,-18.36,-21.27
75788,232.236792,55.194849,6.45,0.079,-7.74,36.28
75919,232.594915,31.285976,6.45,0.205,-17.99,-18.25
76603,234.666966,-8.791424,6.45,0.505,16.72,-27.28
76651,234.789686,57.924417,6.45,1.102,-5.85,3.87
76736,235.048443,-70.227749,6.45,0.077,-41.39,-55.11
79522,243.410946,-1.475140,6.45,0.997,-52.21,3.07
80324,245.986354,-33.199329,6.45,0.013,-10.65,-27.49
80682,247.088202,67.044012,6.45,1.517,-20.61,-5.17
82418,252.650361,-50.044938,6.45,0.325,-6.35,-3.14
83593,256.270585,43.812239,6.45,0.099,3.30,-0.11
88274,270.392538,-85.214476,6.45,0.437,-4.48,-144.72
89683,274.532175,23.296936,6.45,1.698,11.88,-11.96
90223,276.137951,-49.652514,6.45,0.593,33.03,-150.18
91552,280.050773,38.367179,6.45,0.220,19.27,6.81
91820,280.819046,39.300082,6.45,1.590,-0.70,-6.44
92972,284.113462,-31.689002,6.45,1.223,8.80,-9.48
93733,286.291024,49.923153,6.45,1.348,-7.37,5.44
97572,297.477997,28.439680,6.45,-0.104,1.71,-2.43
98772,300.911708,22.941096,6.45,1.028,-18.84,-15.74
99200,302.085334,-66.354676,6.45,1.587,-9.15,-6.35
100779,306.504785,19.865448,6.45,1.037,31.26,18.93
101558,308.731092,-38.089862,6.45,0.264,18.62,-11.54
101900,309.750784,56.004949,6.45,0.403,-5.51,-40.81
102771,312.322479,64.042269,6.45,0.025,-3.97,-4.81
104296,316.935424,-45.379452,6.45,0.245,31.35,-7.07
104962,318.904896,47.974002,6.45,-0.129,2.21,-2.83
105019,319.074083,-9.214664,6.45,1.612,-7.32,3.53
105390,320.208385,32.452331,6.45,0.802,58.60,-45.18
105819,321.464812,0.534306,6.45,0.162,50.00,13.84
106527,323.641530,22.754651,6.45,0.513,11.73,-53.45
107555,326.753616,70.150943,6.45,-0.007,-10.46,-25.07
108952,331.099309,-29.916538,6.45,1.603,2.82,3.35
109458,332.625770,20.978007,6.45,0.099,-2.83,-9.26
110487,335.709494,36.658917,6.45,1.052,4.71,53.41
112168,340.764184,-8.311431,6.45,0.166,17.25,-3.96
112324,341.265417,58.147383,6.45,0.430,-62.39,-137.19
115915,352.273747,23.048290,6.45,1.088,-34.14,-84.94
117986,358.977633,15.230308,6.45,1.560,80.67,-7.22
118081,359.292229,-20.833609,6.45,0.979,-34.96,-14.00
253,0.782572,-24.145138,6.46,1.176,59.32,-3.14
1402,4.386210,-19.051086,6.46,0.386,20.45,-2.36
1639,5.128841,48.968641,6.46,0.564,8.08,-3.43
4382,14.038009,13.951967,6.46,0.962,-1.91,-2.86
4911,15.756134,47.376195,6.46,0.248,86.92,-15.47
7283,23.452150,89.015718,6.46,0.107,64.92,-32.43
9237,29.691479,-11.300740,6.46,1.128,72.23,-88.47
10309,33.208258,79.691480,6.46,0.240,-22.24,24.50
13347,42.941317,58.314297,6.46,0.104,-32.07,-2.39
15193,48.952704,50.955976,6.46,0.100,30.43,-35.30
17858,57.332190,57.118327,6.46,0.061,28.30,-24.42
18275,58.641397,-52.690330,6.46,0.158,26.97,-39.20
22081,71.241306,-63.229708,6.46,1.077,-9.57,-3.01
22152,71.501609,76.611373,6.46,0.512,74.96,-136.15
23268,75.096728,39.654660,6.46,1.677,0.77,-2.73
26728,85.192468,-10.408664,6.46,-0.127,-1.59,-0.03
29140,92.198835,-6.821393,6.46,0.876,-30.20,8.07
32500,101.743832,-87.024975,6.46,0.429,4.64,4.20
33133,103.487809,38.505086,6.46,-0.044,-0.45,-27.72
33577,104.651639,-56.394766,6.46,0.389,-22.81,-34.06
34350,106.817849,-59.716439,6.46,-0.113,-7.35,9.28
34860,108.204492,27.225060,6.46,0.502,13.25,-97.78
37705,116.031851,2.405443,6.46,0.211,-18.14,-8.60
37996,116.810914,-36.073666,6.46,1.083,-34.73,27.05
38925,119.478296,-40.784361,6.46,0.979,23.32,3.61
40016,122.585719,-49.237360,6.46,-0.140,-10.01,5.24
42462,129.852389,8.017670,6.46,1.080,-29.71,-28.74
42701,130.540958,-11.965973,6.46,0.160,-27.96,-14.40
44509,136.024124,-47.441464,6.46,-0.155,-11.10,5.72
44574,136.229671,32.376987,6.46,0.241,-58.93,-63.60
45305,138.512892,-14.694802,6.46,0.958,-7.10,-16.33
47119,144.028293,74.318876,6.46,-0.083,-15.55,-29.04
50316,154.117184,28.682703,6.46,0.635,-62.33,-92.18
52815,161.973126,-64.262866,6.46,0.008,-15.46,9.65
55133,169.309862,-41.934304,6.46,0.015,-53.86,-9.13
55332,169.961813,-72.958277,6.46,0.004,-41.91,-5.79
56769,174.584876,-63.372751,6.46,0.043,-6.24,1.49
58057,178.608577,-37.749074,6.46,0.528,-331.05,57.19
60353,185.633902,5.305574,6.46,0.567,-166.57,-53.15
61172,188.018354,-32.533732,6.46,0.172,-24.12,-12.03
61738,189.810986,-75.370570,6.46,0.098,-27.07,-10.01
64751,199.059777,19.051716,6.46,0.972,-96.89,7.31
66251,203.678394,76.546708,6.46,1.573,-25.27,0.89
66254,203.681721,-33.310825,6.46,1.250,-52.33,-11.97
66594,204.759638,18.265372,6.46,1.217,-47.37,-20.23
70798,217.181267,-59.197530,6.46,0.111,-6.58,-7.72
71251,218.565420,57.065823,6.46,0.526,217.21,-232.47
74769,229.216018,-47.864497,6.46,0.927,-63.04,-19.50
75294,230.757434,-15.134076,6.46,1.603,0.26,16.29
76456,234.222368,29.991322,6.46,0.433,88.65,-57.38
77042,235.980332,-60.287205,6.46,1.020,-3.36,-5.03
78731,241.088852,-53.710333,6.46,0.006,-3.09,-17.21
80708,247.176466,0.055094,6.46,1.378,-61.70,-98.11
80840,247.625067,-7.514458,6.46,0.371,2.51,2.67
81891,250.911374,-32.105889,6.46,-0.076,-9.40,-23.03
82944,254.254436,-71.111557,6.46,0.260,-8.47,-35.91
83857,257.071175,50.842210,6.46,-0.017,-7.66,25.66
84556,259.273083,-44.778587,6.46,0.187,1.55,-3.48
84883,260.219164,-10.696355,6.46,0.326,51.86,-22.61
85268,261.350595,52.790807,6.46,0.619,-90.90,-50.59
87865,269.232856,-40.305648,6.46,1.411,25.34,2.14
88675,271.538388,-51.743889,6.46,0.172,3.21,-6.45
89920,275.229954,-37.487631,6.46,1.315,-1.66,-7.27
92301,282.189214,-18.601156,6.46,0.902,1.34,2.61
94646,288.889041,18.516328,6.46,1.743,-10.49,10.06
97573,297.482525,27.085171,6.46,0.937,8.86,4.57
98146,299.188181,50.902497,6.46,0.003,10.01,10.63
99270,302.265884,-47.067773,6.46,1.463,41.75,-64.67
100142,304.706967,46.322213,6.46,-0.123,-4.42,-7.89
100332,305.216128,-35.673723,6.46,1.311,36.35,19.26
101911,309.774431,-4.929505,6.46,1.016,-1.68,4.50
104537,317.629003,47.692233,6.46,0.007,-4.08,-3.66
105637,320.951636,37.351498,6.46,1.472,-5.95,-6.86
107409,326.327795,-49.498877,6.46,1.148,71.18,47.71
108632,330.111293,33.005788,6.46,0.463,-14.63,57.44
110055,334.367953,49.126935,6.46,1.046,16.70,9.00
110314,335.161556,58.409853,6.46,0.990,-3.35,21.17
110346,335.250200,26.935181,6.46,1.526,14.05,-7.42
110790,336.689827,37.443719,6.46,-0.132,-0.82,-5.20
111801,339.686260,-28.748185,6.46,1.034,-47.11,-11.75
112986,343.217644,50.412288,6.46,-0.047,15.76,-1.34
113498,344.787496,59.814658,6.46,0.012,5.85,-1.49
113784,345.641954,-36.420806,6.46,0.938,42.54,-30.63
115522,351.016758,-21.774223,6.46,0.433,-66.12,-77.43
117133,356.201529,55.799693,6.46,0.992,28.88,-2.64
410,1.254726,27.674800,6.47,0.946,83.36,-6.57
728,2.250655,28.247556,6.47,0.242,5.90,-5.62
1499,4.673423,-8.052651,6.47,0.674,417.66,-144.20
2707,8.603693,66.750352,6.47,-0.049,23.84,-0.28
3576,11.423751,-16.424205,6.47,0.314,12.04,-6.07
4558,14.578742,21.404503,6.47,0.089,-9.65,-3.49
4801,15.410837,-16.265351,6.47,1.184,72.02,-91.55
10826,34.836611,-2.977061,6.47,0.966,10.33,-239.48
11121,35.777510,-37.576063,6.47,1.592,-6.49,-33.36
13008,41.796419,-22.485654,6.47,0.398,-18.93,-39.47
13429,43.227699,-65.455255,6.47,1.008,-6.45,-14.69
14626,47.225762,62.384596,6.47,0.231,-1.98,-0.22
15800,50.901282,0.910311,6.47,1.154,-5.10,-92.18
16042,51.647339,28.715341,6.47,0.882,41.35,-104.29
17832,57.237130,23.857272,6.47,0.377,46.92,-56.45
17950,57.567101,-1.522635,6.47,0.435,102.33,25.09
18926,60.853114,-20.143793,6.47,-0.178,-0.20,-1.40
19746,63.498875,37.967136,6.47,1.029,-49.28,4.58
20985,67.509603,10.262405,6.47,1.038,-25.03,-78.44
23818,76.790747,-19.392524,6.47,0.648,-41.74,269.68
25059,80.480442,-17.603647,6.47,1.206,6.06,6.33
27116,86.255418,12.888365,6.47,0.234,-19.76,-13.51
27293,86.750232,51.520967,6.47,0.898,-14.08,-39.77
27705,87.998284,-29.449399,6.47,1.473,-1.57,-10.96
30357,95.776541,56.976525,6.47,1.075,-0.62,-72.68
30423,95.945485,-58.543933,6.47,0.120,9.54,25.51
32269,101.053365,-54.695523,6.47,-0.119,-16.64,6.68
32404,101.475832,12.693568,6.47,0.344,-2.18,-2.62
33015,103.196402,-43.975607,6.47,-0.101,2.36,5.37
34177,106.318303,-50.360138,6.47,1.424,-24.40,39.58
34270,106.559597,-68.837577,6.47,1.039,5.46,-1.30
34367,106.853676,28.176696,6.47,-0.081,-7.19,-0.38
35933,111.115204,15.517199,6.47,-0.190,-1.48,-1.52
36211,111.857680,66.331642,6.47,-0.064,-3.27,-28.93
39958,122.396621,29.093095,6.47,0.804,-10.58,-7.91
40342,123.546420,17.675920,6.47,0.331,0.89,14.75
40655,124.482464,-59.166763,6.47,0.397,-49.04,-25.86
42434,129.792102,59.939243,6.47,0.035,-27.41,-48.11
43850,133.977022,-15.439431,6.47,1.393,4.46,-43.44
44825,137.017548,32.540456,6.47,0.375,-80.18,-23.55
46075,140.937175,-37.756964,6.47,0.193,-80.70,26.48
47893,146.419329,-57.186060,6.47,-0.108,-18.69,7.75
48320,147.753335,-80.061096,6.47,0.074,-3.19,15.33
50218,153.776513,31.468075,6.47,0.858,-36.47,-3.65
50728,155.369566,-23.710877,6.47,0.193,-49.88,17.62
52806,161.934730,-59.875257,6.47,-0.121,-15.53,-0.12
54430,167.065710,-29.972455,6.47,0.029,9.04,-12.92
58119,178.808757,36.756490,6.47,1.581,-63.13,-46.03
59489,183.004049,28.536463,6.47,0.428,67.88,-61.87
60210,185.203112,15.540969,6.47,1.025,-51.97,7.80
60418,185.813950,-4.974433,6.47,1.189,30.41,-28.62
62478,192.059851,13.553101,6.47,0.015,-48.47,-33.96
67103,206.304598,55.880221,6.47,0.486,104.91,-358.91
69107,212.192447,59.337699,6.47,1.023,-123.18,-20.76
69773,214.203105,-8.884438,6.47,1.212,-16.93,-14.35
69881,214.502373,-7.541817,6.47,0.723,267.04,-234.99
69958,214.733030,54.863774,6.47,0.183,-18.71,-8.56
74490,228.322608,-24.008274,6.47,-0.026,-22.93,-19.97
74500,228.370521,-25.309164,6.47,0.691,-399.01,-75.10
74690,228.961180,50.938568,6.47,0.854,24.43,-45.91
74695,228.973213,6.464886,6.47,1.308,-9.72,-19.17
79086,242.152210,8.613248,6.47,1.418,-30.26,-29.91
81663,250.235066,-8.309626,6.47,1.147,-11.23,-0.71
81803,250.621277,-37.079148,6.47,0.776,-22.13,-84.23
82091,251.526565,-46.531918,6.47,0.087,-3.28,-32.42
83556,256.140435,-68.278643,6.47,1.570,-7.94,-21.06
85666,262.594362,11.923981,6.47,0.056,11.67,14.06
86060,263.827089,-22.043801,6.47,0.011,-3.25,-8.45
87045,266.783525,47.612223,6.47,0.095,-13.94,6.63
89370,273.568149,-63.689541,6.47,1.414,-26.31,-57.99
91142,278.901982,4.936061,6.47,0.075,30.70,-29.84
91662,280.377895,-48.094407,6.47,1.220,-16.02,-114.52
92608,283.049773,-41.709121,6.47,1.426,-8.87,-30.45
93012,284.227915,-62.801918,6.47,1.535,3.41,5.45
93068,284.368589,58.224916,6.47,0.072,16.42,45.04
93374,285.272625,19.309613,6.47,1.114,8.07,-3.19
94478,288.433425,5.515638,6.47,0.100,7.51,-13.44
96297,293.693068,63.434179,6.47,1.326,10.18,-3.26
96396,293.983118,50.238529,6.47,1.034,-2.16,36.65
96572,294.486171,49.284062,6.47,0.990,36.44,145.53
97244,296.467640,-2.883449,6.47,0.016,-2.71,-1.49
97484,297.209053,-12.319369,6.47,1.676,-0.48,-21.53
97709,297.861843,4.088647,6.47,1.345,-5.62,-6.14
97849,298.276608,-14.603080,6.47,0.149,-0.77,-50.40
98012,298.771300,-33.046249,6.47,1.487,-12.62,-1.27
99024,301.550809,-4.078125,6.47,1.156,51.59,-34.88
99188,302.039884,-52.577748,6.47,0.682,-23.62,-19.32
99624,303.268438,-0.330798,6.47,1.532,-13.81,1.05
99666,303.384921,-47.713130,6.47,1.249,-5.87,-42.80
99719,303.520300,36.604894,6.47,-0.014,10.39,-5.60
99929,304.117303,37.056397,6.47,-0.097,2.56,-0.81
101268,307.901120,34.330501,6.47,0.422,-6.61,-52.64
101339,308.084982,2.132805,6.47,1.514,29.89,1.24
102670,312.076489,-44.196702,6.47,1.161,94.90,-53.31
103596,314.852526,42.324450,6.47,-0.077,16.68,6.45
104441,317.342965,-36.705616,6.47,0.520,32.54,-132.30
104634,317.922144,-14.472378,6.47,0.316,38.52,0.10
105646,320.982744,-25.202428,6.47,1.123,58.02,-23.10
106424,323.337786,-80.039308,6.47,0.044,22.52,-22.09
106550,323.691204,18.328902,6.47,1.254,37.01,11.38
106604,323.857957,68.219251,6.47,-0.083,17.80,15.72
107271,325.915773,7.528794,6.47,1.114,-28.04,-56.51
112305,341.220700,39.201076,6.47,1.498,16.39,-20.04
112895,342.937503,-59.881347,6.47,1.132,-42.35,-4.66
114367,347.436386,-67.876160,6.47,0.394,0.13,-51.30
114408,347.549940,-66.857730,6.47,0.956,236.36,35.10
114686,348.497266,19.633916,6.47,1.151,27.18,-7.35
115756,351.781123,-66.580854,6.47,1.455,-27.38,-12.97
116422,353.869192,1.313198,6.47,1.151,-47.76,-23.21
117445,357.205669,2.214499,6.47,0.461,8.81,-35.15
117551,357.592166,51.621707,6.47,0.403,121.19,-18.10
118116,359.389659,60.023609,6.47,0.029,12.62,-3.82
1948,6.158942,14.315520,6.48,1.161,15.07,-2.60
4786,15.362668,49.544227,6.48,1.099,4.33,-2.68
4844,15.576954,51.034970,6.48,0.122,-4.18,-13.36
9163,29.496792,47.095537,6.48,1.203,7.27,-6.75
10069,32.395089,-24.345683,6.48,0.289,-31.06,-42.03
10633,34.215488,57.055248,6.48,0.281,-0.90,-0.77
12189,39.251816,24.647257,6.48,0.510,137.08,-14.18
12300,39.603126,-37.990394,6.48,0.521,114.20,-62.30
12720,40.870433,-2.531495,6.48,0.981,18.08,17.39
12964,41.687736,-21.639562,6.48,0.387,76.06,16.84
14264,45.986460,47.848495,6.48,0.301,-8.76,-6.13
16697,53.718219,-25.582906,6.48,0.985,51.50,33.44
23695,76.383778,19.806753,6.48,0.219,-10.61,-12.36
24332,78.323133,37.337637,6.48,0.542,-144.76,-135.10
24520,78.911668,-52.182230,6.48,1.213,14.56,21.14
25322,81.247637,73.707200,6.48,1.738,-8.16,-1.00
27353,86.894434,25.568640,6.48,1.193,1.84,-7.11
28180,89.309852,-53.425693,6.48,1.480,9.47,-0.07
28988,91.757607,-45.091622,6.48,1.162,79.69,46.17
29185,92.347643,-49.563014,6.48,0.502,-10.68,74.96
29348,92.806809,60.453527,6.48,1.698,-21.68,-16.27
30706,96.781608,-37.895616,6.48,0.394,-1.38,44.75
30798,97.069878,1.912716,6.48,-0.064,-6.72,-15.28
31736,99.595458,-23.580302,6.48,0.664,-1.90,-8.14
32040,100.407374,35.931991,6.48,0.509,-17.81,-25.90
33453,104.327091,37.394733,6.48,1.673,0.94,-4.09
34297,106.649865,-12.393953,6.48,-0.124,-3.72,1.75
35317,109.427705,38.876336,6.48,0.995,-4.58,-29.33
39348,120.649262,57.273771,6.48,0.649,-38.28,-59.08
40086,122.825135,54.540466,6.48,0.940,47.34,-93.70
40160,123.025258,-43.400450,6.48,1.704,-5.02,4.40
40263,123.340802,-1.165898,6.48,0.918,-28.75,5.39
41904,128.166115,10.066023,6.48,-0.007,5.89,-6.22
41970,128.332786,-38.370690,6.48,-0.153,-10.72,5.73
43152,131.839489,-17.052853,6.48,0.679,-12.09,-10.38
43338,132.437247,-21.048303,6.48,0.256,4.84,-56.61
44888,137.185496,-16.277158,6.48,1.100,5.35,-67.22
44979,137.437486,-49.424314,6.48,0.170,-0.21,-28.74
44984,137.443544,11.564528,6.48,0.355,-44.47,-62.25
45272,138.405296,21.283232,6.48,0.046,-15.48,-10.88
47039,143.799487,-35.823745,6.48,0.417,-73.99,-2.06
48375,147.921655,-11.340410,6.48,1.610,31.70,-39.82
48895,149.608815,27.759068,6.48,0.362,-116.60,-28.35
50069,153.342985,-56.586699,6.48,1.450,-26.39,0.61
50391,154.334171,-46.834943,6.48,0.329,-22.66,0.45
50485,154.637145,43.048634,6.48,0.925,-123.91,-77.74
51883,159.008419,80.494638,6.48,0.963,-18.05,-3.70
53556,164.334249,-69.038062,6.48,0.000,-24.98,2.86
53940,165.557660,-41.114067,6.48,1.474,16.52,-32.13
54388,166.915484,23.323738,6.48,0.164,-17.17,9.83
57092,175.561750,-75.227303,6.48,0.528,43.19,-5.79
57507,176.816614,-30.285957,6.48,0.681,-265.29,-227.49
57749,177.655153,-27.277954,6.48,0.980,-83.31,7.23
58859,181.069736,-51.472489,6.48,-0.046,-34.82,-11.76
59389,182.755076,-68.260934,6.48,1.352,1.43,-13.23
60421,185.828740,-11.812092,6.48,1.640,-51.02,-10.49
62743,192.845551,-10.338211,6.48,1.030,-8.80,-3.41
63204,194.242734,-54.587310,6.48,-0.042,-33.73,-15.37
65372,200.967446,-49.822734,6.48,0.959,-79.89,-31.45
65969,202.888414,-28.112746,6.48,0.090,-77.63,2.12
66326,203.889052,10.205089,6.48,1.043,88.28,-52.58
66385,204.166228,49.486684,6.48,1.175,2.28,-14.83
66405,204.210738,-34.467755,6.48,1.026,-8.21,-34.63
67778,208.285180,40.338002,6.48,1.550,-8.62,-10.37
69778,214.229855,-77.664215,6.48,1.375,-5.86,-2.87
70538,216.449051,-26.852105,6.48,0.941,-4.70,-56.07
73850,226.391243,-30.551068,6.48,0.489,10.60,83.89
73881,226.510071,-48.883368,6.48,-0.137,-2.26,-9.58
76985,235.793929,13.667754,6.48,0.873,-20.16,-35.87
79441,243.189274,26.670660,6.48,0.391,68.89,-31.74
81404,249.390683,5.277556,6.48,1.150,-7.77,-12.50
81800,250.615380,49.936703,6.48,0.541,133.43,-107.77
83090,254.673176,-14.869610,6.48,0.391,-2.07,-25.14
83499,255.986546,-37.844155,6.48,0.263,1.90,4.71
85149,261.009428,38.582696,6.48,0.716,-12.32,35.78
85405,261.791189,-15.853340,6.48,1.146,-6.12,-8.45
86098,263.929480,-37.439792,6.48,0.006,-9.17,-35.55
86510,265.185705,-67.854121,6.48,0.999,-43.14,-20.85
87564,268.325908,-65.488443,6.48,1.086,-22.87,-64.85
87782,268.979007,-18.802105,6.48,0.056,13.03,-20.23
88030,269.717942,45.476155,6.48,-0.064,0.40,26.98
91090,278.697875,10.892001,6.48,0.032,6.87,3.78
92456,282.629888,-13.572243,6.48,1.662,-5.41,-8.02
92866,283.848136,-37.386602,6.48,1.122,7.62,-0.55
93666,286.100632,-5.684843,6.48,2.300,6.15,0.07
95149,290.373749,-34.983223,6.48,0.628,78.88,-108.93
96095,293.058796,-44.546466,6.48,0.526,-138.41,32.77
102276,310.850821,35.587809,6.48,1.251,-6.01,-3.28
104202,316.665779,3.802996,6.48,0.880,94.78,50.31
105046,319.164407,-1.607718,6.48,0.981,23.05,-16.94
107749,327.417068,41.148801,6.48,0.381,-2.93,-5.62
110907,337.046452,27.018887,6.48,0.986,-35.57,-33.43
113283,344.099278,-31.565179,6.48,1.094,330.53,-159.86
115036,349.483297,45.488948,6.48,-0.037,23.93,-10.02
50,0.142871,-53.097663,6.49,0.616,52.98,-20.52
1268,3.978902,-75.911609,6.49,0.983,-17.82,-2.41
3175,10.118987,-16.516598,6.49,0.910,41.94,-32.25
3903,12.515651,-43.394945,6.49,0.286,13.43,9.70
5575,17.870691,10.291923,6.49,0.891,10.94,-6.07
7593,24.446667,64.739356,6.49,0.776,-1.36,0.59
10096,32.451800,-40.866446,6.49,0.430,48.51,-22.51
10273,33.065666,2.745522,6.49,1.039,13.18,12.15
16156,52.047912,-35.853418,6.49,0.126,35.67,-3.29
16177,52.098184,60.255726,6.49,0.014,23.10,-22.31
16695,53.704564,6.417733,6.49,0.642,-23.43,-17.03
16779,53.988541,-5.124944,6.49,1.091,-5.41,-4.08
17214,55.307293,-11.802490,6.49,0.377,81.07,29.82
17493,56.210275,-48.061118,6.49,1.011,20.00,-74.20
19222,61.794678,74.000517,6.49,0.977,26.52,-65.22
19434,62.429320,3.322845,6.49,0.443,-50.92,-60.89
21517,69.311585,18.543048,6.49,0.810,-3.76,-6.77
22003,70.951137,32.865567,6.49,0.311,-45.70,-44.52
23724,76.503875,35.936420,6.49,0.184,-17.02,-13.03
24348,78.380381,62.691130,6.49,0.204,-37.36,0.83
24507,78.853680,-73.588489,6.49,0.150,-22.29,5.85
24832,79.848850,33.985431,6.49,0.256,26.56,-4.32
24881,80.009659,44.425430,6.49,1.331,0.19,-19.25
25011,80.330449,4.011978,6.49,-0.089,-1.62,-12.18
25180,80.799918,-26.705489,6.49,0.505,21.51,22.95
25301,81.186671,36.199967,6.49,1.645,-0.22,-8.97
25732,82.423305,-0.802417,6.49,0.251,48.34,-39.16
26623,84.878490,-9.706607,6.49,-0.107,5.51,-8.86
27346,86.884397,63.598800,6.49,1.010,-11.23,19.70
28634,90.687970,47.809304,6.49,0.567,32.23,92.58
30141,95.146545,-23.637804,6.49,1.132,-20.73,-65.68
32746,102.434579,37.512730,6.49,1.553,-22.86,7.30
33754,105.163913,-9.202971,6.49,0.142,-0.87,1.64
34238,106.465063,70.731940,6.49,1.568,31.28,-6.71
35946,111.154640,-71.470756,6.49,0.120,7.69,40.95
38209,117.419996,-19.505484,6.49,1.234,-59.12,-14.15
38303,117.712948,4.459396,6.49,0.944,-15.07,48.39
38349,117.813936,37.082154,6.49,1.510,-2.06,-28.19
40299,123.440243,-46.578695,6.49,-0.159,-8.26,4.32
41426,126.740974,-52.704841,6.49,0.419,-92.33,-45.15
41905,128.168805,-47.042131,6.49,1.293,-13.29,9.61
43528,132.981672,-40.986598,6.49,-0.106,-9.48,5.78
43573,133.108936,-32.509303,6.49,1.451,-11.92,-8.01
44148,134.862053,13.074408,6.49,1.462,-17.85,-7.02
45170,138.074440,14.995441,6.49,0.731,-524.47,245.13
46879,143.296924,45.513853,6.49,1.141,-15.63,-39.14
47779,146.125017,18.863626,6.49,1.158,-0.18,-55.15
48023,146.842520,23.647692,6.49,1.093,-16.06,-2.37
51047,156.437496,35.425571,6.49,1.089,-107.01,-58.05
51852,158.911919,-18.569006,6.49,0.199,5.20,11.63
55846,171.690607,3.012660,6.49,0.778,-726.28,181.91
56388,173.401389,2.499072,6.49,1.601,22.92,-15.94
56716,174.426303,77.595694,6.49,1.610,1.81,2.15
56816,174.704670,64.346963,6.49,0.154,12.47,1.05
58450,179.789066,-10.475971,6.49,1.450,-9.02,30.93
58512,179.989188,34.034670,6.49,0.243,-40.68,32.12
59021,181.521871,-32.960759,6.49,0.623,-77.55,-194.27
64375,197.913519,-26.551726,6.49,0.193,-71.84,1.55
64797,199.211113,17.017816,6.49,0.926,631.21,-260.84
65682,202.007846,-26.402225,6.49,1.608,-3.27,-4.19
65723,202.109301,40.729786,6.49,0.927,12.44,-57.56
66522,204.532765,14.301962,6.49,0.274,41.01,-14.98
66613,204.812181,51.804200,6.49,1.378,-14.84,5.60
68184,209.383737,61.492335,6.49,1.040,-32.32,216.48
68413,210.072790,-61.480943,6.49,0.333,-64.45,-35.22
70452,216.170405,-11.669647,6.49,0.417,-75.18,-22.86
70501,216.323451,-13.353170,6.49,1.223,-58.49,3.02
71295,218.711328,-20.439378,6.49,0.139,16.64,-1.46
71494,219.301782,-53.060749,6.49,1.447,-10.75,-15.90
72508,222.384864,51.374498,6.49,0.401,15.19,2.19
74044,226.983966,-61.128659,6.49,0.432,-0.47,-5.81
74391,228.050153,-19.106424,6.49,1.507,-40.75,-23.77
75324,230.854182,-46.140393,6.49,0.945,-28.16,-9.24
75736,232.086183,-88.132814,6.49,0.303,-88.78,-80.65
76048,232.959339,-32.881061,6.49,0.065,-18.86,-21.18
76198,233.469731,17.137478,6.49,0.341,-49.20,-48.72
77235,236.553724,-28.061427,6.49,0.332,-63.36,-22.14
80719,247.204115,-8.128673,6.49,0.410,-55.59,-69.96
82723,253.631475,-49.710790,6.49,1.466,0.24,-4.45
85317,261.520195,58.651862,6.49,0.139,-8.81,13.74
90509,277.026443,-84.387234,6.49,-0.035,13.15,-9.13
90729,277.673505,20.815687,6.49,0.795,16.29,-263.84
91132,278.838801,-20.840439,6.49,0.280,28.68,-1.39
91369,279.518670,-14.004762,6.49,0.189,-0.63,-7.79
91394,279.599147,-3.193722,6.49,0.553,6.47,33.59
91707,280.533696,34.746316,6.49,-0.116,-0.17,-3.66
92296,282.164532,-6.004389,6.49,0.242,8.29,31.96
93209,284.795693,-39.534636,6.49,-0.040,-3.83,-31.53
93238,284.871979,-70.468367,6.49,0.305,-3.89,-117.69
96771,295.054967,60.507131,6.49,0.212,3.27,-6.93
97607,297.572833,7.902428,6.49,-0.086,-1.08,-3.96
97967,298.658585,-8.236974,6.49,-0.040,4.02,-30.20
98038,298.831210,-6.734638,6.49,0.391,16.21,-58.74
98458,300.063993,26.187904,6.49,1.132,1.42,-7.01
99294,302.343205,56.026873,6.49,0.938,-10.73,-18.39
100250,304.983515,46.837305,6.49,-0.084,-1.61,5.78
100379,305.368588,-66.749697,6.49,0.505,-140.22,3.15
100651,306.134818,53.551903,6.49,-0.025,8.31,12.62
101505,308.541579,20.985197,6.49,-0.138,6.76,-4.72
102496,311.577408,-36.120025,6.49,0.433,40.22,-52.07
107299,325.996486,-57.325119,6.49,0.484,-116.86,-52.55
107710,327.283849,66.792193,6.49,0.391,-20.83,-66.26
112432,341.617565,-49.685120,6.49,1.162,86.51,-275.57
112533,341.898774,-65.560235,6.49,1.208,-30.76,-6.88
114937,349.207709,-41.194433,6.49,1.070,-26.09,15.43
115121,349.763686,-28.387871,6.49,1.535,15.77,10.11
116781,355.011763,37.652838,6.49,0.355,-7.18,-80.08
117571,357.648465,-47.377015,6.49,1.025,7.84,29.73
128,0.413765,73.611877,6.50,0.182,75.54,-12.36
1009,3.142016,44.707248,6.50,1.112,98.84,-21.64
1331,4.176448,-20.210057,6.50,-0.108,-6.96,-1.53
6429,20.645068,-0.449644,6.50,1.079,23.47,-11.95
6687,21.468037,-3.927327,6.50,1.348,60.72,-26.32
9951,32.023739,-41.880393,6.50,0.205,-16.15,-11.27
10361,33.389626,53.058592,6.50,1.661,1.19,-1.35
10854,34.919828,-4.345581,6.50,0.082,31.58,3.25
11644,37.556974,-25.186517,6.50,0.294,80.35,30.95
14791,47.753351,64.896302,6.50,0.163,-48.97,-14.77
15884,51.150873,-51.062705,6.50,0.003,-7.37,19.71
16425,52.876150,40.760036,6.50,0.243,25.20,-41.93
17026,54.750262,20.915848,6.50,0.151,-4.67,-34.27
17298,55.541318,-45.957921,6.50,0.522,-72.55,13.51
21053,67.694736,16.148751,6.50,0.428,98.20,-22.75
22923,73.993175,5.399058,6.50,0.025,-18.89,-13.98
25911,82.949994,85.938715,6.50,0.360,17.27,-76.90
26054,83.364188,32.801319,6.50,0.094,-4.42,-57.35
27164,86.373301,31.324869,6.50,1.100,6.18,-18.05
28656,90.767942,57.018425,6.50,0.953,9.31,-45.55
30700,96.753659,-4.355649,6.50,-0.155,-4.99,-4.12
31977,100.239844,-71.775093,6.50,1.110,22.13,-40.85
34234,106.456841,-10.660083,6.50,-0.062,-2.65,1.21
34763,107.945174,16.976424,6.50,1.423,10.90,-32.91
37293,114.862436,-26.863095,6.50,-0.094,-3.96,-3.19
37634,115.838359,4.945801,6.50,1.356,-23.34,-16.04
37934,116.614423,62.830671,6.50,0.262,-36.98,-61.01
38403,118.016221,45.933098,6.50,0.213,-32.72,-44.65
39094,119.964137,36.082095,6.50,1.561,-26.72,-8.09
39730,121.816805,-17.368809,6.50,1.246,-45.53,26.72
40878,125.121497,53.574352,6.50,0.300,-64.92,-107.12
41572,127.150240,-23.070986,6.50,0.060,-30.13,1.96
41833,127.922135,18.987784,6.50,1.496,-25.79,-21.50
46566,142.449454,55.745336,6.50,0.394,-132.20,-42.17
46891,143.326327,28.368018,6.50,0.128,-42.12,-32.31
47521,145.319846,55.866575,6.50,1.150,-30.50,-34.63
47664,145.779156,54.363785,6.50,0.121,-31.87,-33.61
48469,148.250438,-55.373217,6.50,-0.145,-12.65,3.72
49052,150.144091,-56.946165,6.50,0.979,-53.08,23.35
49477,151.530265,-52.187978,6.50,0.997,-55.35,16.15
50693,155.283241,-17.984888,6.50,0.402,-30.52,-29.14
52103,159.689143,-59.262420,6.50,-0.098,-14.26,-0.18
55645,170.985599,-57.880394,6.50,1.504,10.90,-17.88
59742,183.776746,-29.237193,6.50,1.086,-28.60,-26.31
62600,192.408546,48.740048,6.50,1.135,-15.66,-7.49
63647,195.668567,59.716330,6.50,0.055,-29.47,-9.75
64530,198.399757,36.887581,6.50,1.616,3.03,0.25
65530,201.501530,63.260739,6.50,0.739,-392.63,220.51
69704,214.010032,45.566111,6.50,1.041,-17.33,64.59
70236,215.558447,29.369984,6.50,1.440,-38.76,-26.30
72518,222.404423,-68.936158,6.50,-0.101,-9.73,-13.35
73156,224.265039,21.555485,6.50,0.015,-24.50,-26.98
74441,228.196645,10.702468,6.50,1.274,-38.87,-67.32
74895,229.594242,0.939452,6.50,1.600,35.04,-17.46
75272,230.688286,-29.341907,6.50,1.011,30.42,-11.43
79208,242.496641,-62.967007,6.50,0.231,-12.76,-60.72
79834,244.430694,1.496717,6.50,1.128,-16.09,-1.26
83202,255.059414,-44.988468,6.50,0.403,-16.18,-33.05
84700,259.715761,-62.874519,6.50,1.087,-58.55,-23.97
84856,260.143316,-19.333399,6.50,0.578,-138.67,-142.80
89104,272.779841,60.409521,6.50,-0.002,-6.36,4.43
90398,276.670530,26.449231,6.50,-0.107,1.66,-6.19
90437,276.786932,-8.040431,6.50,1.054,2.53,10.05
92487,282.744363,-41.062678,6.50,-0.075,4.85,-3.69
93053,284.322232,62.396872,6.50,0.927,5.86,-40.72
94604,288.782955,83.462729,6.50,0.108,12.36,7.02
94910,289.701701,19.610476,6.50,-0.006,-0.29,0.44
95453,291.256300,-4.884555,6.50,0.340,35.58,7.88
96601,294.574143,20.783473,6.50,1.037,-6.81,-33.84
97819,298.162971,-54.976453,6.50,0.100,6.30,3.72
98661,300.592108,22.151486,6.50,0.127,-5.10,-11.44
101467,308.452313,41.772821,6.50,0.994,-1.36,-67.14
102370,311.137835,69.751901,6.50,0.973,-28.44,-36.10
102414,311.304672,-27.247298,6.50,0.946,-0.60,7.43
102804,312.407047,50.127070,6.50,1.624,-12.85,4.95
103822,315.587320,39.509032,6.50,1.510,2.01,1.09
103871,315.702569,45.848899,6.50,-0.124,2.48,-3.89
103889,315.748427,-0.924747,6.50,-0.094,7.26,1.10
106643,324.021199,15.082210,6.50,0.940,-82.80,-88.95
108268,329.014266,-52.463666,6.50,0.925,22.07,-38.62
108513,329.748517,19.020384,6.50,1.013,76.56,-33.65
109079,331.460157,45.112512,6.50,-0.025,13.08,-3.32
109691,333.291724,18.279901,6.50,1.374,3.91,-36.30
109788,333.576881,17.189566,6.50,1.288,-82.75,-91.39
116106,352.880827,-4.086937,6.50,0.531,178.65,-192.79
